

insert into "CMCODE_AREA"("AREA_NO","AREA_DESC","ORD") values ('431','长春市','1');
insert into "CMCODE_AREA"("AREA_NO","AREA_DESC","ORD") values ('432','吉林市','2');
insert into "CMCODE_AREA"("AREA_NO","AREA_DESC","ORD") values ('433','延边市','3');
insert into "CMCODE_AREA"("AREA_NO","AREA_DESC","ORD") values ('434','四平市','4');
insert into "CMCODE_AREA"("AREA_NO","AREA_DESC","ORD") values ('435','通化市','5');
insert into "CMCODE_AREA"("AREA_NO","AREA_DESC","ORD") values ('436','白城市','6');
insert into "CMCODE_AREA"("AREA_NO","AREA_DESC","ORD") values ('437','辽源市','7');
insert into "CMCODE_AREA"("AREA_NO","AREA_DESC","ORD") values ('438','松原市','8');
insert into "CMCODE_AREA"("AREA_NO","AREA_DESC","ORD") values ('439','白山市','9');


insert into "CMCODE_CITY"("AREA_NO","CITY_NO","CITY_DESC","ORD","AREA_DESC") values ('431','43104','长春.农安','43104','长春');
insert into "CMCODE_CITY"("AREA_NO","CITY_NO","CITY_DESC","ORD","AREA_DESC") values ('431','43105','长春.双阳','43105','长春');
insert into "CMCODE_CITY"("AREA_NO","CITY_NO","CITY_DESC","ORD","AREA_DESC") values ('531','43104','长春.农安','43104','长春');
insert into "CMCODE_CITY"("AREA_NO","CITY_NO","CITY_DESC","ORD","AREA_DESC") values ('531','43105','长春.双阳','43105','长春');
insert into "CMCODE_CITY"("AREA_NO","CITY_NO","CITY_DESC","ORD","AREA_DESC") values ('531','43101','长春.长春市','43101','长春');
insert into "CMCODE_CITY"("AREA_NO","CITY_NO","CITY_DESC","ORD","AREA_DESC") values ('531','43102','长春.德惠','43102','长春');
insert into "CMCODE_CITY"("AREA_NO","CITY_NO","CITY_DESC","ORD","AREA_DESC") values ('531','43103','长春.九台','43103','长春');
insert into "CMCODE_CITY"("AREA_NO","CITY_NO","CITY_DESC","ORD","AREA_DESC") values ('531','43106','长春.榆树','43106','长春');
insert into "CMCODE_CITY"("AREA_NO","CITY_NO","CITY_DESC","ORD","AREA_DESC") values ('431','43101','长春.长春市','43101','长春');
insert into "CMCODE_CITY"("AREA_NO","CITY_NO","CITY_DESC","ORD","AREA_DESC") values ('431','43102','长春.德惠','43102','长春');
insert into "CMCODE_CITY"("AREA_NO","CITY_NO","CITY_DESC","ORD","AREA_DESC") values ('431','43103','长春.九台','43103','长春');
insert into "CMCODE_CITY"("AREA_NO","CITY_NO","CITY_DESC","ORD","AREA_DESC") values ('431','43106','长春.榆树','43106','长春');
insert into "CMCODE_CITY"("AREA_NO","CITY_NO","CITY_DESC","ORD","AREA_DESC") values ('432','43201','吉林.吉林市','43201','吉林');
insert into "CMCODE_CITY"("AREA_NO","CITY_NO","CITY_DESC","ORD","AREA_DESC") values ('432','43202','吉林.磐石','43202','吉林');
insert into "CMCODE_CITY"("AREA_NO","CITY_NO","CITY_DESC","ORD","AREA_DESC") values ('432','43203','吉林.舒兰','43203','吉林');
insert into "CMCODE_CITY"("AREA_NO","CITY_NO","CITY_DESC","ORD","AREA_DESC") values ('432','43204','吉林.永吉','43204','吉林');
insert into "CMCODE_CITY"("AREA_NO","CITY_NO","CITY_DESC","ORD","AREA_DESC") values ('432','43205','吉林.桦甸','43205','吉林');
insert into "CMCODE_CITY"("AREA_NO","CITY_NO","CITY_DESC","ORD","AREA_DESC") values ('432','43206','吉林.蛟河','43206','吉林');
insert into "CMCODE_CITY"("AREA_NO","CITY_NO","CITY_DESC","ORD","AREA_DESC") values ('433','43301','延边.延吉','43301','延边');
insert into "CMCODE_CITY"("AREA_NO","CITY_NO","CITY_DESC","ORD","AREA_DESC") values ('433','43302','延边.敦化','43302','延边');
insert into "CMCODE_CITY"("AREA_NO","CITY_NO","CITY_DESC","ORD","AREA_DESC") values ('433','43303','延边.和龙','43303','延边');
insert into "CMCODE_CITY"("AREA_NO","CITY_NO","CITY_DESC","ORD","AREA_DESC") values ('433','43304','延边.龙井','43304','延边');
insert into "CMCODE_CITY"("AREA_NO","CITY_NO","CITY_DESC","ORD","AREA_DESC") values ('433','43305','延边.图们','43305','延边');
insert into "CMCODE_CITY"("AREA_NO","CITY_NO","CITY_DESC","ORD","AREA_DESC") values ('433','43306','延边.汪清','43306','延边');
insert into "CMCODE_CITY"("AREA_NO","CITY_NO","CITY_DESC","ORD","AREA_DESC") values ('433','43307','延边.安图','43307','延边');
insert into "CMCODE_CITY"("AREA_NO","CITY_NO","CITY_DESC","ORD","AREA_DESC") values ('433','43308','延边.珲春','43308','延边');
insert into "CMCODE_CITY"("AREA_NO","CITY_NO","CITY_DESC","ORD","AREA_DESC") values ('434','43401','四平.四平市','43401','四平');
insert into "CMCODE_CITY"("AREA_NO","CITY_NO","CITY_DESC","ORD","AREA_DESC") values ('434','43402','四平.梨树','43402','四平');
insert into "CMCODE_CITY"("AREA_NO","CITY_NO","CITY_DESC","ORD","AREA_DESC") values ('434','43403','四平.双辽','43403','四平');
insert into "CMCODE_CITY"("AREA_NO","CITY_NO","CITY_DESC","ORD","AREA_DESC") values ('434','43404','四平.公主岭','43404','四平');
insert into "CMCODE_CITY"("AREA_NO","CITY_NO","CITY_DESC","ORD","AREA_DESC") values ('434','43405','四平.伊通','43405','四平');
insert into "CMCODE_CITY"("AREA_NO","CITY_NO","CITY_DESC","ORD","AREA_DESC") values ('435','43501','通化.通化市','43501','通化');
insert into "CMCODE_CITY"("AREA_NO","CITY_NO","CITY_DESC","ORD","AREA_DESC") values ('435','43502','通化.集安','43502','通化');
insert into "CMCODE_CITY"("AREA_NO","CITY_NO","CITY_DESC","ORD","AREA_DESC") values ('435','43503','通化.柳河','43503','通化');
insert into "CMCODE_CITY"("AREA_NO","CITY_NO","CITY_DESC","ORD","AREA_DESC") values ('435','43504','通化.梅河口','43504','通化');
insert into "CMCODE_CITY"("AREA_NO","CITY_NO","CITY_DESC","ORD","AREA_DESC") values ('435','43505','通化.辉南','43505','通化');
insert into "CMCODE_CITY"("AREA_NO","CITY_NO","CITY_DESC","ORD","AREA_DESC") values ('435','43506','通化.通化县','43506','通化');
insert into "CMCODE_CITY"("AREA_NO","CITY_NO","CITY_DESC","ORD","AREA_DESC") values ('436','43601','白城.白城市','43601','白城');
insert into "CMCODE_CITY"("AREA_NO","CITY_NO","CITY_DESC","ORD","AREA_DESC") values ('436','43602','白城.大安','43602','白城');
insert into "CMCODE_CITY"("AREA_NO","CITY_NO","CITY_DESC","ORD","AREA_DESC") values ('436','43603','白城.通榆','43603','白城');
insert into "CMCODE_CITY"("AREA_NO","CITY_NO","CITY_DESC","ORD","AREA_DESC") values ('436','43604','白城.镇赉','43604','白城');
insert into "CMCODE_CITY"("AREA_NO","CITY_NO","CITY_DESC","ORD","AREA_DESC") values ('436','43605','白城.洮南','43605','白城');
insert into "CMCODE_CITY"("AREA_NO","CITY_NO","CITY_DESC","ORD","AREA_DESC") values ('437','43701','辽源.辽源市','43701','辽源');
insert into "CMCODE_CITY"("AREA_NO","CITY_NO","CITY_DESC","ORD","AREA_DESC") values ('437','43702','辽源.东辽','43702','辽源');
insert into "CMCODE_CITY"("AREA_NO","CITY_NO","CITY_DESC","ORD","AREA_DESC") values ('437','43703','辽源.东丰','43703','辽源');
insert into "CMCODE_CITY"("AREA_NO","CITY_NO","CITY_DESC","ORD","AREA_DESC") values ('438','43801','松原.松原市','43801','松原');
insert into "CMCODE_CITY"("AREA_NO","CITY_NO","CITY_DESC","ORD","AREA_DESC") values ('438','43802','松原.扶余','43802','松原');
insert into "CMCODE_CITY"("AREA_NO","CITY_NO","CITY_DESC","ORD","AREA_DESC") values ('438','43803','松原.乾安','43803','松原');
insert into "CMCODE_CITY"("AREA_NO","CITY_NO","CITY_DESC","ORD","AREA_DESC") values ('438','43804','松原.长岭','43804','松原');
insert into "CMCODE_CITY"("AREA_NO","CITY_NO","CITY_DESC","ORD","AREA_DESC") values ('439','43901','白山.白山市','43901','白山');
insert into "CMCODE_CITY"("AREA_NO","CITY_NO","CITY_DESC","ORD","AREA_DESC") values ('439','43902','白山.长白','43902','白山');
insert into "CMCODE_CITY"("AREA_NO","CITY_NO","CITY_DESC","ORD","AREA_DESC") values ('439','43903','白山.抚松','43903','白山');
insert into "CMCODE_CITY"("AREA_NO","CITY_NO","CITY_DESC","ORD","AREA_DESC") values ('439','43904','白山.江源','43904','白山');
insert into "CMCODE_CITY"("AREA_NO","CITY_NO","CITY_DESC","ORD","AREA_DESC") values ('439','43905','白山.靖宇','43905','白山');
insert into "CMCODE_CITY"("AREA_NO","CITY_NO","CITY_DESC","ORD","AREA_DESC") values ('439','43906','白山.临江','43906','白山');

insert into "D_SUBSYSTEM"("SUBSYSTEM_ID","SUBSYSTEM_NAME","SUBSYSTEM_ADDRESS","SUBSYSTEM_IP","SIMULATION_ADDRESS","STATE","ORD","CONTACTS","PHONE","E_MAIL","SUBSYSTEM_ADDRESS2","SUBSYSTEM_IP2","REMARK","CREATE_USER","CREATE_TIME","MODIFY_USER","MODIFY_TIME") values ('金元宝','金元宝','金元宝','','','1',1,'','','','','','','101','2016-10-28','101','2016-10-28');
insert into "D_SUBSYSTEM"("SUBSYSTEM_ID","SUBSYSTEM_NAME","SUBSYSTEM_ADDRESS","SUBSYSTEM_IP","SIMULATION_ADDRESS","STATE","ORD","CONTACTS","PHONE","E_MAIL","SUBSYSTEM_ADDRESS2","SUBSYSTEM_IP2","REMARK","CREATE_USER","CREATE_TIME","MODIFY_USER","MODIFY_TIME") values ('w','wz','wz','','','0',1,'','','','','','','101','2016-10-27','101','2016-10-27');
insert into "D_SUBSYSTEM"("SUBSYSTEM_ID","SUBSYSTEM_NAME","SUBSYSTEM_ADDRESS","SUBSYSTEM_IP","SIMULATION_ADDRESS","STATE","ORD","CONTACTS","PHONE","E_MAIL","SUBSYSTEM_ADDRESS2","SUBSYSTEM_IP2","REMARK","CREATE_USER","CREATE_TIME","MODIFY_USER","MODIFY_TIME") values ('z','qz','qz','','','0',1,'','','','','','','101','2016-10-27','101','2016-10-27');
insert into "D_SUBSYSTEM"("SUBSYSTEM_ID","SUBSYSTEM_NAME","SUBSYSTEM_ADDRESS","SUBSYSTEM_IP","SIMULATION_ADDRESS","STATE","ORD","CONTACTS","PHONE","E_MAIL","SUBSYSTEM_ADDRESS2","SUBSYSTEM_IP2","REMARK","CREATE_USER","CREATE_TIME","MODIFY_USER","MODIFY_TIME") values ('q','qz','qz','','','0',1,'','','','','','','101','2016-10-27','101','2016-10-27');
insert into "D_SUBSYSTEM"("SUBSYSTEM_ID","SUBSYSTEM_NAME","SUBSYSTEM_ADDRESS","SUBSYSTEM_IP","SIMULATION_ADDRESS","STATE","ORD","CONTACTS","PHONE","E_MAIL","SUBSYSTEM_ADDRESS2","SUBSYSTEM_IP2","REMARK","CREATE_USER","CREATE_TIME","MODIFY_USER","MODIFY_TIME") values ('123','测试','http://localhost:8080/eframe_oracle/pages/frame/Frame.jsp','','','1',1,'','','','http://localhost:8080/eframe_oracle/pages/frame/Frame.jsp','','','101','2016-10-28',null,null);

insert into "E_DEPARTMENT"("DEPART_CODE","DEPART_DESC","PARENT_CODE") values ('1','a','0');
insert into "E_DEPARTMENT"("DEPART_CODE","DEPART_DESC","PARENT_CODE") values ('2','b','1');
insert into "E_DEPARTMENT"("DEPART_CODE","DEPART_DESC","PARENT_CODE") values ('3','c','2');

insert into "E_EXPORT_QUEUE_DATA"("ID","QUEUE_DATA") values ('BIG_DATA_QUEUE_TYPE','[]');
insert into "E_EXPORT_QUEUE_DATA"("ID","QUEUE_DATA") values ('SMALL_DATA_QUEUE_TYPE','[]');


insert into "E_EXPORT_STATUS"("STATUS_ID","STATUS_NAME","ORD") values ('5','下载',5);
insert into "E_EXPORT_STATUS"("STATUS_ID","STATUS_NAME","ORD") values ('99','错误',99);
insert into "E_EXPORT_STATUS"("STATUS_ID","STATUS_NAME","ORD") values ('1','队列中',1);
insert into "E_EXPORT_STATUS"("STATUS_ID","STATUS_NAME","ORD") values ('2','生成中',2);
insert into "E_EXPORT_STATUS"("STATUS_ID","STATUS_NAME","ORD") values ('3','取消生成',3);
insert into "E_EXPORT_STATUS"("STATUS_ID","STATUS_NAME","ORD") values ('4','生成完成',4);


insert into "E_EXT_DATASOURCE"("DS_CN_NAME","DS_NAME","DB_TYPE","DS_TYPE","DRIVER_CLASS_NAME","URL","USER_NAME","PASSWORD","INITIAL_SIZE","MIN_IDLE","MAX_IDLE","MAX_ACTIVE","MAX_WAIT","REMOVE_ABANDONED","REMOVE_ABANDONED_TIMEOUT","TIME_BWT_EVN_MILLIS","TEST_WHILE_IDLE","VALIDATION_QUERY","STATUS","CREATE_TIME","CREATE_USER") values ('db2测试','db2_test','db2','dbcp','com.ibm.db2.jcc.DB2Driver','jdbc:db2://103.44.145.245:26820/SAMPLE','pk','woshishui','10','5','50','50','600000','true','300','3600000','true','select 1 from dual','1','20161201194456','101');




insert into "E_IND_EXP"("IND_ID","IND_NAME") values ('511','啊那啊');
insert into "E_IND_EXP"("IND_ID","IND_NAME") values ('504','测试11');
insert into "E_IND_EXP"("IND_ID","IND_NAME") values ('507','于洋');


insert into "E_IND_EXP_DETAILS"("ID","IND_ID","IND_TYPE_CODE","BUS_EXP","SKILL_EXP","OTHER_EXP","ORD","DEPARTMENT_CODE","FACTORY_CON","MAINTE_MAN","CREATE_MAN","CREATE_TIME","UPDATE_MAN","UPDATE_TIME","IND_CODE") values ('505','504','1','测试11','测试11','测试11','0','3','问问','11','101','2016-10-28-16.59.00','101','2016-10-28-16.59.00','503');
insert into "E_IND_EXP_DETAILS"("ID","IND_ID","IND_TYPE_CODE","BUS_EXP","SKILL_EXP","OTHER_EXP","ORD","DEPARTMENT_CODE","FACTORY_CON","MAINTE_MAN","CREATE_MAN","CREATE_TIME","UPDATE_MAN","UPDATE_TIME","IND_CODE") values ('508','507','1','于洋','于洋','于洋','0','3','1','1','101','2016-10-28-17.05.51','101','2016-10-28-17.05.51','506');
insert into "E_IND_EXP_DETAILS"("ID","IND_ID","IND_TYPE_CODE","BUS_EXP","SKILL_EXP","OTHER_EXP","ORD","DEPARTMENT_CODE","FACTORY_CON","MAINTE_MAN","CREATE_MAN","CREATE_TIME","UPDATE_MAN","UPDATE_TIME","IND_CODE") values ('512','511','1','啊那啊','啊那啊','啊那啊','0','3','啊那啊','啊那啊','101','2016-10-28-18.00.00','101','2016-10-28-18.00.00','510');


insert into "E_IND_TYPE"("IND_TYPE_CODE","IND_TYPE_DESC") values ('1','用户数');
insert into "E_IND_TYPE"("IND_TYPE_CODE","IND_TYPE_DESC") values ('2','收入类');
insert into "E_IND_TYPE"("IND_TYPE_CODE","IND_TYPE_DESC") values ('3','业务量');

insert into "E_POST_ROLE"("POST_ID","ROLE_CODE") values ('518','503');
insert into "E_POST_ROLE"("POST_ID","ROLE_CODE") values ('518','508');
insert into "E_POST_ROLE"("POST_ID","ROLE_CODE") values ('519','502');
insert into "E_POST_ROLE"("POST_ID","ROLE_CODE") values ('519','507');
insert into "E_POST_ROLE"("POST_ID","ROLE_CODE") values ('520','0');
insert into "E_POST_ROLE"("POST_ID","ROLE_CODE") values ('520','502');
insert into "E_POST_ROLE"("POST_ID","ROLE_CODE") values ('520','507');


insert into "E_RESOURCES_TYPE"("RESOURCES_TYPE_ID","RESOURCES_TYPE_NAME","ORD") values (1,'系统菜单',1);
insert into "E_RESOURCES_TYPE"("RESOURCES_TYPE_ID","RESOURCES_TYPE_NAME","ORD") values (3,'页面链接',3);


insert into "E_ROLE"("ROLE_CODE","PARENT_CODE","ROLE_NAME","MEMO","ORD","SUBSYSTEM_ID","CREATED_USER","CREATED_DATE","MODIFIED_USER","MODIFIED_DATE") values ('607','507','村支书','村支书2',2,'-1','101','2016-10-27','101','2016-10-27 13:57:44');
insert into "E_ROLE"("ROLE_CODE","PARENT_CODE","ROLE_NAME","MEMO","ORD","SUBSYSTEM_ID","CREATED_USER","CREATED_DATE","MODIFIED_USER","MODIFIED_DATE") values ('1','0','稽核会计','稽核会计',5,'-1',null,null,'101','20161101164807');
insert into "E_ROLE"("ROLE_CODE","PARENT_CODE","ROLE_NAME","MEMO","ORD","SUBSYSTEM_ID","CREATED_USER","CREATED_DATE","MODIFIED_USER","MODIFIED_DATE") values ('641','1','出纳','aaa',1,'-1','400','20161101164526','101','20161101164834');
insert into "E_ROLE"("ROLE_CODE","PARENT_CODE","ROLE_NAME","MEMO","ORD","SUBSYSTEM_ID","CREATED_USER","CREATED_DATE","MODIFIED_USER","MODIFIED_DATE") values ('0','-1','root',null,0,'aaa',null,null,null,null);
insert into "E_ROLE"("ROLE_CODE","PARENT_CODE","ROLE_NAME","MEMO","ORD","SUBSYSTEM_ID","CREATED_USER","CREATED_DATE","MODIFIED_USER","MODIFIED_DATE") values ('502','0','管理员角色',null,0,'-1','101','2016-04-18','101','2016-04-18');
insert into "E_ROLE"("ROLE_CODE","PARENT_CODE","ROLE_NAME","MEMO","ORD","SUBSYSTEM_ID","CREATED_USER","CREATED_DATE","MODIFIED_USER","MODIFIED_DATE") values ('503','502','全局管理员',null,1,'-1','101','2016-04-18',null,null);
insert into "E_ROLE"("ROLE_CODE","PARENT_CODE","ROLE_NAME","MEMO","ORD","SUBSYSTEM_ID","CREATED_USER","CREATED_DATE","MODIFIED_USER","MODIFIED_DATE") values ('504','502','局部管理员',null,2,'-1','101','2016-04-18',null,null);
insert into "E_ROLE"("ROLE_CODE","PARENT_CODE","ROLE_NAME","MEMO","ORD","SUBSYSTEM_ID","CREATED_USER","CREATED_DATE","MODIFIED_USER","MODIFIED_DATE") values ('508','507','办公室主任','办公室主任',1,'-1','101','2016-04-18','101','2016-10-27 14:00:21');
insert into "E_ROLE"("ROLE_CODE","PARENT_CODE","ROLE_NAME","MEMO","ORD","SUBSYSTEM_ID","CREATED_USER","CREATED_DATE","MODIFIED_USER","MODIFIED_DATE") values ('507','0','普通用户角色',null,0,'-1','101','2016-04-18','101','2016-04-18');
insert into "E_ROLE"("ROLE_CODE","PARENT_CODE","ROLE_NAME","MEMO","ORD","SUBSYSTEM_ID","CREATED_USER","CREATED_DATE","MODIFIED_USER","MODIFIED_DATE") values ('610','507','总司令','总司令',2,'-1','101','2016-10-27 13:36:26','101','2016-10-27 18:47:39');
insert into "E_ROLE"("ROLE_CODE","PARENT_CODE","ROLE_NAME","MEMO","ORD","SUBSYSTEM_ID","CREATED_USER","CREATED_DATE","MODIFIED_USER","MODIFIED_DATE") values ('611','507','总经理','总经理',4,'-1','101','2016-10-27 13:40:01',null,null);
insert into "E_ROLE"("ROLE_CODE","PARENT_CODE","ROLE_NAME","MEMO","ORD","SUBSYSTEM_ID","CREATED_USER","CREATED_DATE","MODIFIED_USER","MODIFIED_DATE") values ('642','1','助理会计','',2,'-1','101','20161101164909','101','20161103100105');
insert into "E_ROLE"("ROLE_CODE","PARENT_CODE","ROLE_NAME","MEMO","ORD","SUBSYSTEM_ID","CREATED_USER","CREATED_DATE","MODIFIED_USER","MODIFIED_DATE") values ('620','0','于洋','',2,'w','101','2016-10-28 16:46:30','101','20161103100417');


insert into "E_ROLE_PERMISSION"("ROLE_CODE","MENU_ID","AUTH_CREATE","AUTH_READ","AUTH_UPDATE","AUTH_DELETE","AUTH_EXPORT","AUTH_ISSUED") values ('20','3048',0,0,0,0,0,0);
insert into "E_ROLE_PERMISSION"("ROLE_CODE","MENU_ID","AUTH_CREATE","AUTH_READ","AUTH_UPDATE","AUTH_DELETE","AUTH_EXPORT","AUTH_ISSUED") values ('20','3039',0,0,0,0,0,0);
insert into "E_ROLE_PERMISSION"("ROLE_CODE","MENU_ID","AUTH_CREATE","AUTH_READ","AUTH_UPDATE","AUTH_DELETE","AUTH_EXPORT","AUTH_ISSUED") values ('20','3044',0,0,0,0,0,0);
insert into "E_ROLE_PERMISSION"("ROLE_CODE","MENU_ID","AUTH_CREATE","AUTH_READ","AUTH_UPDATE","AUTH_DELETE","AUTH_EXPORT","AUTH_ISSUED") values ('20','72',0,0,0,0,0,0);
insert into "E_ROLE_PERMISSION"("ROLE_CODE","MENU_ID","AUTH_CREATE","AUTH_READ","AUTH_UPDATE","AUTH_DELETE","AUTH_EXPORT","AUTH_ISSUED") values ('20','3141',0,0,0,0,0,0);
insert into "E_ROLE_PERMISSION"("ROLE_CODE","MENU_ID","AUTH_CREATE","AUTH_READ","AUTH_UPDATE","AUTH_DELETE","AUTH_EXPORT","AUTH_ISSUED") values ('20','1269',0,0,0,0,0,0);
insert into "E_ROLE_PERMISSION"("ROLE_CODE","MENU_ID","AUTH_CREATE","AUTH_READ","AUTH_UPDATE","AUTH_DELETE","AUTH_EXPORT","AUTH_ISSUED") values ('20','121',0,0,0,0,0,0);
insert into "E_ROLE_PERMISSION"("ROLE_CODE","MENU_ID","AUTH_CREATE","AUTH_READ","AUTH_UPDATE","AUTH_DELETE","AUTH_EXPORT","AUTH_ISSUED") values ('1','3385',0,1,0,0,0,null);
insert into "E_ROLE_PERMISSION"("ROLE_CODE","MENU_ID","AUTH_CREATE","AUTH_READ","AUTH_UPDATE","AUTH_DELETE","AUTH_EXPORT","AUTH_ISSUED") values ('1','3201',0,1,0,0,0,null);
insert into "E_ROLE_PERMISSION"("ROLE_CODE","MENU_ID","AUTH_CREATE","AUTH_READ","AUTH_UPDATE","AUTH_DELETE","AUTH_EXPORT","AUTH_ISSUED") values ('1','3262',0,1,0,0,0,null);
insert into "E_ROLE_PERMISSION"("ROLE_CODE","MENU_ID","AUTH_CREATE","AUTH_READ","AUTH_UPDATE","AUTH_DELETE","AUTH_EXPORT","AUTH_ISSUED") values ('1','3365',0,1,0,0,0,null);
insert into "E_ROLE_PERMISSION"("ROLE_CODE","MENU_ID","AUTH_CREATE","AUTH_READ","AUTH_UPDATE","AUTH_DELETE","AUTH_EXPORT","AUTH_ISSUED") values ('1','3263',0,1,0,0,0,null);
insert into "E_ROLE_PERMISSION"("ROLE_CODE","MENU_ID","AUTH_CREATE","AUTH_READ","AUTH_UPDATE","AUTH_DELETE","AUTH_EXPORT","AUTH_ISSUED") values ('1','3361',0,1,0,0,0,null);
insert into "E_ROLE_PERMISSION"("ROLE_CODE","MENU_ID","AUTH_CREATE","AUTH_READ","AUTH_UPDATE","AUTH_DELETE","AUTH_EXPORT","AUTH_ISSUED") values ('1','881',0,1,0,0,0,null);
insert into "E_ROLE_PERMISSION"("ROLE_CODE","MENU_ID","AUTH_CREATE","AUTH_READ","AUTH_UPDATE","AUTH_DELETE","AUTH_EXPORT","AUTH_ISSUED") values ('503','72',1,1,1,0,0,0);
insert into "E_ROLE_PERMISSION"("ROLE_CODE","MENU_ID","AUTH_CREATE","AUTH_READ","AUTH_UPDATE","AUTH_DELETE","AUTH_EXPORT","AUTH_ISSUED") values ('503','3141',1,1,1,0,0,0);
insert into "E_ROLE_PERMISSION"("ROLE_CODE","MENU_ID","AUTH_CREATE","AUTH_READ","AUTH_UPDATE","AUTH_DELETE","AUTH_EXPORT","AUTH_ISSUED") values ('503','2322',1,1,1,0,0,0);
insert into "E_ROLE_PERMISSION"("ROLE_CODE","MENU_ID","AUTH_CREATE","AUTH_READ","AUTH_UPDATE","AUTH_DELETE","AUTH_EXPORT","AUTH_ISSUED") values ('503','1269',1,1,1,0,0,0);
insert into "E_ROLE_PERMISSION"("ROLE_CODE","MENU_ID","AUTH_CREATE","AUTH_READ","AUTH_UPDATE","AUTH_DELETE","AUTH_EXPORT","AUTH_ISSUED") values ('503','581',1,1,1,0,0,0);
insert into "E_ROLE_PERMISSION"("ROLE_CODE","MENU_ID","AUTH_CREATE","AUTH_READ","AUTH_UPDATE","AUTH_DELETE","AUTH_EXPORT","AUTH_ISSUED") values ('42','0',0,1,0,0,0,0);
insert into "E_ROLE_PERMISSION"("ROLE_CODE","MENU_ID","AUTH_CREATE","AUTH_READ","AUTH_UPDATE","AUTH_DELETE","AUTH_EXPORT","AUTH_ISSUED") values ('42','0',0,1,0,0,0,0);
insert into "E_ROLE_PERMISSION"("ROLE_CODE","MENU_ID","AUTH_CREATE","AUTH_READ","AUTH_UPDATE","AUTH_DELETE","AUTH_EXPORT","AUTH_ISSUED") values ('503','3414',1,1,1,0,0,0);
insert into "E_ROLE_PERMISSION"("ROLE_CODE","MENU_ID","AUTH_CREATE","AUTH_READ","AUTH_UPDATE","AUTH_DELETE","AUTH_EXPORT","AUTH_ISSUED") values ('504','3467',1,1,1,1,1,0);
insert into "E_ROLE_PERMISSION"("ROLE_CODE","MENU_ID","AUTH_CREATE","AUTH_READ","AUTH_UPDATE","AUTH_DELETE","AUTH_EXPORT","AUTH_ISSUED") values ('504','0',0,0,0,0,0,0);
insert into "E_ROLE_PERMISSION"("ROLE_CODE","MENU_ID","AUTH_CREATE","AUTH_READ","AUTH_UPDATE","AUTH_DELETE","AUTH_EXPORT","AUTH_ISSUED") values ('504','3466',1,1,1,1,1,0);
insert into "E_ROLE_PERMISSION"("ROLE_CODE","MENU_ID","AUTH_CREATE","AUTH_READ","AUTH_UPDATE","AUTH_DELETE","AUTH_EXPORT","AUTH_ISSUED") values ('504','1269',0,0,0,0,0,0);
insert into "E_ROLE_PERMISSION"("ROLE_CODE","MENU_ID","AUTH_CREATE","AUTH_READ","AUTH_UPDATE","AUTH_DELETE","AUTH_EXPORT","AUTH_ISSUED") values ('504','1262',0,0,0,0,0,0);
insert into "E_ROLE_PERMISSION"("ROLE_CODE","MENU_ID","AUTH_CREATE","AUTH_READ","AUTH_UPDATE","AUTH_DELETE","AUTH_EXPORT","AUTH_ISSUED") values ('504','1264',0,0,0,0,0,0);
insert into "E_ROLE_PERMISSION"("ROLE_CODE","MENU_ID","AUTH_CREATE","AUTH_READ","AUTH_UPDATE","AUTH_DELETE","AUTH_EXPORT","AUTH_ISSUED") values ('504','1263',0,0,0,0,0,0);
insert into "E_ROLE_PERMISSION"("ROLE_CODE","MENU_ID","AUTH_CREATE","AUTH_READ","AUTH_UPDATE","AUTH_DELETE","AUTH_EXPORT","AUTH_ISSUED") values ('504','1268',0,0,0,0,0,0);
insert into "E_ROLE_PERMISSION"("ROLE_CODE","MENU_ID","AUTH_CREATE","AUTH_READ","AUTH_UPDATE","AUTH_DELETE","AUTH_EXPORT","AUTH_ISSUED") values ('504','72',0,0,0,0,0,0);
insert into "E_ROLE_PERMISSION"("ROLE_CODE","MENU_ID","AUTH_CREATE","AUTH_READ","AUTH_UPDATE","AUTH_DELETE","AUTH_EXPORT","AUTH_ISSUED") values ('508','3467',1,1,1,1,1,0);
insert into "E_ROLE_PERMISSION"("ROLE_CODE","MENU_ID","AUTH_CREATE","AUTH_READ","AUTH_UPDATE","AUTH_DELETE","AUTH_EXPORT","AUTH_ISSUED") values ('508','0',1,1,1,1,1,1);
insert into "E_ROLE_PERMISSION"("ROLE_CODE","MENU_ID","AUTH_CREATE","AUTH_READ","AUTH_UPDATE","AUTH_DELETE","AUTH_EXPORT","AUTH_ISSUED") values ('508','3466',1,1,1,1,1,0);
insert into "E_ROLE_PERMISSION"("ROLE_CODE","MENU_ID","AUTH_CREATE","AUTH_READ","AUTH_UPDATE","AUTH_DELETE","AUTH_EXPORT","AUTH_ISSUED") values ('0','3471',1,1,1,1,1,1);
insert into "E_ROLE_PERMISSION"("ROLE_CODE","MENU_ID","AUTH_CREATE","AUTH_READ","AUTH_UPDATE","AUTH_DELETE","AUTH_EXPORT","AUTH_ISSUED") values ('0','3492',1,1,1,1,1,1);
insert into "E_ROLE_PERMISSION"("ROLE_CODE","MENU_ID","AUTH_CREATE","AUTH_READ","AUTH_UPDATE","AUTH_DELETE","AUTH_EXPORT","AUTH_ISSUED") values ('503','0',1,1,1,1,1,1);
insert into "E_ROLE_PERMISSION"("ROLE_CODE","MENU_ID","AUTH_CREATE","AUTH_READ","AUTH_UPDATE","AUTH_DELETE","AUTH_EXPORT","AUTH_ISSUED") values ('503','3510',1,1,1,1,1,null);
insert into "E_ROLE_PERMISSION"("ROLE_CODE","MENU_ID","AUTH_CREATE","AUTH_READ","AUTH_UPDATE","AUTH_DELETE","AUTH_EXPORT","AUTH_ISSUED") values ('503','1262',1,1,1,0,0,0);
insert into "E_ROLE_PERMISSION"("ROLE_CODE","MENU_ID","AUTH_CREATE","AUTH_READ","AUTH_UPDATE","AUTH_DELETE","AUTH_EXPORT","AUTH_ISSUED") values ('503','1269',1,1,1,0,0,0);
insert into "E_ROLE_PERMISSION"("ROLE_CODE","MENU_ID","AUTH_CREATE","AUTH_READ","AUTH_UPDATE","AUTH_DELETE","AUTH_EXPORT","AUTH_ISSUED") values ('503','1263',1,1,1,0,0,0);
insert into "E_ROLE_PERMISSION"("ROLE_CODE","MENU_ID","AUTH_CREATE","AUTH_READ","AUTH_UPDATE","AUTH_DELETE","AUTH_EXPORT","AUTH_ISSUED") values ('503','1264',1,1,1,0,0,0);
insert into "E_ROLE_PERMISSION"("ROLE_CODE","MENU_ID","AUTH_CREATE","AUTH_READ","AUTH_UPDATE","AUTH_DELETE","AUTH_EXPORT","AUTH_ISSUED") values ('503','1268',1,1,1,0,0,0);
insert into "E_ROLE_PERMISSION"("ROLE_CODE","MENU_ID","AUTH_CREATE","AUTH_READ","AUTH_UPDATE","AUTH_DELETE","AUTH_EXPORT","AUTH_ISSUED") values ('503','68',1,1,1,0,0,0);
insert into "E_ROLE_PERMISSION"("ROLE_CODE","MENU_ID","AUTH_CREATE","AUTH_READ","AUTH_UPDATE","AUTH_DELETE","AUTH_EXPORT","AUTH_ISSUED") values ('504','3141',0,0,0,0,0,0);
insert into "E_ROLE_PERMISSION"("ROLE_CODE","MENU_ID","AUTH_CREATE","AUTH_READ","AUTH_UPDATE","AUTH_DELETE","AUTH_EXPORT","AUTH_ISSUED") values ('0','3466',1,1,1,1,1,1);
insert into "E_ROLE_PERMISSION"("ROLE_CODE","MENU_ID","AUTH_CREATE","AUTH_READ","AUTH_UPDATE","AUTH_DELETE","AUTH_EXPORT","AUTH_ISSUED") values ('0','3467',1,1,1,1,1,1);
insert into "E_ROLE_PERMISSION"("ROLE_CODE","MENU_ID","AUTH_CREATE","AUTH_READ","AUTH_UPDATE","AUTH_DELETE","AUTH_EXPORT","AUTH_ISSUED") values ('0','3468',1,1,1,1,1,1);
insert into "E_ROLE_PERMISSION"("ROLE_CODE","MENU_ID","AUTH_CREATE","AUTH_READ","AUTH_UPDATE","AUTH_DELETE","AUTH_EXPORT","AUTH_ISSUED") values ('0','3469',1,1,1,1,1,1);
insert into "E_ROLE_PERMISSION"("ROLE_CODE","MENU_ID","AUTH_CREATE","AUTH_READ","AUTH_UPDATE","AUTH_DELETE","AUTH_EXPORT","AUTH_ISSUED") values ('503','69',1,1,1,0,0,0);
insert into "E_ROLE_PERMISSION"("ROLE_CODE","MENU_ID","AUTH_CREATE","AUTH_READ","AUTH_UPDATE","AUTH_DELETE","AUTH_EXPORT","AUTH_ISSUED") values ('503','72',1,1,1,0,0,0);
insert into "E_ROLE_PERMISSION"("ROLE_CODE","MENU_ID","AUTH_CREATE","AUTH_READ","AUTH_UPDATE","AUTH_DELETE","AUTH_EXPORT","AUTH_ISSUED") values ('503','81',1,1,1,0,0,0);
insert into "E_ROLE_PERMISSION"("ROLE_CODE","MENU_ID","AUTH_CREATE","AUTH_READ","AUTH_UPDATE","AUTH_DELETE","AUTH_EXPORT","AUTH_ISSUED") values ('503','581',1,1,1,0,0,0);
insert into "E_ROLE_PERMISSION"("ROLE_CODE","MENU_ID","AUTH_CREATE","AUTH_READ","AUTH_UPDATE","AUTH_DELETE","AUTH_EXPORT","AUTH_ISSUED") values ('503','2322',1,1,1,0,0,0);
insert into "E_ROLE_PERMISSION"("ROLE_CODE","MENU_ID","AUTH_CREATE","AUTH_READ","AUTH_UPDATE","AUTH_DELETE","AUTH_EXPORT","AUTH_ISSUED") values ('503','0',1,1,1,1,1,1);
insert into "E_ROLE_PERMISSION"("ROLE_CODE","MENU_ID","AUTH_CREATE","AUTH_READ","AUTH_UPDATE","AUTH_DELETE","AUTH_EXPORT","AUTH_ISSUED") values ('503','3141',1,1,1,0,0,0);
insert into "E_ROLE_PERMISSION"("ROLE_CODE","MENU_ID","AUTH_CREATE","AUTH_READ","AUTH_UPDATE","AUTH_DELETE","AUTH_EXPORT","AUTH_ISSUED") values ('503','3414',1,1,1,0,0,0);
insert into "E_ROLE_PERMISSION"("ROLE_CODE","MENU_ID","AUTH_CREATE","AUTH_READ","AUTH_UPDATE","AUTH_DELETE","AUTH_EXPORT","AUTH_ISSUED") values ('503','1262',1,1,1,0,0,0);
insert into "E_ROLE_PERMISSION"("ROLE_CODE","MENU_ID","AUTH_CREATE","AUTH_READ","AUTH_UPDATE","AUTH_DELETE","AUTH_EXPORT","AUTH_ISSUED") values ('503','68',1,1,1,0,0,0);
insert into "E_ROLE_PERMISSION"("ROLE_CODE","MENU_ID","AUTH_CREATE","AUTH_READ","AUTH_UPDATE","AUTH_DELETE","AUTH_EXPORT","AUTH_ISSUED") values ('503','69',1,1,1,0,0,0);
insert into "E_ROLE_PERMISSION"("ROLE_CODE","MENU_ID","AUTH_CREATE","AUTH_READ","AUTH_UPDATE","AUTH_DELETE","AUTH_EXPORT","AUTH_ISSUED") values ('503','1263',1,1,1,0,0,0);
insert into "E_ROLE_PERMISSION"("ROLE_CODE","MENU_ID","AUTH_CREATE","AUTH_READ","AUTH_UPDATE","AUTH_DELETE","AUTH_EXPORT","AUTH_ISSUED") values ('503','81',1,1,1,0,0,0);
insert into "E_ROLE_PERMISSION"("ROLE_CODE","MENU_ID","AUTH_CREATE","AUTH_READ","AUTH_UPDATE","AUTH_DELETE","AUTH_EXPORT","AUTH_ISSUED") values ('503','1264',1,1,1,0,0,0);
insert into "E_ROLE_PERMISSION"("ROLE_CODE","MENU_ID","AUTH_CREATE","AUTH_READ","AUTH_UPDATE","AUTH_DELETE","AUTH_EXPORT","AUTH_ISSUED") values ('503','1268',1,1,1,0,0,0);
insert into "E_ROLE_PERMISSION"("ROLE_CODE","MENU_ID","AUTH_CREATE","AUTH_READ","AUTH_UPDATE","AUTH_DELETE","AUTH_EXPORT","AUTH_ISSUED") values ('504','2322',0,0,0,0,0,0);
insert into "E_ROLE_PERMISSION"("ROLE_CODE","MENU_ID","AUTH_CREATE","AUTH_READ","AUTH_UPDATE","AUTH_DELETE","AUTH_EXPORT","AUTH_ISSUED") values ('504','1269',0,0,0,0,0,0);
insert into "E_ROLE_PERMISSION"("ROLE_CODE","MENU_ID","AUTH_CREATE","AUTH_READ","AUTH_UPDATE","AUTH_DELETE","AUTH_EXPORT","AUTH_ISSUED") values ('504','1262',0,0,0,0,0,0);
insert into "E_ROLE_PERMISSION"("ROLE_CODE","MENU_ID","AUTH_CREATE","AUTH_READ","AUTH_UPDATE","AUTH_DELETE","AUTH_EXPORT","AUTH_ISSUED") values ('504','581',0,0,0,0,0,0);
insert into "E_ROLE_PERMISSION"("ROLE_CODE","MENU_ID","AUTH_CREATE","AUTH_READ","AUTH_UPDATE","AUTH_DELETE","AUTH_EXPORT","AUTH_ISSUED") values ('504','68',0,0,0,0,0,0);
insert into "E_ROLE_PERMISSION"("ROLE_CODE","MENU_ID","AUTH_CREATE","AUTH_READ","AUTH_UPDATE","AUTH_DELETE","AUTH_EXPORT","AUTH_ISSUED") values ('504','69',0,0,0,0,0,0);
insert into "E_ROLE_PERMISSION"("ROLE_CODE","MENU_ID","AUTH_CREATE","AUTH_READ","AUTH_UPDATE","AUTH_DELETE","AUTH_EXPORT","AUTH_ISSUED") values ('504','1263',0,0,0,0,0,0);
insert into "E_ROLE_PERMISSION"("ROLE_CODE","MENU_ID","AUTH_CREATE","AUTH_READ","AUTH_UPDATE","AUTH_DELETE","AUTH_EXPORT","AUTH_ISSUED") values ('504','81',0,0,0,0,0,0);
insert into "E_ROLE_PERMISSION"("ROLE_CODE","MENU_ID","AUTH_CREATE","AUTH_READ","AUTH_UPDATE","AUTH_DELETE","AUTH_EXPORT","AUTH_ISSUED") values ('504','3414',0,0,0,0,0,0);
insert into "E_ROLE_PERMISSION"("ROLE_CODE","MENU_ID","AUTH_CREATE","AUTH_READ","AUTH_UPDATE","AUTH_DELETE","AUTH_EXPORT","AUTH_ISSUED") values ('504','1264',0,0,0,0,0,0);
insert into "E_ROLE_PERMISSION"("ROLE_CODE","MENU_ID","AUTH_CREATE","AUTH_READ","AUTH_UPDATE","AUTH_DELETE","AUTH_EXPORT","AUTH_ISSUED") values ('504','1268',0,0,0,0,0,0);
insert into "E_ROLE_PERMISSION"("ROLE_CODE","MENU_ID","AUTH_CREATE","AUTH_READ","AUTH_UPDATE","AUTH_DELETE","AUTH_EXPORT","AUTH_ISSUED") values ('0','3494',1,1,1,1,1,1);
insert into "E_ROLE_PERMISSION"("ROLE_CODE","MENU_ID","AUTH_CREATE","AUTH_READ","AUTH_UPDATE","AUTH_DELETE","AUTH_EXPORT","AUTH_ISSUED") values ('0','3495',1,1,1,1,1,1);
insert into "E_ROLE_PERMISSION"("ROLE_CODE","MENU_ID","AUTH_CREATE","AUTH_READ","AUTH_UPDATE","AUTH_DELETE","AUTH_EXPORT","AUTH_ISSUED") values ('0','3496',1,1,1,1,1,1);
insert into "E_ROLE_PERMISSION"("ROLE_CODE","MENU_ID","AUTH_CREATE","AUTH_READ","AUTH_UPDATE","AUTH_DELETE","AUTH_EXPORT","AUTH_ISSUED") values ('0','3497',1,1,1,1,1,1);
insert into "E_ROLE_PERMISSION"("ROLE_CODE","MENU_ID","AUTH_CREATE","AUTH_READ","AUTH_UPDATE","AUTH_DELETE","AUTH_EXPORT","AUTH_ISSUED") values ('0','3472',1,1,1,1,1,1);
insert into "E_ROLE_PERMISSION"("ROLE_CODE","MENU_ID","AUTH_CREATE","AUTH_READ","AUTH_UPDATE","AUTH_DELETE","AUTH_EXPORT","AUTH_ISSUED") values ('0','3509',1,1,1,1,1,1);
insert into "E_ROLE_PERMISSION"("ROLE_CODE","MENU_ID","AUTH_CREATE","AUTH_READ","AUTH_UPDATE","AUTH_DELETE","AUTH_EXPORT","AUTH_ISSUED") values ('0','3383',1,1,1,1,1,1);
insert into "E_ROLE_PERMISSION"("ROLE_CODE","MENU_ID","AUTH_CREATE","AUTH_READ","AUTH_UPDATE","AUTH_DELETE","AUTH_EXPORT","AUTH_ISSUED") values ('0','3405',1,1,1,1,1,1);
insert into "E_ROLE_PERMISSION"("ROLE_CODE","MENU_ID","AUTH_CREATE","AUTH_READ","AUTH_UPDATE","AUTH_DELETE","AUTH_EXPORT","AUTH_ISSUED") values ('0','774',0,1,0,0,0,0);
insert into "E_ROLE_PERMISSION"("ROLE_CODE","MENU_ID","AUTH_CREATE","AUTH_READ","AUTH_UPDATE","AUTH_DELETE","AUTH_EXPORT","AUTH_ISSUED") values ('0','68',0,1,0,0,0,0);
insert into "E_ROLE_PERMISSION"("ROLE_CODE","MENU_ID","AUTH_CREATE","AUTH_READ","AUTH_UPDATE","AUTH_DELETE","AUTH_EXPORT","AUTH_ISSUED") values ('0','1411',0,1,0,0,0,0);
insert into "E_ROLE_PERMISSION"("ROLE_CODE","MENU_ID","AUTH_CREATE","AUTH_READ","AUTH_UPDATE","AUTH_DELETE","AUTH_EXPORT","AUTH_ISSUED") values ('0','1323',0,1,0,0,0,0);
insert into "E_ROLE_PERMISSION"("ROLE_CODE","MENU_ID","AUTH_CREATE","AUTH_READ","AUTH_UPDATE","AUTH_DELETE","AUTH_EXPORT","AUTH_ISSUED") values ('0','1446',0,1,0,0,0,1);
insert into "E_ROLE_PERMISSION"("ROLE_CODE","MENU_ID","AUTH_CREATE","AUTH_READ","AUTH_UPDATE","AUTH_DELETE","AUTH_EXPORT","AUTH_ISSUED") values ('0','1264',0,1,0,0,0,0);
insert into "E_ROLE_PERMISSION"("ROLE_CODE","MENU_ID","AUTH_CREATE","AUTH_READ","AUTH_UPDATE","AUTH_DELETE","AUTH_EXPORT","AUTH_ISSUED") values ('0','1268',0,1,0,0,0,0);
insert into "E_ROLE_PERMISSION"("ROLE_CODE","MENU_ID","AUTH_CREATE","AUTH_READ","AUTH_UPDATE","AUTH_DELETE","AUTH_EXPORT","AUTH_ISSUED") values ('0','907',0,1,0,0,0,0);
insert into "E_ROLE_PERMISSION"("ROLE_CODE","MENU_ID","AUTH_CREATE","AUTH_READ","AUTH_UPDATE","AUTH_DELETE","AUTH_EXPORT","AUTH_ISSUED") values ('0','908',0,1,0,0,0,0);
insert into "E_ROLE_PERMISSION"("ROLE_CODE","MENU_ID","AUTH_CREATE","AUTH_READ","AUTH_UPDATE","AUTH_DELETE","AUTH_EXPORT","AUTH_ISSUED") values ('0','746',0,1,0,0,0,0);
insert into "E_ROLE_PERMISSION"("ROLE_CODE","MENU_ID","AUTH_CREATE","AUTH_READ","AUTH_UPDATE","AUTH_DELETE","AUTH_EXPORT","AUTH_ISSUED") values ('0','1181',0,1,0,0,0,0);
insert into "E_ROLE_PERMISSION"("ROLE_CODE","MENU_ID","AUTH_CREATE","AUTH_READ","AUTH_UPDATE","AUTH_DELETE","AUTH_EXPORT","AUTH_ISSUED") values ('0','1383',0,1,0,0,0,0);
insert into "E_ROLE_PERMISSION"("ROLE_CODE","MENU_ID","AUTH_CREATE","AUTH_READ","AUTH_UPDATE","AUTH_DELETE","AUTH_EXPORT","AUTH_ISSUED") values ('0','621',0,1,0,0,0,0);
insert into "E_ROLE_PERMISSION"("ROLE_CODE","MENU_ID","AUTH_CREATE","AUTH_READ","AUTH_UPDATE","AUTH_DELETE","AUTH_EXPORT","AUTH_ISSUED") values ('0','1391',0,1,0,0,0,0);
insert into "E_ROLE_PERMISSION"("ROLE_CODE","MENU_ID","AUTH_CREATE","AUTH_READ","AUTH_UPDATE","AUTH_DELETE","AUTH_EXPORT","AUTH_ISSUED") values ('0','1395',0,1,0,0,0,0);
insert into "E_ROLE_PERMISSION"("ROLE_CODE","MENU_ID","AUTH_CREATE","AUTH_READ","AUTH_UPDATE","AUTH_DELETE","AUTH_EXPORT","AUTH_ISSUED") values ('0','745',0,1,0,0,0,0);
insert into "E_ROLE_PERMISSION"("ROLE_CODE","MENU_ID","AUTH_CREATE","AUTH_READ","AUTH_UPDATE","AUTH_DELETE","AUTH_EXPORT","AUTH_ISSUED") values ('0','69',0,1,0,0,0,0);
insert into "E_ROLE_PERMISSION"("ROLE_CODE","MENU_ID","AUTH_CREATE","AUTH_READ","AUTH_UPDATE","AUTH_DELETE","AUTH_EXPORT","AUTH_ISSUED") values ('0','1390',0,1,0,0,0,0);
insert into "E_ROLE_PERMISSION"("ROLE_CODE","MENU_ID","AUTH_CREATE","AUTH_READ","AUTH_UPDATE","AUTH_DELETE","AUTH_EXPORT","AUTH_ISSUED") values ('0','906',0,1,0,0,0,0);
insert into "E_ROLE_PERMISSION"("ROLE_CODE","MENU_ID","AUTH_CREATE","AUTH_READ","AUTH_UPDATE","AUTH_DELETE","AUTH_EXPORT","AUTH_ISSUED") values ('0','881',0,1,0,0,0,0);
insert into "E_ROLE_PERMISSION"("ROLE_CODE","MENU_ID","AUTH_CREATE","AUTH_READ","AUTH_UPDATE","AUTH_DELETE","AUTH_EXPORT","AUTH_ISSUED") values ('0','1382',0,1,0,0,0,0);
insert into "E_ROLE_PERMISSION"("ROLE_CODE","MENU_ID","AUTH_CREATE","AUTH_READ","AUTH_UPDATE","AUTH_DELETE","AUTH_EXPORT","AUTH_ISSUED") values ('0','780',0,1,0,0,0,0);
insert into "E_ROLE_PERMISSION"("ROLE_CODE","MENU_ID","AUTH_CREATE","AUTH_READ","AUTH_UPDATE","AUTH_DELETE","AUTH_EXPORT","AUTH_ISSUED") values ('0','1321',0,1,0,0,0,0);
insert into "E_ROLE_PERMISSION"("ROLE_CODE","MENU_ID","AUTH_CREATE","AUTH_READ","AUTH_UPDATE","AUTH_DELETE","AUTH_EXPORT","AUTH_ISSUED") values ('0','364',0,1,0,0,0,0);
insert into "E_ROLE_PERMISSION"("ROLE_CODE","MENU_ID","AUTH_CREATE","AUTH_READ","AUTH_UPDATE","AUTH_DELETE","AUTH_EXPORT","AUTH_ISSUED") values ('0','1393',0,1,0,0,0,0);
insert into "E_ROLE_PERMISSION"("ROLE_CODE","MENU_ID","AUTH_CREATE","AUTH_READ","AUTH_UPDATE","AUTH_DELETE","AUTH_EXPORT","AUTH_ISSUED") values ('0','685',0,1,0,0,0,0);
insert into "E_ROLE_PERMISSION"("ROLE_CODE","MENU_ID","AUTH_CREATE","AUTH_READ","AUTH_UPDATE","AUTH_DELETE","AUTH_EXPORT","AUTH_ISSUED") values ('0','744',0,1,0,0,0,0);
insert into "E_ROLE_PERMISSION"("ROLE_CODE","MENU_ID","AUTH_CREATE","AUTH_READ","AUTH_UPDATE","AUTH_DELETE","AUTH_EXPORT","AUTH_ISSUED") values ('0','541',0,1,0,0,0,0);
insert into "E_ROLE_PERMISSION"("ROLE_CODE","MENU_ID","AUTH_CREATE","AUTH_READ","AUTH_UPDATE","AUTH_DELETE","AUTH_EXPORT","AUTH_ISSUED") values ('0','232',0,1,0,0,0,0);
insert into "E_ROLE_PERMISSION"("ROLE_CODE","MENU_ID","AUTH_CREATE","AUTH_READ","AUTH_UPDATE","AUTH_DELETE","AUTH_EXPORT","AUTH_ISSUED") values ('0','1441',0,1,0,0,0,0);
insert into "E_ROLE_PERMISSION"("ROLE_CODE","MENU_ID","AUTH_CREATE","AUTH_READ","AUTH_UPDATE","AUTH_DELETE","AUTH_EXPORT","AUTH_ISSUED") values ('0','997',0,1,0,0,0,1);
insert into "E_ROLE_PERMISSION"("ROLE_CODE","MENU_ID","AUTH_CREATE","AUTH_READ","AUTH_UPDATE","AUTH_DELETE","AUTH_EXPORT","AUTH_ISSUED") values ('0','961',0,1,0,0,0,1);
insert into "E_ROLE_PERMISSION"("ROLE_CODE","MENU_ID","AUTH_CREATE","AUTH_READ","AUTH_UPDATE","AUTH_DELETE","AUTH_EXPORT","AUTH_ISSUED") values ('0','0',0,1,0,0,0,1);
insert into "E_ROLE_PERMISSION"("ROLE_CODE","MENU_ID","AUTH_CREATE","AUTH_READ","AUTH_UPDATE","AUTH_DELETE","AUTH_EXPORT","AUTH_ISSUED") values ('0','72',0,1,0,0,0,0);
insert into "E_ROLE_PERMISSION"("ROLE_CODE","MENU_ID","AUTH_CREATE","AUTH_READ","AUTH_UPDATE","AUTH_DELETE","AUTH_EXPORT","AUTH_ISSUED") values ('0','1121',0,1,0,0,0,0);
insert into "E_ROLE_PERMISSION"("ROLE_CODE","MENU_ID","AUTH_CREATE","AUTH_READ","AUTH_UPDATE","AUTH_DELETE","AUTH_EXPORT","AUTH_ISSUED") values ('0','771',0,1,0,0,0,0);
insert into "E_ROLE_PERMISSION"("ROLE_CODE","MENU_ID","AUTH_CREATE","AUTH_READ","AUTH_UPDATE","AUTH_DELETE","AUTH_EXPORT","AUTH_ISSUED") values ('0','3323',1,1,1,1,1,1);
insert into "E_ROLE_PERMISSION"("ROLE_CODE","MENU_ID","AUTH_CREATE","AUTH_READ","AUTH_UPDATE","AUTH_DELETE","AUTH_EXPORT","AUTH_ISSUED") values ('42','0',0,1,0,0,0,0);
insert into "E_ROLE_PERMISSION"("ROLE_CODE","MENU_ID","AUTH_CREATE","AUTH_READ","AUTH_UPDATE","AUTH_DELETE","AUTH_EXPORT","AUTH_ISSUED") values ('42','0',0,1,0,0,0,0);
insert into "E_ROLE_PERMISSION"("ROLE_CODE","MENU_ID","AUTH_CREATE","AUTH_READ","AUTH_UPDATE","AUTH_DELETE","AUTH_EXPORT","AUTH_ISSUED") values ('42','0',0,1,0,0,0,0);
insert into "E_ROLE_PERMISSION"("ROLE_CODE","MENU_ID","AUTH_CREATE","AUTH_READ","AUTH_UPDATE","AUTH_DELETE","AUTH_EXPORT","AUTH_ISSUED") values ('42','0',0,1,0,0,0,0);
insert into "E_ROLE_PERMISSION"("ROLE_CODE","MENU_ID","AUTH_CREATE","AUTH_READ","AUTH_UPDATE","AUTH_DELETE","AUTH_EXPORT","AUTH_ISSUED") values ('42','3221',0,1,0,0,0,0);
insert into "E_ROLE_PERMISSION"("ROLE_CODE","MENU_ID","AUTH_CREATE","AUTH_READ","AUTH_UPDATE","AUTH_DELETE","AUTH_EXPORT","AUTH_ISSUED") values ('42','3261',0,1,0,0,0,0);
insert into "E_ROLE_PERMISSION"("ROLE_CODE","MENU_ID","AUTH_CREATE","AUTH_READ","AUTH_UPDATE","AUTH_DELETE","AUTH_EXPORT","AUTH_ISSUED") values ('42','3281',0,1,0,0,0,0);
insert into "E_ROLE_PERMISSION"("ROLE_CODE","MENU_ID","AUTH_CREATE","AUTH_READ","AUTH_UPDATE","AUTH_DELETE","AUTH_EXPORT","AUTH_ISSUED") values ('0','1269',0,1,0,0,0,0);
insert into "E_ROLE_PERMISSION"("ROLE_CODE","MENU_ID","AUTH_CREATE","AUTH_READ","AUTH_UPDATE","AUTH_DELETE","AUTH_EXPORT","AUTH_ISSUED") values ('0','3589',1,1,1,1,1,1);
insert into "E_ROLE_PERMISSION"("ROLE_CODE","MENU_ID","AUTH_CREATE","AUTH_READ","AUTH_UPDATE","AUTH_DELETE","AUTH_EXPORT","AUTH_ISSUED") values ('0','363',0,1,0,0,0,0);
insert into "E_ROLE_PERMISSION"("ROLE_CODE","MENU_ID","AUTH_CREATE","AUTH_READ","AUTH_UPDATE","AUTH_DELETE","AUTH_EXPORT","AUTH_ISSUED") values ('0','786',0,1,0,0,0,0);
insert into "E_ROLE_PERMISSION"("ROLE_CODE","MENU_ID","AUTH_CREATE","AUTH_READ","AUTH_UPDATE","AUTH_DELETE","AUTH_EXPORT","AUTH_ISSUED") values ('0','782',0,1,0,0,0,0);
insert into "E_ROLE_PERMISSION"("ROLE_CODE","MENU_ID","AUTH_CREATE","AUTH_READ","AUTH_UPDATE","AUTH_DELETE","AUTH_EXPORT","AUTH_ISSUED") values ('0','743',0,1,0,0,0,0);
insert into "E_ROLE_PERMISSION"("ROLE_CODE","MENU_ID","AUTH_CREATE","AUTH_READ","AUTH_UPDATE","AUTH_DELETE","AUTH_EXPORT","AUTH_ISSUED") values ('0','770',0,1,0,0,0,0);
insert into "E_ROLE_PERMISSION"("ROLE_CODE","MENU_ID","AUTH_CREATE","AUTH_READ","AUTH_UPDATE","AUTH_DELETE","AUTH_EXPORT","AUTH_ISSUED") values ('0','1287',0,1,0,0,0,0);
insert into "E_ROLE_PERMISSION"("ROLE_CODE","MENU_ID","AUTH_CREATE","AUTH_READ","AUTH_UPDATE","AUTH_DELETE","AUTH_EXPORT","AUTH_ISSUED") values ('502','0',1,1,1,1,1,null);
insert into "E_ROLE_PERMISSION"("ROLE_CODE","MENU_ID","AUTH_CREATE","AUTH_READ","AUTH_UPDATE","AUTH_DELETE","AUTH_EXPORT","AUTH_ISSUED") values ('0','981',0,1,0,0,0,0);
insert into "E_ROLE_PERMISSION"("ROLE_CODE","MENU_ID","AUTH_CREATE","AUTH_READ","AUTH_UPDATE","AUTH_DELETE","AUTH_EXPORT","AUTH_ISSUED") values ('0','787',0,1,0,0,0,0);
insert into "E_ROLE_PERMISSION"("ROLE_CODE","MENU_ID","AUTH_CREATE","AUTH_READ","AUTH_UPDATE","AUTH_DELETE","AUTH_EXPORT","AUTH_ISSUED") values ('0','121',0,1,0,0,0,0);
insert into "E_ROLE_PERMISSION"("ROLE_CODE","MENU_ID","AUTH_CREATE","AUTH_READ","AUTH_UPDATE","AUTH_DELETE","AUTH_EXPORT","AUTH_ISSUED") values ('0','1398',0,1,0,0,0,0);
insert into "E_ROLE_PERMISSION"("ROLE_CODE","MENU_ID","AUTH_CREATE","AUTH_READ","AUTH_UPDATE","AUTH_DELETE","AUTH_EXPORT","AUTH_ISSUED") values ('0','362',0,1,0,0,0,0);
insert into "E_ROLE_PERMISSION"("ROLE_CODE","MENU_ID","AUTH_CREATE","AUTH_READ","AUTH_UPDATE","AUTH_DELETE","AUTH_EXPORT","AUTH_ISSUED") values ('0','374',0,1,0,0,0,0);
insert into "E_ROLE_PERMISSION"("ROLE_CODE","MENU_ID","AUTH_CREATE","AUTH_READ","AUTH_UPDATE","AUTH_DELETE","AUTH_EXPORT","AUTH_ISSUED") values ('0','181',0,1,0,0,0,0);
insert into "E_ROLE_PERMISSION"("ROLE_CODE","MENU_ID","AUTH_CREATE","AUTH_READ","AUTH_UPDATE","AUTH_DELETE","AUTH_EXPORT","AUTH_ISSUED") values ('0','785',0,1,0,0,0,0);
insert into "E_ROLE_PERMISSION"("ROLE_CODE","MENU_ID","AUTH_CREATE","AUTH_READ","AUTH_UPDATE","AUTH_DELETE","AUTH_EXPORT","AUTH_ISSUED") values ('502','3736',1,1,1,1,1,null);
insert into "E_ROLE_PERMISSION"("ROLE_CODE","MENU_ID","AUTH_CREATE","AUTH_READ","AUTH_UPDATE","AUTH_DELETE","AUTH_EXPORT","AUTH_ISSUED") values ('0','1262',0,1,0,0,0,0);
insert into "E_ROLE_PERMISSION"("ROLE_CODE","MENU_ID","AUTH_CREATE","AUTH_READ","AUTH_UPDATE","AUTH_DELETE","AUTH_EXPORT","AUTH_ISSUED") values ('0','1286',0,1,0,0,0,0);
insert into "E_ROLE_PERMISSION"("ROLE_CODE","MENU_ID","AUTH_CREATE","AUTH_READ","AUTH_UPDATE","AUTH_DELETE","AUTH_EXPORT","AUTH_ISSUED") values ('0','809',0,1,0,0,0,0);
insert into "E_ROLE_PERMISSION"("ROLE_CODE","MENU_ID","AUTH_CREATE","AUTH_READ","AUTH_UPDATE","AUTH_DELETE","AUTH_EXPORT","AUTH_ISSUED") values ('0','684',0,1,0,0,0,0);
insert into "E_ROLE_PERMISSION"("ROLE_CODE","MENU_ID","AUTH_CREATE","AUTH_READ","AUTH_UPDATE","AUTH_DELETE","AUTH_EXPORT","AUTH_ISSUED") values ('0','1263',0,1,0,0,0,0);
insert into "E_ROLE_PERMISSION"("ROLE_CODE","MENU_ID","AUTH_CREATE","AUTH_READ","AUTH_UPDATE","AUTH_DELETE","AUTH_EXPORT","AUTH_ISSUED") values ('0','81',0,1,0,0,0,0);
insert into "E_ROLE_PERMISSION"("ROLE_CODE","MENU_ID","AUTH_CREATE","AUTH_READ","AUTH_UPDATE","AUTH_DELETE","AUTH_EXPORT","AUTH_ISSUED") values ('0','781',0,1,0,0,0,0);
insert into "E_ROLE_PERMISSION"("ROLE_CODE","MENU_ID","AUTH_CREATE","AUTH_READ","AUTH_UPDATE","AUTH_DELETE","AUTH_EXPORT","AUTH_ISSUED") values ('0','1443',0,1,0,0,0,0);
insert into "E_ROLE_PERMISSION"("ROLE_CODE","MENU_ID","AUTH_CREATE","AUTH_READ","AUTH_UPDATE","AUTH_DELETE","AUTH_EXPORT","AUTH_ISSUED") values ('0','822',0,1,0,0,0,0);
insert into "E_ROLE_PERMISSION"("ROLE_CODE","MENU_ID","AUTH_CREATE","AUTH_READ","AUTH_UPDATE","AUTH_DELETE","AUTH_EXPORT","AUTH_ISSUED") values ('0','742',0,1,0,0,0,0);
insert into "E_ROLE_PERMISSION"("ROLE_CODE","MENU_ID","AUTH_CREATE","AUTH_READ","AUTH_UPDATE","AUTH_DELETE","AUTH_EXPORT","AUTH_ISSUED") values ('0','1285',0,1,0,0,0,0);
insert into "E_ROLE_PERMISSION"("ROLE_CODE","MENU_ID","AUTH_CREATE","AUTH_READ","AUTH_UPDATE","AUTH_DELETE","AUTH_EXPORT","AUTH_ISSUED") values ('0','1392',0,1,0,0,0,0);
insert into "E_ROLE_PERMISSION"("ROLE_CODE","MENU_ID","AUTH_CREATE","AUTH_READ","AUTH_UPDATE","AUTH_DELETE","AUTH_EXPORT","AUTH_ISSUED") values ('0','162',0,1,0,0,0,0);
insert into "E_ROLE_PERMISSION"("ROLE_CODE","MENU_ID","AUTH_CREATE","AUTH_READ","AUTH_UPDATE","AUTH_DELETE","AUTH_EXPORT","AUTH_ISSUED") values ('0','741',0,1,0,0,0,0);
insert into "E_ROLE_PERMISSION"("ROLE_CODE","MENU_ID","AUTH_CREATE","AUTH_READ","AUTH_UPDATE","AUTH_DELETE","AUTH_EXPORT","AUTH_ISSUED") values ('0','761',0,1,0,0,0,0);
insert into "E_ROLE_PERMISSION"("ROLE_CODE","MENU_ID","AUTH_CREATE","AUTH_READ","AUTH_UPDATE","AUTH_DELETE","AUTH_EXPORT","AUTH_ISSUED") values ('0','686',0,1,0,0,0,0);
insert into "E_ROLE_PERMISSION"("ROLE_CODE","MENU_ID","AUTH_CREATE","AUTH_READ","AUTH_UPDATE","AUTH_DELETE","AUTH_EXPORT","AUTH_ISSUED") values ('0','361',0,1,0,0,0,0);
insert into "E_ROLE_PERMISSION"("ROLE_CODE","MENU_ID","AUTH_CREATE","AUTH_READ","AUTH_UPDATE","AUTH_DELETE","AUTH_EXPORT","AUTH_ISSUED") values ('0','1442',0,1,0,0,0,0);
insert into "E_ROLE_PERMISSION"("ROLE_CODE","MENU_ID","AUTH_CREATE","AUTH_READ","AUTH_UPDATE","AUTH_DELETE","AUTH_EXPORT","AUTH_ISSUED") values ('0','1412',0,1,0,0,0,0);
insert into "E_ROLE_PERMISSION"("ROLE_CODE","MENU_ID","AUTH_CREATE","AUTH_READ","AUTH_UPDATE","AUTH_DELETE","AUTH_EXPORT","AUTH_ISSUED") values ('0','2941',1,1,1,1,1,1);
insert into "E_ROLE_PERMISSION"("ROLE_CODE","MENU_ID","AUTH_CREATE","AUTH_READ","AUTH_UPDATE","AUTH_DELETE","AUTH_EXPORT","AUTH_ISSUED") values ('0','2921',1,1,1,1,1,1);
insert into "E_ROLE_PERMISSION"("ROLE_CODE","MENU_ID","AUTH_CREATE","AUTH_READ","AUTH_UPDATE","AUTH_DELETE","AUTH_EXPORT","AUTH_ISSUED") values ('0','3460',1,1,1,1,1,1);
insert into "E_ROLE_PERMISSION"("ROLE_CODE","MENU_ID","AUTH_CREATE","AUTH_READ","AUTH_UPDATE","AUTH_DELETE","AUTH_EXPORT","AUTH_ISSUED") values ('504','72',0,0,0,0,0,0);
insert into "E_ROLE_PERMISSION"("ROLE_CODE","MENU_ID","AUTH_CREATE","AUTH_READ","AUTH_UPDATE","AUTH_DELETE","AUTH_EXPORT","AUTH_ISSUED") values ('504','3141',0,0,0,0,0,0);
insert into "E_ROLE_PERMISSION"("ROLE_CODE","MENU_ID","AUTH_CREATE","AUTH_READ","AUTH_UPDATE","AUTH_DELETE","AUTH_EXPORT","AUTH_ISSUED") values ('504','2322',0,0,0,0,0,0);
insert into "E_ROLE_PERMISSION"("ROLE_CODE","MENU_ID","AUTH_CREATE","AUTH_READ","AUTH_UPDATE","AUTH_DELETE","AUTH_EXPORT","AUTH_ISSUED") values ('504','581',0,0,0,0,0,0);
insert into "E_ROLE_PERMISSION"("ROLE_CODE","MENU_ID","AUTH_CREATE","AUTH_READ","AUTH_UPDATE","AUTH_DELETE","AUTH_EXPORT","AUTH_ISSUED") values ('504','3414',0,0,0,0,0,0);
insert into "E_ROLE_PERMISSION"("ROLE_CODE","MENU_ID","AUTH_CREATE","AUTH_READ","AUTH_UPDATE","AUTH_DELETE","AUTH_EXPORT","AUTH_ISSUED") values ('504','68',0,0,0,0,0,0);
insert into "E_ROLE_PERMISSION"("ROLE_CODE","MENU_ID","AUTH_CREATE","AUTH_READ","AUTH_UPDATE","AUTH_DELETE","AUTH_EXPORT","AUTH_ISSUED") values ('504','69',0,0,0,0,0,0);
insert into "E_ROLE_PERMISSION"("ROLE_CODE","MENU_ID","AUTH_CREATE","AUTH_READ","AUTH_UPDATE","AUTH_DELETE","AUTH_EXPORT","AUTH_ISSUED") values ('504','81',0,0,0,0,0,0);
insert into "E_ROLE_PERMISSION"("ROLE_CODE","MENU_ID","AUTH_CREATE","AUTH_READ","AUTH_UPDATE","AUTH_DELETE","AUTH_EXPORT","AUTH_ISSUED") values ('504','581',0,0,0,0,0,0);
insert into "E_ROLE_PERMISSION"("ROLE_CODE","MENU_ID","AUTH_CREATE","AUTH_READ","AUTH_UPDATE","AUTH_DELETE","AUTH_EXPORT","AUTH_ISSUED") values ('504','72',0,0,0,0,0,0);
insert into "E_ROLE_PERMISSION"("ROLE_CODE","MENU_ID","AUTH_CREATE","AUTH_READ","AUTH_UPDATE","AUTH_DELETE","AUTH_EXPORT","AUTH_ISSUED") values ('504','68',0,0,0,0,0,0);
insert into "E_ROLE_PERMISSION"("ROLE_CODE","MENU_ID","AUTH_CREATE","AUTH_READ","AUTH_UPDATE","AUTH_DELETE","AUTH_EXPORT","AUTH_ISSUED") values ('504','69',0,0,0,0,0,0);
insert into "E_ROLE_PERMISSION"("ROLE_CODE","MENU_ID","AUTH_CREATE","AUTH_READ","AUTH_UPDATE","AUTH_DELETE","AUTH_EXPORT","AUTH_ISSUED") values ('504','81',0,0,0,0,0,0);
insert into "E_ROLE_PERMISSION"("ROLE_CODE","MENU_ID","AUTH_CREATE","AUTH_READ","AUTH_UPDATE","AUTH_DELETE","AUTH_EXPORT","AUTH_ISSUED") values ('504','2322',0,0,0,0,0,0);
insert into "E_ROLE_PERMISSION"("ROLE_CODE","MENU_ID","AUTH_CREATE","AUTH_READ","AUTH_UPDATE","AUTH_DELETE","AUTH_EXPORT","AUTH_ISSUED") values ('508','72',1,1,1,1,1,1);
insert into "E_ROLE_PERMISSION"("ROLE_CODE","MENU_ID","AUTH_CREATE","AUTH_READ","AUTH_UPDATE","AUTH_DELETE","AUTH_EXPORT","AUTH_ISSUED") values ('508','1269',1,1,1,1,1,1);
insert into "E_ROLE_PERMISSION"("ROLE_CODE","MENU_ID","AUTH_CREATE","AUTH_READ","AUTH_UPDATE","AUTH_DELETE","AUTH_EXPORT","AUTH_ISSUED") values ('508','81',1,1,1,1,1,1);
insert into "E_ROLE_PERMISSION"("ROLE_CODE","MENU_ID","AUTH_CREATE","AUTH_READ","AUTH_UPDATE","AUTH_DELETE","AUTH_EXPORT","AUTH_ISSUED") values ('508','3414',1,1,1,1,1,1);
insert into "E_ROLE_PERMISSION"("ROLE_CODE","MENU_ID","AUTH_CREATE","AUTH_READ","AUTH_UPDATE","AUTH_DELETE","AUTH_EXPORT","AUTH_ISSUED") values ('504','3141',0,0,0,0,0,0);
insert into "E_ROLE_PERMISSION"("ROLE_CODE","MENU_ID","AUTH_CREATE","AUTH_READ","AUTH_UPDATE","AUTH_DELETE","AUTH_EXPORT","AUTH_ISSUED") values ('504','3414',0,0,0,0,0,0);
insert into "E_ROLE_PERMISSION"("ROLE_CODE","MENU_ID","AUTH_CREATE","AUTH_READ","AUTH_UPDATE","AUTH_DELETE","AUTH_EXPORT","AUTH_ISSUED") values ('0','3470',1,1,1,1,1,1);
insert into "E_ROLE_PERMISSION"("ROLE_CODE","MENU_ID","AUTH_CREATE","AUTH_READ","AUTH_UPDATE","AUTH_DELETE","AUTH_EXPORT","AUTH_ISSUED") values ('0','3490',1,1,1,1,1,1);
insert into "E_ROLE_PERMISSION"("ROLE_CODE","MENU_ID","AUTH_CREATE","AUTH_READ","AUTH_UPDATE","AUTH_DELETE","AUTH_EXPORT","AUTH_ISSUED") values ('0','3491',1,1,1,1,1,1);
insert into "E_ROLE_PERMISSION"("ROLE_CODE","MENU_ID","AUTH_CREATE","AUTH_READ","AUTH_UPDATE","AUTH_DELETE","AUTH_EXPORT","AUTH_ISSUED") values ('508','68',1,1,1,1,1,1);
insert into "E_ROLE_PERMISSION"("ROLE_CODE","MENU_ID","AUTH_CREATE","AUTH_READ","AUTH_UPDATE","AUTH_DELETE","AUTH_EXPORT","AUTH_ISSUED") values ('508','1263',1,1,1,1,1,1);
insert into "E_ROLE_PERMISSION"("ROLE_CODE","MENU_ID","AUTH_CREATE","AUTH_READ","AUTH_UPDATE","AUTH_DELETE","AUTH_EXPORT","AUTH_ISSUED") values ('508','1264',1,1,1,1,1,1);
insert into "E_ROLE_PERMISSION"("ROLE_CODE","MENU_ID","AUTH_CREATE","AUTH_READ","AUTH_UPDATE","AUTH_DELETE","AUTH_EXPORT","AUTH_ISSUED") values ('508','69',1,1,1,1,1,1);
insert into "E_ROLE_PERMISSION"("ROLE_CODE","MENU_ID","AUTH_CREATE","AUTH_READ","AUTH_UPDATE","AUTH_DELETE","AUTH_EXPORT","AUTH_ISSUED") values ('508','1262',1,1,1,1,1,1);
insert into "E_ROLE_PERMISSION"("ROLE_CODE","MENU_ID","AUTH_CREATE","AUTH_READ","AUTH_UPDATE","AUTH_DELETE","AUTH_EXPORT","AUTH_ISSUED") values ('0','3181',1,1,1,1,1,1);
insert into "E_ROLE_PERMISSION"("ROLE_CODE","MENU_ID","AUTH_CREATE","AUTH_READ","AUTH_UPDATE","AUTH_DELETE","AUTH_EXPORT","AUTH_ISSUED") values ('0','3182',1,1,1,1,1,1);
insert into "E_ROLE_PERMISSION"("ROLE_CODE","MENU_ID","AUTH_CREATE","AUTH_READ","AUTH_UPDATE","AUTH_DELETE","AUTH_EXPORT","AUTH_ISSUED") values ('0','3201',1,1,1,1,1,1);
insert into "E_ROLE_PERMISSION"("ROLE_CODE","MENU_ID","AUTH_CREATE","AUTH_READ","AUTH_UPDATE","AUTH_DELETE","AUTH_EXPORT","AUTH_ISSUED") values ('20','3029',0,0,0,0,0,0);
insert into "E_ROLE_PERMISSION"("ROLE_CODE","MENU_ID","AUTH_CREATE","AUTH_READ","AUTH_UPDATE","AUTH_DELETE","AUTH_EXPORT","AUTH_ISSUED") values ('20','0',0,0,0,0,0,0);
insert into "E_ROLE_PERMISSION"("ROLE_CODE","MENU_ID","AUTH_CREATE","AUTH_READ","AUTH_UPDATE","AUTH_DELETE","AUTH_EXPORT","AUTH_ISSUED") values ('20','3026',0,0,0,0,0,0);
insert into "E_ROLE_PERMISSION"("ROLE_CODE","MENU_ID","AUTH_CREATE","AUTH_READ","AUTH_UPDATE","AUTH_DELETE","AUTH_EXPORT","AUTH_ISSUED") values ('20','3030',0,0,0,0,0,0);
insert into "E_ROLE_PERMISSION"("ROLE_CODE","MENU_ID","AUTH_CREATE","AUTH_READ","AUTH_UPDATE","AUTH_DELETE","AUTH_EXPORT","AUTH_ISSUED") values ('0','3141',1,1,1,1,1,1);
insert into "E_ROLE_PERMISSION"("ROLE_CODE","MENU_ID","AUTH_CREATE","AUTH_READ","AUTH_UPDATE","AUTH_DELETE","AUTH_EXPORT","AUTH_ISSUED") values ('20','3037',0,0,0,0,0,0);
insert into "E_ROLE_PERMISSION"("ROLE_CODE","MENU_ID","AUTH_CREATE","AUTH_READ","AUTH_UPDATE","AUTH_DELETE","AUTH_EXPORT","AUTH_ISSUED") values ('20','3082',0,0,0,0,0,0);
insert into "E_ROLE_PERMISSION"("ROLE_CODE","MENU_ID","AUTH_CREATE","AUTH_READ","AUTH_UPDATE","AUTH_DELETE","AUTH_EXPORT","AUTH_ISSUED") values ('20','3081',0,0,0,0,0,0);
insert into "E_ROLE_PERMISSION"("ROLE_CODE","MENU_ID","AUTH_CREATE","AUTH_READ","AUTH_UPDATE","AUTH_DELETE","AUTH_EXPORT","AUTH_ISSUED") values ('20','3046',0,0,0,0,0,0);
insert into "E_ROLE_PERMISSION"("ROLE_CODE","MENU_ID","AUTH_CREATE","AUTH_READ","AUTH_UPDATE","AUTH_DELETE","AUTH_EXPORT","AUTH_ISSUED") values ('20','3040',0,0,0,0,0,0);
insert into "E_ROLE_PERMISSION"("ROLE_CODE","MENU_ID","AUTH_CREATE","AUTH_READ","AUTH_UPDATE","AUTH_DELETE","AUTH_EXPORT","AUTH_ISSUED") values ('20','3027',0,0,0,0,0,0);
insert into "E_ROLE_PERMISSION"("ROLE_CODE","MENU_ID","AUTH_CREATE","AUTH_READ","AUTH_UPDATE","AUTH_DELETE","AUTH_EXPORT","AUTH_ISSUED") values ('20','3101',0,0,0,0,0,0);
insert into "E_ROLE_PERMISSION"("ROLE_CODE","MENU_ID","AUTH_CREATE","AUTH_READ","AUTH_UPDATE","AUTH_DELETE","AUTH_EXPORT","AUTH_ISSUED") values ('20','3038',0,0,0,0,0,0);
insert into "E_ROLE_PERMISSION"("ROLE_CODE","MENU_ID","AUTH_CREATE","AUTH_READ","AUTH_UPDATE","AUTH_DELETE","AUTH_EXPORT","AUTH_ISSUED") values ('20','3035',0,0,0,0,0,0);
insert into "E_ROLE_PERMISSION"("ROLE_CODE","MENU_ID","AUTH_CREATE","AUTH_READ","AUTH_UPDATE","AUTH_DELETE","AUTH_EXPORT","AUTH_ISSUED") values ('20','3045',0,0,0,0,0,0);
insert into "E_ROLE_PERMISSION"("ROLE_CODE","MENU_ID","AUTH_CREATE","AUTH_READ","AUTH_UPDATE","AUTH_DELETE","AUTH_EXPORT","AUTH_ISSUED") values ('20','3042',0,0,0,0,0,0);
insert into "E_ROLE_PERMISSION"("ROLE_CODE","MENU_ID","AUTH_CREATE","AUTH_READ","AUTH_UPDATE","AUTH_DELETE","AUTH_EXPORT","AUTH_ISSUED") values ('20','3121',0,0,0,0,0,0);
insert into "E_ROLE_PERMISSION"("ROLE_CODE","MENU_ID","AUTH_CREATE","AUTH_READ","AUTH_UPDATE","AUTH_DELETE","AUTH_EXPORT","AUTH_ISSUED") values ('20','3033',0,0,0,0,0,0);
insert into "E_ROLE_PERMISSION"("ROLE_CODE","MENU_ID","AUTH_CREATE","AUTH_READ","AUTH_UPDATE","AUTH_DELETE","AUTH_EXPORT","AUTH_ISSUED") values ('20','3049',0,0,0,0,0,0);
insert into "E_ROLE_PERMISSION"("ROLE_CODE","MENU_ID","AUTH_CREATE","AUTH_READ","AUTH_UPDATE","AUTH_DELETE","AUTH_EXPORT","AUTH_ISSUED") values ('20','3047',0,0,0,0,0,0);
insert into "E_ROLE_PERMISSION"("ROLE_CODE","MENU_ID","AUTH_CREATE","AUTH_READ","AUTH_UPDATE","AUTH_DELETE","AUTH_EXPORT","AUTH_ISSUED") values ('20','3083',0,0,0,0,0,0);
insert into "E_ROLE_PERMISSION"("ROLE_CODE","MENU_ID","AUTH_CREATE","AUTH_READ","AUTH_UPDATE","AUTH_DELETE","AUTH_EXPORT","AUTH_ISSUED") values ('20','3102',0,0,0,0,0,0);
insert into "E_ROLE_PERMISSION"("ROLE_CODE","MENU_ID","AUTH_CREATE","AUTH_READ","AUTH_UPDATE","AUTH_DELETE","AUTH_EXPORT","AUTH_ISSUED") values ('20','3161',0,0,0,0,0,0);
insert into "E_ROLE_PERMISSION"("ROLE_CODE","MENU_ID","AUTH_CREATE","AUTH_READ","AUTH_UPDATE","AUTH_DELETE","AUTH_EXPORT","AUTH_ISSUED") values ('20','3162',0,0,0,0,0,0);
insert into "E_ROLE_PERMISSION"("ROLE_CODE","MENU_ID","AUTH_CREATE","AUTH_READ","AUTH_UPDATE","AUTH_DELETE","AUTH_EXPORT","AUTH_ISSUED") values ('20','3062',0,0,0,0,0,0);
insert into "E_ROLE_PERMISSION"("ROLE_CODE","MENU_ID","AUTH_CREATE","AUTH_READ","AUTH_UPDATE","AUTH_DELETE","AUTH_EXPORT","AUTH_ISSUED") values ('20','3031',0,0,0,0,0,0);
insert into "E_ROLE_PERMISSION"("ROLE_CODE","MENU_ID","AUTH_CREATE","AUTH_READ","AUTH_UPDATE","AUTH_DELETE","AUTH_EXPORT","AUTH_ISSUED") values ('20','3036',0,0,0,0,0,0);
insert into "E_ROLE_PERMISSION"("ROLE_CODE","MENU_ID","AUTH_CREATE","AUTH_READ","AUTH_UPDATE","AUTH_DELETE","AUTH_EXPORT","AUTH_ISSUED") values ('20','3041',0,0,0,0,0,0);
insert into "E_ROLE_PERMISSION"("ROLE_CODE","MENU_ID","AUTH_CREATE","AUTH_READ","AUTH_UPDATE","AUTH_DELETE","AUTH_EXPORT","AUTH_ISSUED") values ('620','1263',0,1,0,0,0,0);
insert into "E_ROLE_PERMISSION"("ROLE_CODE","MENU_ID","AUTH_CREATE","AUTH_READ","AUTH_UPDATE","AUTH_DELETE","AUTH_EXPORT","AUTH_ISSUED") values ('620','1264',0,1,0,0,0,0);
insert into "E_ROLE_PERMISSION"("ROLE_CODE","MENU_ID","AUTH_CREATE","AUTH_READ","AUTH_UPDATE","AUTH_DELETE","AUTH_EXPORT","AUTH_ISSUED") values ('620','69',0,1,0,0,0,0);
insert into "E_ROLE_PERMISSION"("ROLE_CODE","MENU_ID","AUTH_CREATE","AUTH_READ","AUTH_UPDATE","AUTH_DELETE","AUTH_EXPORT","AUTH_ISSUED") values ('504','3736',0,0,0,0,0,0);
insert into "E_ROLE_PERMISSION"("ROLE_CODE","MENU_ID","AUTH_CREATE","AUTH_READ","AUTH_UPDATE","AUTH_DELETE","AUTH_EXPORT","AUTH_ISSUED") values ('504','3573',0,0,0,0,0,0);
insert into "E_ROLE_PERMISSION"("ROLE_CODE","MENU_ID","AUTH_CREATE","AUTH_READ","AUTH_UPDATE","AUTH_DELETE","AUTH_EXPORT","AUTH_ISSUED") values ('504','3574',0,0,0,0,0,0);
insert into "E_ROLE_PERMISSION"("ROLE_CODE","MENU_ID","AUTH_CREATE","AUTH_READ","AUTH_UPDATE","AUTH_DELETE","AUTH_EXPORT","AUTH_ISSUED") values ('620','3569',0,1,0,0,0,0);
insert into "E_ROLE_PERMISSION"("ROLE_CODE","MENU_ID","AUTH_CREATE","AUTH_READ","AUTH_UPDATE","AUTH_DELETE","AUTH_EXPORT","AUTH_ISSUED") values ('620','3629',0,1,0,0,0,0);
insert into "E_ROLE_PERMISSION"("ROLE_CODE","MENU_ID","AUTH_CREATE","AUTH_READ","AUTH_UPDATE","AUTH_DELETE","AUTH_EXPORT","AUTH_ISSUED") values ('620','3571',0,1,0,0,0,0);
insert into "E_ROLE_PERMISSION"("ROLE_CODE","MENU_ID","AUTH_CREATE","AUTH_READ","AUTH_UPDATE","AUTH_DELETE","AUTH_EXPORT","AUTH_ISSUED") values ('620','3578',0,1,0,0,0,0);
insert into "E_ROLE_PERMISSION"("ROLE_CODE","MENU_ID","AUTH_CREATE","AUTH_READ","AUTH_UPDATE","AUTH_DELETE","AUTH_EXPORT","AUTH_ISSUED") values ('620','3570',0,1,0,0,0,0);
insert into "E_ROLE_PERMISSION"("ROLE_CODE","MENU_ID","AUTH_CREATE","AUTH_READ","AUTH_UPDATE","AUTH_DELETE","AUTH_EXPORT","AUTH_ISSUED") values ('620','3577',0,1,0,0,0,0);
insert into "E_ROLE_PERMISSION"("ROLE_CODE","MENU_ID","AUTH_CREATE","AUTH_READ","AUTH_UPDATE","AUTH_DELETE","AUTH_EXPORT","AUTH_ISSUED") values ('620','3573',0,1,0,0,0,0);
insert into "E_ROLE_PERMISSION"("ROLE_CODE","MENU_ID","AUTH_CREATE","AUTH_READ","AUTH_UPDATE","AUTH_DELETE","AUTH_EXPORT","AUTH_ISSUED") values ('620','3574',0,1,0,0,0,0);
insert into "E_ROLE_PERMISSION"("ROLE_CODE","MENU_ID","AUTH_CREATE","AUTH_READ","AUTH_UPDATE","AUTH_DELETE","AUTH_EXPORT","AUTH_ISSUED") values ('620','0',0,1,0,0,0,0);
insert into "E_ROLE_PERMISSION"("ROLE_CODE","MENU_ID","AUTH_CREATE","AUTH_READ","AUTH_UPDATE","AUTH_DELETE","AUTH_EXPORT","AUTH_ISSUED") values ('502','3580',1,1,1,1,1,null);
insert into "E_ROLE_PERMISSION"("ROLE_CODE","MENU_ID","AUTH_CREATE","AUTH_READ","AUTH_UPDATE","AUTH_DELETE","AUTH_EXPORT","AUTH_ISSUED") values ('502','3581',1,1,1,1,1,null);
insert into "E_ROLE_PERMISSION"("ROLE_CODE","MENU_ID","AUTH_CREATE","AUTH_READ","AUTH_UPDATE","AUTH_DELETE","AUTH_EXPORT","AUTH_ISSUED") values ('502','3582',1,1,1,1,1,null);
insert into "E_ROLE_PERMISSION"("ROLE_CODE","MENU_ID","AUTH_CREATE","AUTH_READ","AUTH_UPDATE","AUTH_DELETE","AUTH_EXPORT","AUTH_ISSUED") values ('620','1262',0,1,0,0,0,0);
insert into "E_ROLE_PERMISSION"("ROLE_CODE","MENU_ID","AUTH_CREATE","AUTH_READ","AUTH_UPDATE","AUTH_DELETE","AUTH_EXPORT","AUTH_ISSUED") values ('502','3583',1,1,1,1,1,null);
insert into "E_ROLE_PERMISSION"("ROLE_CODE","MENU_ID","AUTH_CREATE","AUTH_READ","AUTH_UPDATE","AUTH_DELETE","AUTH_EXPORT","AUTH_ISSUED") values ('620','72',0,1,0,0,0,0);
insert into "E_ROLE_PERMISSION"("ROLE_CODE","MENU_ID","AUTH_CREATE","AUTH_READ","AUTH_UPDATE","AUTH_DELETE","AUTH_EXPORT","AUTH_ISSUED") values ('620','2322',0,1,0,0,0,0);
insert into "E_ROLE_PERMISSION"("ROLE_CODE","MENU_ID","AUTH_CREATE","AUTH_READ","AUTH_UPDATE","AUTH_DELETE","AUTH_EXPORT","AUTH_ISSUED") values ('502','3584',1,1,1,1,1,null);
insert into "E_ROLE_PERMISSION"("ROLE_CODE","MENU_ID","AUTH_CREATE","AUTH_READ","AUTH_UPDATE","AUTH_DELETE","AUTH_EXPORT","AUTH_ISSUED") values ('620','3736',0,1,0,0,0,0);
insert into "E_ROLE_PERMISSION"("ROLE_CODE","MENU_ID","AUTH_CREATE","AUTH_READ","AUTH_UPDATE","AUTH_DELETE","AUTH_EXPORT","AUTH_ISSUED") values ('620','1268',0,1,0,0,0,0);
insert into "E_ROLE_PERMISSION"("ROLE_CODE","MENU_ID","AUTH_CREATE","AUTH_READ","AUTH_UPDATE","AUTH_DELETE","AUTH_EXPORT","AUTH_ISSUED") values ('620','3141',0,1,0,0,0,0);
insert into "E_ROLE_PERMISSION"("ROLE_CODE","MENU_ID","AUTH_CREATE","AUTH_READ","AUTH_UPDATE","AUTH_DELETE","AUTH_EXPORT","AUTH_ISSUED") values ('620','581',0,1,0,0,0,0);
insert into "E_ROLE_PERMISSION"("ROLE_CODE","MENU_ID","AUTH_CREATE","AUTH_READ","AUTH_UPDATE","AUTH_DELETE","AUTH_EXPORT","AUTH_ISSUED") values ('502','3588',1,1,1,1,1,null);
insert into "E_ROLE_PERMISSION"("ROLE_CODE","MENU_ID","AUTH_CREATE","AUTH_READ","AUTH_UPDATE","AUTH_DELETE","AUTH_EXPORT","AUTH_ISSUED") values ('502','3589',1,1,1,1,1,null);
insert into "E_ROLE_PERMISSION"("ROLE_CODE","MENU_ID","AUTH_CREATE","AUTH_READ","AUTH_UPDATE","AUTH_DELETE","AUTH_EXPORT","AUTH_ISSUED") values ('502','0',1,1,1,1,1,null);
insert into "E_ROLE_PERMISSION"("ROLE_CODE","MENU_ID","AUTH_CREATE","AUTH_READ","AUTH_UPDATE","AUTH_DELETE","AUTH_EXPORT","AUTH_ISSUED") values ('0','3849',1,1,1,1,1,1);
insert into "E_ROLE_PERMISSION"("ROLE_CODE","MENU_ID","AUTH_CREATE","AUTH_READ","AUTH_UPDATE","AUTH_DELETE","AUTH_EXPORT","AUTH_ISSUED") values ('507','0',1,1,1,1,1,null);
insert into "E_ROLE_PERMISSION"("ROLE_CODE","MENU_ID","AUTH_CREATE","AUTH_READ","AUTH_UPDATE","AUTH_DELETE","AUTH_EXPORT","AUTH_ISSUED") values ('1','0',0,1,0,0,1,null);
insert into "E_ROLE_PERMISSION"("ROLE_CODE","MENU_ID","AUTH_CREATE","AUTH_READ","AUTH_UPDATE","AUTH_DELETE","AUTH_EXPORT","AUTH_ISSUED") values ('611','0',0,1,0,0,1,null);
insert into "E_ROLE_PERMISSION"("ROLE_CODE","MENU_ID","AUTH_CREATE","AUTH_READ","AUTH_UPDATE","AUTH_DELETE","AUTH_EXPORT","AUTH_ISSUED") values ('1','0',0,1,0,0,1,null);
insert into "E_ROLE_PERMISSION"("ROLE_CODE","MENU_ID","AUTH_CREATE","AUTH_READ","AUTH_UPDATE","AUTH_DELETE","AUTH_EXPORT","AUTH_ISSUED") values ('620','0',0,1,0,0,0,0);
insert into "E_ROLE_PERMISSION"("ROLE_CODE","MENU_ID","AUTH_CREATE","AUTH_READ","AUTH_UPDATE","AUTH_DELETE","AUTH_EXPORT","AUTH_ISSUED") values ('620','3588',0,1,0,0,0,0);
insert into "E_ROLE_PERMISSION"("ROLE_CODE","MENU_ID","AUTH_CREATE","AUTH_READ","AUTH_UPDATE","AUTH_DELETE","AUTH_EXPORT","AUTH_ISSUED") values ('620','3579',0,1,0,0,0,0);
insert into "E_ROLE_PERMISSION"("ROLE_CODE","MENU_ID","AUTH_CREATE","AUTH_READ","AUTH_UPDATE","AUTH_DELETE","AUTH_EXPORT","AUTH_ISSUED") values ('620','3582',0,1,0,0,0,0);


insert into "E_USER"("USER_ID","LOGIN_ID","PASSWORD","USER_NAME","ADMIN","SEX","EMAIL","MOBILE","TELEPHONE","STATE","PWD_STATE","MEMO","REG_DATE","UPDATE_DATE","REG_USER","UPDATE_USER","EXT1","EXT2","EXT3","EXT4","EXT5","EXT6","EXT7","EXT8","EXT9","EXT10","EXT11","EXT12","EXT13","EXT14","EXT15","EXT16","EXT17","EXT18","EXT19","EXT20","EXT21","EXT22","EXT23","EXT24","EXT25","EXT26","EXT27","EXT28","EXT29","EXT30") values ('921','test_lxg_1','123456','afa',0,1,'','','',1,0,'aaa','2016-10-09','2016-10-27','101','101',null,null,null,null,null,null,null,null,null,null,null,null,null,null,'1',null,null,null,null,null,null,null,null,null,null,null,null,null,null,null);
insert into "E_USER"("USER_ID","LOGIN_ID","PASSWORD","USER_NAME","ADMIN","SEX","EMAIL","MOBILE","TELEPHONE","STATE","PWD_STATE","MEMO","REG_DATE","UPDATE_DATE","REG_USER","UPDATE_USER","EXT1","EXT2","EXT3","EXT4","EXT5","EXT6","EXT7","EXT8","EXT9","EXT10","EXT11","EXT12","EXT13","EXT14","EXT15","EXT16","EXT17","EXT18","EXT19","EXT20","EXT21","EXT22","EXT23","EXT24","EXT25","EXT26","EXT27","EXT28","EXT29","EXT30") values ('901','liuxingguang','123456','lxg',0,1,null,null,null,1,0,null,'2016-09-20','2016-10-09','101','101','431',null,null,null,null,null,null,null,null,null,null,'431',null,null,'1',null,null,null,null,null,null,null,null,null,null,null,null,null,null,null);
insert into "E_USER"("USER_ID","LOGIN_ID","PASSWORD","USER_NAME","ADMIN","SEX","EMAIL","MOBILE","TELEPHONE","STATE","PWD_STATE","MEMO","REG_DATE","UPDATE_DATE","REG_USER","UPDATE_USER","EXT1","EXT2","EXT3","EXT4","EXT5","EXT6","EXT7","EXT8","EXT9","EXT10","EXT11","EXT12","EXT13","EXT14","EXT15","EXT16","EXT17","EXT18","EXT19","EXT20","EXT21","EXT22","EXT23","EXT24","EXT25","EXT26","EXT27","EXT28","EXT29","EXT30") values ('924','chrissdf','chris','chris',0,1,'chris@qq.com','chris',null,1,0,'阿斯蒂','2016-10-09','2016-10-09','101','101',null,null,null,null,null,null,null,null,null,null,null,null,null,null,'1',null,null,null,null,null,null,null,null,null,null,null,null,null,null,null);
insert into "E_USER"("USER_ID","LOGIN_ID","PASSWORD","USER_NAME","ADMIN","SEX","EMAIL","MOBILE","TELEPHONE","STATE","PWD_STATE","MEMO","REG_DATE","UPDATE_DATE","REG_USER","UPDATE_USER","EXT1","EXT2","EXT3","EXT4","EXT5","EXT6","EXT7","EXT8","EXT9","EXT10","EXT11","EXT12","EXT13","EXT14","EXT15","EXT16","EXT17","EXT18","EXT19","EXT20","EXT21","EXT22","EXT23","EXT24","EXT25","EXT26","EXT27","EXT28","EXT29","EXT30") values ('881','xxx','123456',' 邢政',0,null,null,null,null,1,0,null,'2016-09-12','2016-09-12','101','101','431','43104',null,null,null,null,null,null,null,null,null,'431','43104',null,'0',null,null,null,null,null,null,null,null,null,null,null,null,null,null,null);
insert into "E_USER"("USER_ID","LOGIN_ID","PASSWORD","USER_NAME","ADMIN","SEX","EMAIL","MOBILE","TELEPHONE","STATE","PWD_STATE","MEMO","REG_DATE","UPDATE_DATE","REG_USER","UPDATE_USER","EXT1","EXT2","EXT3","EXT4","EXT5","EXT6","EXT7","EXT8","EXT9","EXT10","EXT11","EXT12","EXT13","EXT14","EXT15","EXT16","EXT17","EXT18","EXT19","EXT20","EXT21","EXT22","EXT23","EXT24","EXT25","EXT26","EXT27","EXT28","EXT29","EXT30") values ('981','test33','test333','test',0,1,'','','',1,0,'','2016-10-31','2016-10-31','101','101',null,null,null,null,null,null,null,null,null,null,null,null,null,null,null,null,null,null,null,null,null,null,null,null,null,null,null,null,null,null);
insert into "E_USER"("USER_ID","LOGIN_ID","PASSWORD","USER_NAME","ADMIN","SEX","EMAIL","MOBILE","TELEPHONE","STATE","PWD_STATE","MEMO","REG_DATE","UPDATE_DATE","REG_USER","UPDATE_USER","EXT1","EXT2","EXT3","EXT4","EXT5","EXT6","EXT7","EXT8","EXT9","EXT10","EXT11","EXT12","EXT13","EXT14","EXT15","EXT16","EXT17","EXT18","EXT19","EXT20","EXT21","EXT22","EXT23","EXT24","EXT25","EXT26","EXT27","EXT28","EXT29","EXT30") values ('861','yuyang','1q2w3e','于洋',0,0,null,null,null,1,0,null,'2016-08-16','2016-09-13','101','101','431',null,null,null,null,null,null,null,null,null,null,'431',null,null,'1',null,null,null,null,null,null,null,null,null,null,null,null,null,null,null);
insert into "E_USER"("USER_ID","LOGIN_ID","PASSWORD","USER_NAME","ADMIN","SEX","EMAIL","MOBILE","TELEPHONE","STATE","PWD_STATE","MEMO","REG_DATE","UPDATE_DATE","REG_USER","UPDATE_USER","EXT1","EXT2","EXT3","EXT4","EXT5","EXT6","EXT7","EXT8","EXT9","EXT10","EXT11","EXT12","EXT13","EXT14","EXT15","EXT16","EXT17","EXT18","EXT19","EXT20","EXT21","EXT22","EXT23","EXT24","EXT25","EXT26","EXT27","EXT28","EXT29","EXT30") values ('882','cxj','111111','陈晓静',0,0,'1111@bonc.com.cn','111111','11111',1,0,'aaaa','2016-09-14','2016-09-18','101','101','431','43101',null,null,null,null,null,null,null,null,null,'431','43101',null,'1',null,null,null,null,null,null,null,null,null,null,null,null,null,null,null);
insert into "E_USER"("USER_ID","LOGIN_ID","PASSWORD","USER_NAME","ADMIN","SEX","EMAIL","MOBILE","TELEPHONE","STATE","PWD_STATE","MEMO","REG_DATE","UPDATE_DATE","REG_USER","UPDATE_USER","EXT1","EXT2","EXT3","EXT4","EXT5","EXT6","EXT7","EXT8","EXT9","EXT10","EXT11","EXT12","EXT13","EXT14","EXT15","EXT16","EXT17","EXT18","EXT19","EXT20","EXT21","EXT22","EXT23","EXT24","EXT25","EXT26","EXT27","EXT28","EXT29","EXT30") values ('883','111','111111','111',0,1,null,null,null,1,0,null,'2016-09-18','2016-09-18','101','101',null,null,null,null,null,null,null,null,null,null,null,null,null,null,'1',null,null,null,null,null,null,null,null,null,null,null,null,null,null,null);
insert into "E_USER"("USER_ID","LOGIN_ID","PASSWORD","USER_NAME","ADMIN","SEX","EMAIL","MOBILE","TELEPHONE","STATE","PWD_STATE","MEMO","REG_DATE","UPDATE_DATE","REG_USER","UPDATE_USER","EXT1","EXT2","EXT3","EXT4","EXT5","EXT6","EXT7","EXT8","EXT9","EXT10","EXT11","EXT12","EXT13","EXT14","EXT15","EXT16","EXT17","EXT18","EXT19","EXT20","EXT21","EXT22","EXT23","EXT24","EXT25","EXT26","EXT27","EXT28","EXT29","EXT30") values ('963','ceshi111','ceshi111','ceshi111',0,1,'','','',1,0,'','2016-10-28','2016-10-28','101','101',null,null,null,null,null,null,null,null,null,null,null,null,null,null,null,null,null,null,null,null,null,null,null,null,null,null,null,null,null,null);
insert into "E_USER"("USER_ID","LOGIN_ID","PASSWORD","USER_NAME","ADMIN","SEX","EMAIL","MOBILE","TELEPHONE","STATE","PWD_STATE","MEMO","REG_DATE","UPDATE_DATE","REG_USER","UPDATE_USER","EXT1","EXT2","EXT3","EXT4","EXT5","EXT6","EXT7","EXT8","EXT9","EXT10","EXT11","EXT12","EXT13","EXT14","EXT15","EXT16","EXT17","EXT18","EXT19","EXT20","EXT21","EXT22","EXT23","EXT24","EXT25","EXT26","EXT27","EXT28","EXT29","EXT30") values ('885','liuxinxin','bonc','刘欣欣',0,0,null,null,null,1,0,'lxx','2016-09-18','2016-09-18','101','101','432','43203',null,null,null,null,null,null,null,null,null,'432','43203',null,'1',null,null,null,null,null,null,null,null,null,null,null,null,null,null,null);
insert into "E_USER"("USER_ID","LOGIN_ID","PASSWORD","USER_NAME","ADMIN","SEX","EMAIL","MOBILE","TELEPHONE","STATE","PWD_STATE","MEMO","REG_DATE","UPDATE_DATE","REG_USER","UPDATE_USER","EXT1","EXT2","EXT3","EXT4","EXT5","EXT6","EXT7","EXT8","EXT9","EXT10","EXT11","EXT12","EXT13","EXT14","EXT15","EXT16","EXT17","EXT18","EXT19","EXT20","EXT21","EXT22","EXT23","EXT24","EXT25","EXT26","EXT27","EXT28","EXT29","EXT30") values ('747','bonc','bonc','bonc',0,1,null,null,null,1,0,null,'2016-04-14','2016-07-07','101','101','431','s s',null,null,null,null,null,null,null,null,null,'431','s s','s s',null,null,null,null,null,null,null,null,null,null,null,null,null,null,null,null);
insert into "E_USER"("USER_ID","LOGIN_ID","PASSWORD","USER_NAME","ADMIN","SEX","EMAIL","MOBILE","TELEPHONE","STATE","PWD_STATE","MEMO","REG_DATE","UPDATE_DATE","REG_USER","UPDATE_USER","EXT1","EXT2","EXT3","EXT4","EXT5","EXT6","EXT7","EXT8","EXT9","EXT10","EXT11","EXT12","EXT13","EXT14","EXT15","EXT16","EXT17","EXT18","EXT19","EXT20","EXT21","EXT22","EXT23","EXT24","EXT25","EXT26","EXT27","EXT28","EXT29","EXT30") values ('101','admin','boncixs','管理员',1,1,null,'18101225609',null,1,1,'超级管理员','2013-03-06','2016-09-12','3','101','437','-1',null,'21',null,null,null,null,null,null,null,'437',null,null,'0',null,null,null,null,null,null,null,null,null,null,null,null,null,null,null);
insert into "E_USER"("USER_ID","LOGIN_ID","PASSWORD","USER_NAME","ADMIN","SEX","EMAIL","MOBILE","TELEPHONE","STATE","PWD_STATE","MEMO","REG_DATE","UPDATE_DATE","REG_USER","UPDATE_USER","EXT1","EXT2","EXT3","EXT4","EXT5","EXT6","EXT7","EXT8","EXT9","EXT10","EXT11","EXT12","EXT13","EXT14","EXT15","EXT16","EXT17","EXT18","EXT19","EXT20","EXT21","EXT22","EXT23","EXT24","EXT25","EXT26","EXT27","EXT28","EXT29","EXT30") values ('521','cxt','bonc_1q2w3e','test',0,1,null,null,null,1,0,null,'2015-07-06','2016-02-05','101','101',null,'-1',null,'53',null,null,null,null,null,null,null,null,null,null,null,null,null,null,null,null,null,null,null,null,null,null,null,null,null,null);
insert into "E_USER"("USER_ID","LOGIN_ID","PASSWORD","USER_NAME","ADMIN","SEX","EMAIL","MOBILE","TELEPHONE","STATE","PWD_STATE","MEMO","REG_DATE","UPDATE_DATE","REG_USER","UPDATE_USER","EXT1","EXT2","EXT3","EXT4","EXT5","EXT6","EXT7","EXT8","EXT9","EXT10","EXT11","EXT12","EXT13","EXT14","EXT15","EXT16","EXT17","EXT18","EXT19","EXT20","EXT21","EXT22","EXT23","EXT24","EXT25","EXT26","EXT27","EXT28","EXT29","EXT30") values ('400','bon0c','bonc2','测试',0,0,'','','',1,null,'',null,'2016-10-28',null,'101','432','43201',null,null,null,null,null,null,null,null,null,null,null,null,null,null,null,null,null,null,null,null,null,null,null,null,null,null,null,null);
insert into "E_USER"("USER_ID","LOGIN_ID","PASSWORD","USER_NAME","ADMIN","SEX","EMAIL","MOBILE","TELEPHONE","STATE","PWD_STATE","MEMO","REG_DATE","UPDATE_DATE","REG_USER","UPDATE_USER","EXT1","EXT2","EXT3","EXT4","EXT5","EXT6","EXT7","EXT8","EXT9","EXT10","EXT11","EXT12","EXT13","EXT14","EXT15","EXT16","EXT17","EXT18","EXT19","EXT20","EXT21","EXT22","EXT23","EXT24","EXT25","EXT26","EXT27","EXT28","EXT29","EXT30") values ('608','bon36','bonc26','bo3c62',1,0,null,null,null,1,null,null,null,'2016-10-09',null,'101',null,null,null,null,null,null,null,null,null,null,null,null,null,null,'1',null,null,null,null,null,null,null,null,null,null,null,null,null,null,null);
insert into "E_USER"("USER_ID","LOGIN_ID","PASSWORD","USER_NAME","ADMIN","SEX","EMAIL","MOBILE","TELEPHONE","STATE","PWD_STATE","MEMO","REG_DATE","UPDATE_DATE","REG_USER","UPDATE_USER","EXT1","EXT2","EXT3","EXT4","EXT5","EXT6","EXT7","EXT8","EXT9","EXT10","EXT11","EXT12","EXT13","EXT14","EXT15","EXT16","EXT17","EXT18","EXT19","EXT20","EXT21","EXT22","EXT23","EXT24","EXT25","EXT26","EXT27","EXT28","EXT29","EXT30") values ('841','的擦身','11111','淡淡的',0,1,null,null,null,1,0,null,'2016-07-08','2016-07-08','101','101','431',null,null,null,null,null,null,null,null,null,null,'431',null,null,null,null,null,null,null,null,null,null,null,null,null,null,null,null,null,null);
insert into "E_USER"("USER_ID","LOGIN_ID","PASSWORD","USER_NAME","ADMIN","SEX","EMAIL","MOBILE","TELEPHONE","STATE","PWD_STATE","MEMO","REG_DATE","UPDATE_DATE","REG_USER","UPDATE_USER","EXT1","EXT2","EXT3","EXT4","EXT5","EXT6","EXT7","EXT8","EXT9","EXT10","EXT11","EXT12","EXT13","EXT14","EXT15","EXT16","EXT17","EXT18","EXT19","EXT20","EXT21","EXT22","EXT23","EXT24","EXT25","EXT26","EXT27","EXT28","EXT29","EXT30") values ('923','1111','1q2w3e4r','1111',0,1,null,null,null,1,0,null,'2016-10-09','2016-10-09','101','101',null,null,null,null,null,null,null,null,null,null,null,null,null,null,'1',null,null,null,null,null,null,null,null,null,null,null,null,null,null,null);
insert into "E_USER"("USER_ID","LOGIN_ID","PASSWORD","USER_NAME","ADMIN","SEX","EMAIL","MOBILE","TELEPHONE","STATE","PWD_STATE","MEMO","REG_DATE","UPDATE_DATE","REG_USER","UPDATE_USER","EXT1","EXT2","EXT3","EXT4","EXT5","EXT6","EXT7","EXT8","EXT9","EXT10","EXT11","EXT12","EXT13","EXT14","EXT15","EXT16","EXT17","EXT18","EXT19","EXT20","EXT21","EXT22","EXT23","EXT24","EXT25","EXT26","EXT27","EXT28","EXT29","EXT30") values ('965','qa','qaqaqa','qa',0,1,'','','',1,0,'','2016-10-28','2016-10-28','101','101',null,null,null,null,null,null,null,null,null,null,null,null,null,null,null,null,null,null,null,null,null,null,null,null,null,null,null,null,null,null);
insert into "E_USER"("USER_ID","LOGIN_ID","PASSWORD","USER_NAME","ADMIN","SEX","EMAIL","MOBILE","TELEPHONE","STATE","PWD_STATE","MEMO","REG_DATE","UPDATE_DATE","REG_USER","UPDATE_USER","EXT1","EXT2","EXT3","EXT4","EXT5","EXT6","EXT7","EXT8","EXT9","EXT10","EXT11","EXT12","EXT13","EXT14","EXT15","EXT16","EXT17","EXT18","EXT19","EXT20","EXT21","EXT22","EXT23","EXT24","EXT25","EXT26","EXT27","EXT28","EXT29","EXT30") values ('967','qw','qqqqqq','qw',0,1,'','','',1,0,'','2016-10-28','2016-10-28','101','101',null,null,null,null,null,null,null,null,null,null,null,null,null,null,null,null,null,null,null,null,null,null,null,null,null,null,null,null,null,null);
insert into "E_USER"("USER_ID","LOGIN_ID","PASSWORD","USER_NAME","ADMIN","SEX","EMAIL","MOBILE","TELEPHONE","STATE","PWD_STATE","MEMO","REG_DATE","UPDATE_DATE","REG_USER","UPDATE_USER","EXT1","EXT2","EXT3","EXT4","EXT5","EXT6","EXT7","EXT8","EXT9","EXT10","EXT11","EXT12","EXT13","EXT14","EXT15","EXT16","EXT17","EXT18","EXT19","EXT20","EXT21","EXT22","EXT23","EXT24","EXT25","EXT26","EXT27","EXT28","EXT29","EXT30") values ('968','qq1','111111','qq1',0,1,'','','',1,0,'','2016-10-28','2016-10-28','101','101',null,null,null,null,null,null,null,null,null,null,null,null,null,null,null,null,null,null,null,null,null,null,null,null,null,null,null,null,null,null);
insert into "E_USER"("USER_ID","LOGIN_ID","PASSWORD","USER_NAME","ADMIN","SEX","EMAIL","MOBILE","TELEPHONE","STATE","PWD_STATE","MEMO","REG_DATE","UPDATE_DATE","REG_USER","UPDATE_USER","EXT1","EXT2","EXT3","EXT4","EXT5","EXT6","EXT7","EXT8","EXT9","EXT10","EXT11","EXT12","EXT13","EXT14","EXT15","EXT16","EXT17","EXT18","EXT19","EXT20","EXT21","EXT22","EXT23","EXT24","EXT25","EXT26","EXT27","EXT28","EXT29","EXT30") values ('969','zz','zzzzzz','zz',0,1,'','','',1,0,'','2016-10-28','2016-10-28','101','101',null,null,null,null,null,null,null,null,null,null,null,null,null,null,null,null,null,null,null,null,null,null,null,null,null,null,null,null,null,null);
insert into "E_USER"("USER_ID","LOGIN_ID","PASSWORD","USER_NAME","ADMIN","SEX","EMAIL","MOBILE","TELEPHONE","STATE","PWD_STATE","MEMO","REG_DATE","UPDATE_DATE","REG_USER","UPDATE_USER","EXT1","EXT2","EXT3","EXT4","EXT5","EXT6","EXT7","EXT8","EXT9","EXT10","EXT11","EXT12","EXT13","EXT14","EXT15","EXT16","EXT17","EXT18","EXT19","EXT20","EXT21","EXT22","EXT23","EXT24","EXT25","EXT26","EXT27","EXT28","EXT29","EXT30") values ('970','测试','1212','测试',0,1,'','','',1,0,'','2016-10-28','2016-10-28','101','101',null,null,null,null,null,null,null,null,null,null,null,null,null,null,null,null,null,null,null,null,null,null,null,null,null,null,null,null,null,null);


insert into "E_USER_ACCOUNT"("ACCOUNT_CODE","USER_ID") values ('A01','861');
insert into "E_USER_ACCOUNT"("ACCOUNT_CODE","USER_ID") values ('A03','400');
insert into "E_USER_ACCOUNT"("ACCOUNT_CODE","USER_ID") values ('A01','923');
insert into "E_USER_ACCOUNT"("ACCOUNT_CODE","USER_ID") values ('A01','101');
insert into "E_USER_ACCOUNT"("ACCOUNT_CODE","USER_ID") values ('A01','963');
insert into "E_USER_ACCOUNT"("ACCOUNT_CODE","USER_ID") values ('A01','970');
insert into "E_USER_ACCOUNT"("ACCOUNT_CODE","USER_ID") values ('A01','968');
insert into "E_USER_ACCOUNT"("ACCOUNT_CODE","USER_ID") values ('A01','969');
insert into "E_USER_ACCOUNT"("ACCOUNT_CODE","USER_ID") values ('A01','981');

insert into "E_USER_ATTR_DIM"("ATTR_CODE","ATTR_NAME","PARENT_CODE","SHOW_MODE","CODE_TABLE","CODE_KEY","CODE_PARENT_KEY","CODE_DESC","CODE_ORD","DATA_TYPE","MULTI","ATTR_ORD","IS_NULL","DEFAULT_VALUE","DEFAULT_DESC","SUBSYSTEM_ID","ATTR_DESC") values ('AREA_NO','地市','0','CAS--Select','CMCODE_AREA','AREA_NO','','AREA_DESC','AREA_NO','V_01',0,0,1,'','','','地市');
insert into "E_USER_ATTR_DIM"("ATTR_CODE","ATTR_NAME","PARENT_CODE","SHOW_MODE","CODE_TABLE","CODE_KEY","CODE_PARENT_KEY","CODE_DESC","CODE_ORD","DATA_TYPE","MULTI","ATTR_ORD","IS_NULL","DEFAULT_VALUE","DEFAULT_DESC","SUBSYSTEM_ID","ATTR_DESC") values ('CITY_NO','区县','1','CAS--Select','CMCODE_CITY','CITY_NO','AREA_NO','CITY_DESC','CITY_NO','V_01',0,0,1,'','','','区县');


insert into "E_USER_ATTR_SUBSYSTEM"("ATTR_CODE","SUBSYSTEM_ID") values ('AREA_NO','123');
insert into "E_USER_ATTR_SUBSYSTEM"("ATTR_CODE","SUBSYSTEM_ID") values ('11','q');


insert into "E_USER_COLLECT"("ID","USER_ID","MENU_ID","COLLECT_DATE","IDX") values ('767','101','null','2016-10-28-15.14.11','0');


insert into "E_USER_EXTVALUE_TYPE"("TYPE_CODE","TYPE_DESC","TYPE_VALUE") values ('V_02','数字','NUMBER');
insert into "E_USER_EXTVALUE_TYPE"("TYPE_CODE","TYPE_DESC","TYPE_VALUE") values ('V_01','字符串','VARCHAR2(2000)');
insert into "E_USER_EXTVALUE_TYPE"("TYPE_CODE","TYPE_DESC","TYPE_VALUE") values ('V_03','日期','DATE');


insert into "E_USER_EXT_COLUMN_ATTR"("ATTR_CODE","COLUMN_NAME") values ('qq','EXT1');
insert into "E_USER_EXT_COLUMN_ATTR"("ATTR_CODE","COLUMN_NAME") values ('zz','EXT2');
insert into "E_USER_EXT_COLUMN_ATTR"("ATTR_CODE","COLUMN_NAME") values ('CITY_NO','EXT2');
insert into "E_USER_EXT_COLUMN_ATTR"("ATTR_CODE","COLUMN_NAME") values ('CITY_NO','EXT2');
insert into "E_USER_EXT_COLUMN_ATTR"("ATTR_CODE","COLUMN_NAME") values ('AREA_NO','EXT1');


insert into "E_USER_EXT_MODEL"("MODEL_CODE","MODEL_DESC") values ('CHECKBOX','多选框');
insert into "E_USER_EXT_MODEL"("MODEL_CODE","MODEL_DESC") values ('TREE','树形');
insert into "E_USER_EXT_MODEL"("MODEL_CODE","MODEL_DESC") values ('INPUT','文本框');
insert into "E_USER_EXT_MODEL"("MODEL_CODE","MODEL_DESC") values ('RADIO','单选框');
insert into "E_USER_EXT_MODEL"("MODEL_CODE","MODEL_DESC") values ('CASSelect','级联下拉列表');


insert into "E_USER_ROLE"("ROLE_CODE","USER_ID") values ('620','861');
insert into "E_USER_ROLE"("ROLE_CODE","USER_ID") values ('503','101');
insert into "E_USER_ROLE"("ROLE_CODE","USER_ID") values ('0','883');
insert into "E_USER_ROLE"("ROLE_CODE","USER_ID") values ('0','923');
insert into "E_USER_ROLE"("ROLE_CODE","USER_ID") values ('0','101');
insert into "E_USER_ROLE"("ROLE_CODE","USER_ID") values ('508','400');
insert into "E_USER_ROLE"("ROLE_CODE","USER_ID") values ('1','400');
insert into "E_USER_ROLE"("ROLE_CODE","USER_ID") values ('641','400');
insert into "E_USER_ROLE"("ROLE_CODE","USER_ID") values ('504','101');
insert into "E_USER_ROLE"("ROLE_CODE","USER_ID") values ('503','885');
insert into "E_USER_ROLE"("ROLE_CODE","USER_ID") values ('504','882');
insert into "E_USER_ROLE"("ROLE_CODE","USER_ID") values ('504','885');

insert into "OCT_ACCOUNT"("ACCOUNT_CODE","ACCOUNT_NAME","ACCOUNT_DESC","CREATED_USER","CREATED_DATE","MODIFIED_USER","MODIFIED_DATE") values ('A01','BONC','企业账号','101','2016-10-27','101','2016-10-27');
insert into "OCT_ACCOUNT"("ACCOUNT_CODE","ACCOUNT_NAME","ACCOUNT_DESC","CREATED_USER","CREATED_DATE","MODIFIED_USER","MODIFIED_DATE") values ('A03','长春','长春','101','20161028','101','20161031');


insert into "SYS_CONST_TABLE"("CONST_TYPE","CONST_NAME","CONST_VALUE","CONST_DESC") values ('var.dss','calendar.maxmonth','201611','数据可查询的最大月份');
insert into "SYS_CONST_TABLE"("CONST_TYPE","CONST_NAME","CONST_VALUE","CONST_DESC") values ('var.dss','calendar.minmonth','201012','数据可查询的最小月份');
insert into "SYS_CONST_TABLE"("CONST_TYPE","CONST_NAME","CONST_VALUE","CONST_DESC") values ('var.dss','calendar.mindate','20070101','数据最早日期，控制日历用');
insert into "SYS_CONST_TABLE"("CONST_TYPE","CONST_NAME","CONST_VALUE","CONST_DESC") values ('var.dss','calendar.curdate','20140106','当期日期');


insert into "TEST_0525"("CODE","NAME","KPI1","KPI2","KPI3","KPI4","KPI5","TYPE","KPI6","AREA","DDDDD","DATA_T") values ('2201','长春市','1','115','111','1111','33334','c网','111111','全国','20160504','2015-05-01');
insert into "TEST_0525"("CODE","NAME","KPI1","KPI2","KPI3","KPI4","KPI5","TYPE","KPI6","AREA","DDDDD","DATA_T") values ('2202','吉林市','2','22','222','2222','22222','c网','222222','全国','20160504','2015-05-01');
insert into "TEST_0525"("CODE","NAME","KPI1","KPI2","KPI3","KPI4","KPI5","TYPE","KPI6","AREA","DDDDD","DATA_T") values ('2201','松原市','7','77','777','7777','33334','宽带','777777','全国','20160504','2015-05-01');
insert into "TEST_0525"("CODE","NAME","KPI1","KPI2","KPI3","KPI4","KPI5","TYPE","KPI6","AREA","DDDDD","DATA_T") values ('2202','白城市','8','88','888','8888','88888','宽带','888888','全国','20160504','2015-05-01');
insert into "TEST_0525"("CODE","NAME","KPI1","KPI2","KPI3","KPI4","KPI5","TYPE","KPI6","AREA","DDDDD","DATA_T") values ('2201','四平市','3','33','333','3333','33334','c网','333333','全国','20160504','2015-05-01');


insert into "TEST_1130"("AREA_CODE","AREA_DESC","KPI1","KPI2","KPI3","KPI4","KPI5","TYPE","KPI6","CITY_CODE","CITY_DESC","ACCT_MONTH") values ('431','长春市','1','115','111','1111','11111','c网','111111','43101','长春.长春市','201611');
insert into "TEST_1130"("AREA_CODE","AREA_DESC","KPI1","KPI2","KPI3","KPI4","KPI5","TYPE","KPI6","CITY_CODE","CITY_DESC","ACCT_MONTH") values ('432','吉林市','2','22','222','2222','22222','c网','222222','43201','吉林.吉林市','201611');
insert into "TEST_1130"("AREA_CODE","AREA_DESC","KPI1","KPI2","KPI3","KPI4","KPI5","TYPE","KPI6","CITY_CODE","CITY_DESC","ACCT_MONTH") values ('438','松原市','7','77','777','7777','77777','宽带','777777','43801','松原.松原市','201611');
insert into "TEST_1130"("AREA_CODE","AREA_DESC","KPI1","KPI2","KPI3","KPI4","KPI5","TYPE","KPI6","CITY_CODE","CITY_DESC","ACCT_MONTH") values ('436','白城市','8','88','888','8888','88888','宽带','888888','43601','白城.白城市','201608');
insert into "TEST_1130"("AREA_CODE","AREA_DESC","KPI1","KPI2","KPI3","KPI4","KPI5","TYPE","KPI6","CITY_CODE","CITY_DESC","ACCT_MONTH") values ('434','四平市','3','33','333','3333','33333','c网','333333','43401','四平.四平市','201609');
insert into "TEST_1130"("AREA_CODE","AREA_DESC","KPI1","KPI2","KPI3","KPI4","KPI5","TYPE","KPI6","CITY_CODE","CITY_DESC","ACCT_MONTH") values ('433','延边市','4','53','433','2323','21333','宽带','333322','43301','延边.延边市','201610');
insert into "TEST_1130"("AREA_CODE","AREA_DESC","KPI1","KPI2","KPI3","KPI4","KPI5","TYPE","KPI6","CITY_CODE","CITY_DESC","ACCT_MONTH") values ('431','长春市','1','195','141','1231','4433','c网','2345','43104','长春.农安','201611');
insert into "TEST_1130"("AREA_CODE","AREA_DESC","KPI1","KPI2","KPI3","KPI4","KPI5","TYPE","KPI6","CITY_CODE","CITY_DESC","ACCT_MONTH") values ('431','长春市','1','110','111','432','3445','c网','4433','43105','长春.双阳','201611');
insert into "TEST_1130"("AREA_CODE","AREA_DESC","KPI1","KPI2","KPI3","KPI4","KPI5","TYPE","KPI6","CITY_CODE","CITY_DESC","ACCT_MONTH") values ('432','吉林市','9','23','234','2334','3453','c网','2342','43202','吉林.磐石','201611');
insert into "TEST_1130"("AREA_CODE","AREA_DESC","KPI1","KPI2","KPI3","KPI4","KPI5","TYPE","KPI6","CITY_CODE","CITY_DESC","ACCT_MONTH") values ('432','吉林市','52','34','443','4332','3455','c网','4213','43203','吉林.舒兰','201611');
insert into "TEST_1130"("AREA_CODE","AREA_DESC","KPI1","KPI2","KPI3","KPI4","KPI5","TYPE","KPI6","CITY_CODE","CITY_DESC","ACCT_MONTH") values ('438','松原市','27','65','2345','2345','2344','宽带','2342','43802','松原.扶余','201611');
insert into "TEST_1130"("AREA_CODE","AREA_DESC","KPI1","KPI2","KPI3","KPI4","KPI5","TYPE","KPI6","CITY_CODE","CITY_DESC","ACCT_MONTH") values ('438','松原市','37','36','2343','5432','3453','宽带','5234','43803','松原.乾安','201611');
insert into "TEST_1130"("AREA_CODE","AREA_DESC","KPI1","KPI2","KPI3","KPI4","KPI5","TYPE","KPI6","CITY_CODE","CITY_DESC","ACCT_MONTH") values ('436','白城市','83','46','45','2344','5743','宽带','2354','43602','白城.大安','201611');
insert into "TEST_1130"("AREA_CODE","AREA_DESC","KPI1","KPI2","KPI3","KPI4","KPI5","TYPE","KPI6","CITY_CODE","CITY_DESC","ACCT_MONTH") values ('436','白城市','82','45','43','4332','3342','宽带','2235','43603','白城.通榆','201611');
insert into "TEST_1130"("AREA_CODE","AREA_DESC","KPI1","KPI2","KPI3","KPI4","KPI5","TYPE","KPI6","CITY_CODE","CITY_DESC","ACCT_MONTH") values ('434','四平市','35','122','232','1231','4234','c网','3344','43402','四平.梨树','201611');
insert into "TEST_1130"("AREA_CODE","AREA_DESC","KPI1","KPI2","KPI3","KPI4","KPI5","TYPE","KPI6","CITY_CODE","CITY_DESC","ACCT_MONTH") values ('434','四平市','38','332','234','3321','2342','c网','2344','43403','四平.双辽','201611');
insert into "TEST_1130"("AREA_CODE","AREA_DESC","KPI1","KPI2","KPI3","KPI4","KPI5","TYPE","KPI6","CITY_CODE","CITY_DESC","ACCT_MONTH") values ('433','延边市','14','65','324','4400','3432','宽带','2332','43302','延边.敦化','201611');
insert into "TEST_1130"("AREA_CODE","AREA_DESC","KPI1","KPI2","KPI3","KPI4","KPI5","TYPE","KPI6","CITY_CODE","CITY_DESC","ACCT_MONTH") values ('433','延边市','24','23','453','4432','3345','宽带','3322','43303','延边.和龙','201611');
insert into "TEST_1130"("AREA_CODE","AREA_DESC","KPI1","KPI2","KPI3","KPI4","KPI5","TYPE","KPI6","CITY_CODE","CITY_DESC","ACCT_MONTH") values ('431','长春市','21','495','441','1231','6433','c网','3421','43104','长春.农安','201610');
insert into "TEST_1130"("AREA_CODE","AREA_DESC","KPI1","KPI2","KPI3","KPI4","KPI5","TYPE","KPI6","CITY_CODE","CITY_DESC","ACCT_MONTH") values ('431','长春市','12','110','111','532','3445','c网','4433','43105','长春.双阳','201610');
insert into "TEST_1130"("AREA_CODE","AREA_DESC","KPI1","KPI2","KPI3","KPI4","KPI5","TYPE","KPI6","CITY_CODE","CITY_DESC","ACCT_MONTH") values ('432','吉林市','29','23','234','3334','3453','c网','1342','43202','吉林.磐石','201610');
insert into "TEST_1130"("AREA_CODE","AREA_DESC","KPI1","KPI2","KPI3","KPI4","KPI5","TYPE","KPI6","CITY_CODE","CITY_DESC","ACCT_MONTH") values ('432','吉林市','522','34','443','2332','3455','c网','1213','43203','吉林.舒兰','201610');
insert into "TEST_1130"("AREA_CODE","AREA_DESC","KPI1","KPI2","KPI3","KPI4","KPI5","TYPE","KPI6","CITY_CODE","CITY_DESC","ACCT_MONTH") values ('438','松原市','227','65','3421','3421','2344','宽带','1342','43802','松原.扶余','201610');
insert into "TEST_1130"("AREA_CODE","AREA_DESC","KPI1","KPI2","KPI3","KPI4","KPI5","TYPE","KPI6","CITY_CODE","CITY_DESC","ACCT_MONTH") values ('438','松原市','327','36','2343','1432','3453','宽带','1234','43803','松原.乾安','201610');
insert into "TEST_1130"("AREA_CODE","AREA_DESC","KPI1","KPI2","KPI3","KPI4","KPI5","TYPE","KPI6","CITY_CODE","CITY_DESC","ACCT_MONTH") values ('436','白城市','823','46','45','2344','5743','宽带','1354','43602','白城.大安','201610');
insert into "TEST_1130"("AREA_CODE","AREA_DESC","KPI1","KPI2","KPI3","KPI4","KPI5","TYPE","KPI6","CITY_CODE","CITY_DESC","ACCT_MONTH") values ('436','白城市','822','45','43','4332','3342','宽带','1235','43603','白城.通榆','201610');
insert into "TEST_1130"("AREA_CODE","AREA_DESC","KPI1","KPI2","KPI3","KPI4","KPI5","TYPE","KPI6","CITY_CODE","CITY_DESC","ACCT_MONTH") values ('434','四平市','325','122','232','1531','4234','c网','1344','43402','四平.梨树','201610');
insert into "TEST_1130"("AREA_CODE","AREA_DESC","KPI1","KPI2","KPI3","KPI4","KPI5","TYPE","KPI6","CITY_CODE","CITY_DESC","ACCT_MONTH") values ('434','四平市','328','332','234','3321','2342','c网','1344','43403','四平.双辽','201610');
insert into "TEST_1130"("AREA_CODE","AREA_DESC","KPI1","KPI2","KPI3","KPI4","KPI5","TYPE","KPI6","CITY_CODE","CITY_DESC","ACCT_MONTH") values ('433','延边市','124','265','224','4400','3632','宽带','1332','43302','延边.敦化','201610');
insert into "TEST_1130"("AREA_CODE","AREA_DESC","KPI1","KPI2","KPI3","KPI4","KPI5","TYPE","KPI6","CITY_CODE","CITY_DESC","ACCT_MONTH") values ('433','延边市','24','23','453','4432','3345','宽带','1322','43303','延边.和龙','201610');
insert into "TEST_1130"("AREA_CODE","AREA_DESC","KPI1","KPI2","KPI3","KPI4","KPI5","TYPE","KPI6","CITY_CODE","CITY_DESC","ACCT_MONTH") values ('431','长春市','21','495','441','1231','6433','c网','3322','43104','长春.农安','201610');
insert into "TEST_1130"("AREA_CODE","AREA_DESC","KPI1","KPI2","KPI3","KPI4","KPI5","TYPE","KPI6","CITY_CODE","CITY_DESC","ACCT_MONTH") values ('431','长春市','12','110','111','532','3445','c网','4332','43105','长春.双阳','201610');
insert into "TEST_1130"("AREA_CODE","AREA_DESC","KPI1","KPI2","KPI3","KPI4","KPI5","TYPE","KPI6","CITY_CODE","CITY_DESC","ACCT_MONTH") values ('432','吉林市','29','23','234','443','3453','c网','1342','43202','吉林.磐石','201610');
insert into "TEST_1130"("AREA_CODE","AREA_DESC","KPI1","KPI2","KPI3","KPI4","KPI5","TYPE","KPI6","CITY_CODE","CITY_DESC","ACCT_MONTH") values ('432','吉林市','522','34','443','223','3455','c网','2112','43203','吉林.舒兰','201610');
insert into "TEST_1130"("AREA_CODE","AREA_DESC","KPI1","KPI2","KPI3","KPI4","KPI5","TYPE","KPI6","CITY_CODE","CITY_DESC","ACCT_MONTH") values ('438','松原市','247','625','3421','3421','2344','宽带','1342','43802','松原.扶余','201610');
insert into "TEST_1130"("AREA_CODE","AREA_DESC","KPI1","KPI2","KPI3","KPI4","KPI5","TYPE","KPI6","CITY_CODE","CITY_DESC","ACCT_MONTH") values ('438','松原市','367','326','2343','1432','3453','宽带','1204','43803','松原.乾安','201609');
insert into "TEST_1130"("AREA_CODE","AREA_DESC","KPI1","KPI2","KPI3","KPI4","KPI5","TYPE","KPI6","CITY_CODE","CITY_DESC","ACCT_MONTH") values ('436','白城市','823','146','333','5534','5743','宽带','1354','43602','白城.大安','201609');
insert into "TEST_1130"("AREA_CODE","AREA_DESC","KPI1","KPI2","KPI3","KPI4","KPI5","TYPE","KPI6","CITY_CODE","CITY_DESC","ACCT_MONTH") values ('436','白城市','822','145','43','2345','3342','宽带','1235','43603','白城.通榆','201609');
insert into "TEST_1130"("AREA_CODE","AREA_DESC","KPI1","KPI2","KPI3","KPI4","KPI5","TYPE","KPI6","CITY_CODE","CITY_DESC","ACCT_MONTH") values ('434','四平市','325','122','232','1531','4234','c网','443','43402','四平.梨树','201609');
insert into "TEST_1130"("AREA_CODE","AREA_DESC","KPI1","KPI2","KPI3","KPI4","KPI5","TYPE","KPI6","CITY_CODE","CITY_DESC","ACCT_MONTH") values ('434','四平市','328','332','234','3321','2342','c网','233','43403','四平.双辽','201609');
insert into "TEST_1130"("AREA_CODE","AREA_DESC","KPI1","KPI2","KPI3","KPI4","KPI5","TYPE","KPI6","CITY_CODE","CITY_DESC","ACCT_MONTH") values ('433','延边市','24','265','345','554','566','宽带','666','43302','延边.敦化','201609');
insert into "TEST_1130"("AREA_CODE","AREA_DESC","KPI1","KPI2","KPI3","KPI4","KPI5","TYPE","KPI6","CITY_CODE","CITY_DESC","ACCT_MONTH") values ('433','延边市','24','23','453','4432','3345','宽带','1322','43303','延边.和龙','201609');


insert into "TMP_LIMING_USER"("LOGIN_ID","USER_NAME","REG_DATE","REG_TIME") values ('101','admin','20161101','20161101123130');
insert into "TMP_LIMING_USER"("LOGIN_ID","USER_NAME","REG_DATE","REG_TIME") values ('202','liming','20161231','20151231070810');




insert into "X_BASE_KPI"("BASE_KEY","KPI_VERSION","KPI_NAME","KPI_UNIT","KPI_ORIGIN_SCHEMA","KPI_ORIGIN_TABLE","KPI_ORIGIN_COLUMN","KPI_ORIGIN_REGULAR","KPI_EXPLAIN","KPI_PROPOSER","KPI_PROPOSER_DEPT","KPI_STATE","KPI_ORIGIN_DESC","TYPE","CREATE_USER_ID","CREATE_TIME","EDIT_USER_ID","EDIT_TIME","UPLOAD_FILE_NAME","UPLOAD_FILE_DIR","KPI_EDS","KPI_CATEGORY","ID","ACCOUNT_TYPE","KPI_CONDITION","KPI_TYPE","CUBE_CODE","KPI_CODE","KPI_ORD") values ('BK_20161128162821','2','手机成本','1','PK','DM_D_QD_USER_ALL','COST_PRICE','手机成本','手机成本','测试','东方国信','0','','4','101','20161128163632',null,'2016-12-02 12:07:26',null,null,'dm','1081','1082','1',null,null,'1480319639983','',20161128);
insert into "X_BASE_KPI"("BASE_KEY","KPI_VERSION","KPI_NAME","KPI_UNIT","KPI_ORIGIN_SCHEMA","KPI_ORIGIN_TABLE","KPI_ORIGIN_COLUMN","KPI_ORIGIN_REGULAR","KPI_EXPLAIN","KPI_PROPOSER","KPI_PROPOSER_DEPT","KPI_STATE","KPI_ORIGIN_DESC","TYPE","CREATE_USER_ID","CREATE_TIME","EDIT_USER_ID","EDIT_TIME","UPLOAD_FILE_NAME","UPLOAD_FILE_DIR","KPI_EDS","KPI_CATEGORY","ID","ACCOUNT_TYPE","KPI_CONDITION","KPI_TYPE","CUBE_CODE","KPI_CODE","KPI_ORD") values ('BK_20161202121436','1','手机指标','1','PK','DM_D_QD_USER_ALL','COST_PRICE',' SELECT COST_PRICE   FROM PK.DM_D_QD_USER_ALL','手机指标','手机指标','手机指标','1','','4','101','20161202141200',null,null,null,null,'db2_test','1081','1003','1',null,null,'1480319639983','',20161202);
insert into "X_BASE_KPI"("BASE_KEY","KPI_VERSION","KPI_NAME","KPI_UNIT","KPI_ORIGIN_SCHEMA","KPI_ORIGIN_TABLE","KPI_ORIGIN_COLUMN","KPI_ORIGIN_REGULAR","KPI_EXPLAIN","KPI_PROPOSER","KPI_PROPOSER_DEPT","KPI_STATE","KPI_ORIGIN_DESC","TYPE","CREATE_USER_ID","CREATE_TIME","EDIT_USER_ID","EDIT_TIME","UPLOAD_FILE_NAME","UPLOAD_FILE_DIR","KPI_EDS","KPI_CATEGORY","ID","ACCOUNT_TYPE","KPI_CONDITION","KPI_TYPE","CUBE_CODE","KPI_CODE","KPI_ORD") values ('BK_20161202200109','3','计费','1','PK','TEST_1130','KPI1',' SELECT KPI1   FROM PK.TEST_1130','aaaa','aa','dd','1','afsfasdff','4','101','20161202200140',null,'2016-12-02 20:54:12',null,null,'db2_test','1081','1021','1',null,null,'1480319639983','',20161202);


insert into "X_BASE_KPI_HIS"("BASE_KEY","KPI_VERSION","KPI_NAME","KPI_UNIT","KPI_ORIGIN_SCHEMA","KPI_ORIGIN_TABLE","KPI_ORIGIN_COLUMN","KPI_ORIGIN_REGULAR","KPI_EXPLAIN","KPI_PROPOSER","KPI_PROPOSER_DEPT","KPI_STATE","KPI_ORIGIN_DESC","TYPE","CREATE_USER_ID","CREATE_TIME","EDIT_USER_ID","EDIT_TIME","UPLOAD_FILE_NAME","UPLOAD_FILE_DIR","KPI_EDS","KPI_CATEGORY","ID","ACCOUNT_TYPE","KPI_CONDITION","KPI_TYPE","CUBE_CODE","KPI_CODE","HIS_ID") values ('BK_20161101160810','1','通话次数','3','DM','DM_D_QD_USER_ALL','BILL_CDR_NUM','通话次数[日]','通话次数[日]','111','111','1','','4','101','2016-11-01 16:04:28',null,null,null,null,'java:/comp/env/jndi/datasourceOracle','1001','1006','1',null,null,'1477882013764','B1000100000302','1005');
insert into "X_BASE_KPI_HIS"("BASE_KEY","KPI_VERSION","KPI_NAME","KPI_UNIT","KPI_ORIGIN_SCHEMA","KPI_ORIGIN_TABLE","KPI_ORIGIN_COLUMN","KPI_ORIGIN_REGULAR","KPI_EXPLAIN","KPI_PROPOSER","KPI_PROPOSER_DEPT","KPI_STATE","KPI_ORIGIN_DESC","TYPE","CREATE_USER_ID","CREATE_TIME","EDIT_USER_ID","EDIT_TIME","UPLOAD_FILE_NAME","UPLOAD_FILE_DIR","KPI_EDS","KPI_CATEGORY","ID","ACCOUNT_TYPE","KPI_CONDITION","KPI_TYPE","CUBE_CODE","KPI_CODE","HIS_ID") values ('BK_20161101160810','1','通话次数','3','DM','DM_D_QD_USER_ALL','BILL_CDR_NUM','通话次数[日]','通话次数[日]','111','111','1','','4','101','2016-11-01 16:11:41',null,null,null,null,'java:/comp/env/jndi/datasourceOracle','1001','1009','1',null,null,'1477882013764','B1000100000303','1008');
insert into "X_BASE_KPI_HIS"("BASE_KEY","KPI_VERSION","KPI_NAME","KPI_UNIT","KPI_ORIGIN_SCHEMA","KPI_ORIGIN_TABLE","KPI_ORIGIN_COLUMN","KPI_ORIGIN_REGULAR","KPI_EXPLAIN","KPI_PROPOSER","KPI_PROPOSER_DEPT","KPI_STATE","KPI_ORIGIN_DESC","TYPE","CREATE_USER_ID","CREATE_TIME","EDIT_USER_ID","EDIT_TIME","UPLOAD_FILE_NAME","UPLOAD_FILE_DIR","KPI_EDS","KPI_CATEGORY","ID","ACCOUNT_TYPE","KPI_CONDITION","KPI_TYPE","CUBE_CODE","KPI_CODE","HIS_ID") values ('BK_20161101160810','1','通话次数','3','DM','DM_D_QD_USER_ALL','BILL_CDR_NUM','通话次数[日]','通话次数[日]','111','111','1','','4','101','2016-11-01 16:12:02',null,null,null,null,'java:/comp/env/jndi/datasourceOracle','1001','1012','1',null,null,'1477882013764','B1000100000304','1011');
insert into "X_BASE_KPI_HIS"("BASE_KEY","KPI_VERSION","KPI_NAME","KPI_UNIT","KPI_ORIGIN_SCHEMA","KPI_ORIGIN_TABLE","KPI_ORIGIN_COLUMN","KPI_ORIGIN_REGULAR","KPI_EXPLAIN","KPI_PROPOSER","KPI_PROPOSER_DEPT","KPI_STATE","KPI_ORIGIN_DESC","TYPE","CREATE_USER_ID","CREATE_TIME","EDIT_USER_ID","EDIT_TIME","UPLOAD_FILE_NAME","UPLOAD_FILE_DIR","KPI_EDS","KPI_CATEGORY","ID","ACCOUNT_TYPE","KPI_CONDITION","KPI_TYPE","CUBE_CODE","KPI_CODE","HIS_ID") values ('BK_20161101160810','1','通话次数','3','DM','DM_D_QD_USER_ALL','BILL_CDR_NUM','通话次数[日]','通话次数[日]','111','111','1','','4','101','2016-11-01 16:26:05',null,null,null,null,'java:/comp/env/jndi/datasourceOracle','1001','1015','1',null,null,'1477882013764','B1000100000305','1014');
insert into "X_BASE_KPI_HIS"("BASE_KEY","KPI_VERSION","KPI_NAME","KPI_UNIT","KPI_ORIGIN_SCHEMA","KPI_ORIGIN_TABLE","KPI_ORIGIN_COLUMN","KPI_ORIGIN_REGULAR","KPI_EXPLAIN","KPI_PROPOSER","KPI_PROPOSER_DEPT","KPI_STATE","KPI_ORIGIN_DESC","TYPE","CREATE_USER_ID","CREATE_TIME","EDIT_USER_ID","EDIT_TIME","UPLOAD_FILE_NAME","UPLOAD_FILE_DIR","KPI_EDS","KPI_CATEGORY","ID","ACCOUNT_TYPE","KPI_CONDITION","KPI_TYPE","CUBE_CODE","KPI_CODE","HIS_ID") values ('BK_20161101160810','1','通话次数','3','DM','DM_D_QD_USER_ALL','BILL_CDR_NUM','通话次数[日]','通话次数[日]','111','111','1','','4','101','2016-11-01 16:31:10',null,null,null,null,'java:/comp/env/jndi/datasourceOracle','1001','1018','1',null,null,'1477882013764','B1000100000306','1017');
insert into "X_BASE_KPI_HIS"("BASE_KEY","KPI_VERSION","KPI_NAME","KPI_UNIT","KPI_ORIGIN_SCHEMA","KPI_ORIGIN_TABLE","KPI_ORIGIN_COLUMN","KPI_ORIGIN_REGULAR","KPI_EXPLAIN","KPI_PROPOSER","KPI_PROPOSER_DEPT","KPI_STATE","KPI_ORIGIN_DESC","TYPE","CREATE_USER_ID","CREATE_TIME","EDIT_USER_ID","EDIT_TIME","UPLOAD_FILE_NAME","UPLOAD_FILE_DIR","KPI_EDS","KPI_CATEGORY","ID","ACCOUNT_TYPE","KPI_CONDITION","KPI_TYPE","CUBE_CODE","KPI_CODE","HIS_ID") values ('BK_20161101160810','1','通话次数','3','DM','DM_D_QD_USER_ALL','BILL_CDR_NUM','通话次数[日]','通话次数[日]','111','111','1','','4','101','2016-11-01 16:31:26',null,null,null,null,'java:/comp/env/jndi/datasourceOracle','1001','1021','1',null,null,'1477882013764','B1000100000307','1020');
insert into "X_BASE_KPI_HIS"("BASE_KEY","KPI_VERSION","KPI_NAME","KPI_UNIT","KPI_ORIGIN_SCHEMA","KPI_ORIGIN_TABLE","KPI_ORIGIN_COLUMN","KPI_ORIGIN_REGULAR","KPI_EXPLAIN","KPI_PROPOSER","KPI_PROPOSER_DEPT","KPI_STATE","KPI_ORIGIN_DESC","TYPE","CREATE_USER_ID","CREATE_TIME","EDIT_USER_ID","EDIT_TIME","UPLOAD_FILE_NAME","UPLOAD_FILE_DIR","KPI_EDS","KPI_CATEGORY","ID","ACCOUNT_TYPE","KPI_CONDITION","KPI_TYPE","CUBE_CODE","KPI_CODE","HIS_ID") values ('BK_20161101160810','1','通话次数','3','DM','DM_D_QD_USER_ALL','BILL_CDR_NUM','通话次数[日]','通话次数[日]','111','111','1','','4','101','2016-11-01 16:35:35',null,null,null,null,'java:/comp/env/jndi/datasourceOracle','1001','1024','1',null,null,'1477882013764','B1000100000308','1023');
insert into "X_BASE_KPI_HIS"("BASE_KEY","KPI_VERSION","KPI_NAME","KPI_UNIT","KPI_ORIGIN_SCHEMA","KPI_ORIGIN_TABLE","KPI_ORIGIN_COLUMN","KPI_ORIGIN_REGULAR","KPI_EXPLAIN","KPI_PROPOSER","KPI_PROPOSER_DEPT","KPI_STATE","KPI_ORIGIN_DESC","TYPE","CREATE_USER_ID","CREATE_TIME","EDIT_USER_ID","EDIT_TIME","UPLOAD_FILE_NAME","UPLOAD_FILE_DIR","KPI_EDS","KPI_CATEGORY","ID","ACCOUNT_TYPE","KPI_CONDITION","KPI_TYPE","CUBE_CODE","KPI_CODE","HIS_ID") values ('BK_20161101164036','1','通话次数','3','DM','DM_D_QD_USER_ALL','BILL_CDR_NUM','通话次数','通话次数','11','11111','1','','4','101','2016-11-01 16:36:14',null,null,null,null,'java:/comp/env/jndi/datasourceOracle','1001','1027','1',null,null,'1477882013764','B1000100000309','1026');
insert into "X_BASE_KPI_HIS"("BASE_KEY","KPI_VERSION","KPI_NAME","KPI_UNIT","KPI_ORIGIN_SCHEMA","KPI_ORIGIN_TABLE","KPI_ORIGIN_COLUMN","KPI_ORIGIN_REGULAR","KPI_EXPLAIN","KPI_PROPOSER","KPI_PROPOSER_DEPT","KPI_STATE","KPI_ORIGIN_DESC","TYPE","CREATE_USER_ID","CREATE_TIME","EDIT_USER_ID","EDIT_TIME","UPLOAD_FILE_NAME","UPLOAD_FILE_DIR","KPI_EDS","KPI_CATEGORY","ID","ACCOUNT_TYPE","KPI_CONDITION","KPI_TYPE","CUBE_CODE","KPI_CODE","HIS_ID") values ('BK_20161101164036','1','通话次数','3','DM','DM_D_QD_USER_ALL','BILL_CDR_NUM','通话次数','通话次数','11','11111','1','','4','101','2016-11-01 16:38:08',null,null,null,null,'java:/comp/env/jndi/datasourceOracle','1001','1030','1',null,null,'1477882013764','B1000100000310','1029');
insert into "X_BASE_KPI_HIS"("BASE_KEY","KPI_VERSION","KPI_NAME","KPI_UNIT","KPI_ORIGIN_SCHEMA","KPI_ORIGIN_TABLE","KPI_ORIGIN_COLUMN","KPI_ORIGIN_REGULAR","KPI_EXPLAIN","KPI_PROPOSER","KPI_PROPOSER_DEPT","KPI_STATE","KPI_ORIGIN_DESC","TYPE","CREATE_USER_ID","CREATE_TIME","EDIT_USER_ID","EDIT_TIME","UPLOAD_FILE_NAME","UPLOAD_FILE_DIR","KPI_EDS","KPI_CATEGORY","ID","ACCOUNT_TYPE","KPI_CONDITION","KPI_TYPE","CUBE_CODE","KPI_CODE","HIS_ID") values ('BK_20161101164036','1','通话次数','3','DM','DM_D_QD_USER_ALL','BILL_CDR_NUM','通话次数','通话次数','11','11111','1','','4','101','2016-11-01 16:51:59',null,null,null,null,'java:/comp/env/jndi/datasourceOracle','1001','1034','1',null,null,'1477882013764','B1000100000311','1033');
insert into "X_BASE_KPI_HIS"("BASE_KEY","KPI_VERSION","KPI_NAME","KPI_UNIT","KPI_ORIGIN_SCHEMA","KPI_ORIGIN_TABLE","KPI_ORIGIN_COLUMN","KPI_ORIGIN_REGULAR","KPI_EXPLAIN","KPI_PROPOSER","KPI_PROPOSER_DEPT","KPI_STATE","KPI_ORIGIN_DESC","TYPE","CREATE_USER_ID","CREATE_TIME","EDIT_USER_ID","EDIT_TIME","UPLOAD_FILE_NAME","UPLOAD_FILE_DIR","KPI_EDS","KPI_CATEGORY","ID","ACCOUNT_TYPE","KPI_CONDITION","KPI_TYPE","CUBE_CODE","KPI_CODE","HIS_ID") values ('BK_20161102092220','1','通话次数','3','DM','DM_D_QD_USER_ALL','BILL_CDR_NUM','通话次数','通话次数','测试','测试','0','','4','101','2016-11-02 09:43:50',null,null,null,null,'java:/comp/env/jndi/datasourceOracle','1031','1052','1',null,null,'1477882013764','','1053');
insert into "X_BASE_KPI_HIS"("BASE_KEY","KPI_VERSION","KPI_NAME","KPI_UNIT","KPI_ORIGIN_SCHEMA","KPI_ORIGIN_TABLE","KPI_ORIGIN_COLUMN","KPI_ORIGIN_REGULAR","KPI_EXPLAIN","KPI_PROPOSER","KPI_PROPOSER_DEPT","KPI_STATE","KPI_ORIGIN_DESC","TYPE","CREATE_USER_ID","CREATE_TIME","EDIT_USER_ID","EDIT_TIME","UPLOAD_FILE_NAME","UPLOAD_FILE_DIR","KPI_EDS","KPI_CATEGORY","ID","ACCOUNT_TYPE","KPI_CONDITION","KPI_TYPE","CUBE_CODE","KPI_CODE","HIS_ID") values ('BK_20161102092220','2','通话次数','3','DM','DM_D_QD_USER_ALL','BILL_CDR_NUM','通话次数','通话次数','测试','测试','0','','4','101','2016-11-02 09:43:50',null,'2016-11-02 11:09:19',null,null,'java:/comp/env/jndi/datasourceOracle','1056','1052','1',null,null,'1477882013764','','1057');
insert into "X_BASE_KPI_HIS"("BASE_KEY","KPI_VERSION","KPI_NAME","KPI_UNIT","KPI_ORIGIN_SCHEMA","KPI_ORIGIN_TABLE","KPI_ORIGIN_COLUMN","KPI_ORIGIN_REGULAR","KPI_EXPLAIN","KPI_PROPOSER","KPI_PROPOSER_DEPT","KPI_STATE","KPI_ORIGIN_DESC","TYPE","CREATE_USER_ID","CREATE_TIME","EDIT_USER_ID","EDIT_TIME","UPLOAD_FILE_NAME","UPLOAD_FILE_DIR","KPI_EDS","KPI_CATEGORY","ID","ACCOUNT_TYPE","KPI_CONDITION","KPI_TYPE","CUBE_CODE","KPI_CODE","HIS_ID") values ('BK_20161102092220','2','通话次数','3','DM','DM_D_QD_USER_ALL','BILL_CDR_NUM','通话次数','通话次数','测试','测试','0','','4','101','2016-11-02 09:43:50',null,'2016-11-02 11:09:19',null,null,'java:/comp/env/jndi/datasourceOracle','1056','1052','1',null,null,'1477882013764','','1058');
insert into "X_BASE_KPI_HIS"("BASE_KEY","KPI_VERSION","KPI_NAME","KPI_UNIT","KPI_ORIGIN_SCHEMA","KPI_ORIGIN_TABLE","KPI_ORIGIN_COLUMN","KPI_ORIGIN_REGULAR","KPI_EXPLAIN","KPI_PROPOSER","KPI_PROPOSER_DEPT","KPI_STATE","KPI_ORIGIN_DESC","TYPE","CREATE_USER_ID","CREATE_TIME","EDIT_USER_ID","EDIT_TIME","UPLOAD_FILE_NAME","UPLOAD_FILE_DIR","KPI_EDS","KPI_CATEGORY","ID","ACCOUNT_TYPE","KPI_CONDITION","KPI_TYPE","CUBE_CODE","KPI_CODE","HIS_ID") values ('BK_20161102114233','1','通话次数','3','DM','DM_D_QD_USER_ALL','BILL_CDR_NUM','通话次数','通话次数','测试','测试','0','','4','101','2016-11-02 11:43:42',null,null,null,null,'java:/comp/env/jndi/datasourceOracle','1056','1059','1',null,null,'1477882013764','','1060');
insert into "X_BASE_KPI_HIS"("BASE_KEY","KPI_VERSION","KPI_NAME","KPI_UNIT","KPI_ORIGIN_SCHEMA","KPI_ORIGIN_TABLE","KPI_ORIGIN_COLUMN","KPI_ORIGIN_REGULAR","KPI_EXPLAIN","KPI_PROPOSER","KPI_PROPOSER_DEPT","KPI_STATE","KPI_ORIGIN_DESC","TYPE","CREATE_USER_ID","CREATE_TIME","EDIT_USER_ID","EDIT_TIME","UPLOAD_FILE_NAME","UPLOAD_FILE_DIR","KPI_EDS","KPI_CATEGORY","ID","ACCOUNT_TYPE","KPI_CONDITION","KPI_TYPE","CUBE_CODE","KPI_CODE","HIS_ID") values ('BK_20161102114233','1','通话次数','3','DM','DM_D_QD_USER_ALL','BILL_CDR_NUM','通话次数','通话次数','测试','测试','0','','4','101','2016-11-02 12:08:55',null,null,null,null,'java:/comp/env/jndi/datasourceOracle','1056','1061','1',null,null,'1477882013764','','1062');
insert into "X_BASE_KPI_HIS"("BASE_KEY","KPI_VERSION","KPI_NAME","KPI_UNIT","KPI_ORIGIN_SCHEMA","KPI_ORIGIN_TABLE","KPI_ORIGIN_COLUMN","KPI_ORIGIN_REGULAR","KPI_EXPLAIN","KPI_PROPOSER","KPI_PROPOSER_DEPT","KPI_STATE","KPI_ORIGIN_DESC","TYPE","CREATE_USER_ID","CREATE_TIME","EDIT_USER_ID","EDIT_TIME","UPLOAD_FILE_NAME","UPLOAD_FILE_DIR","KPI_EDS","KPI_CATEGORY","ID","ACCOUNT_TYPE","KPI_CONDITION","KPI_TYPE","CUBE_CODE","KPI_CODE","HIS_ID") values ('BK_20161102114233','1','通话次数','3','DM','DM_D_QD_USER_ALL','BILL_CDR_NUM','通话次数','通话次数','测试','测试','0','','4','101','2016-11-02 12:09:17',null,null,null,null,'java:/comp/env/jndi/datasourceOracle','1056','1063','1',null,null,'1477882013764','','1064');
insert into "X_BASE_KPI_HIS"("BASE_KEY","KPI_VERSION","KPI_NAME","KPI_UNIT","KPI_ORIGIN_SCHEMA","KPI_ORIGIN_TABLE","KPI_ORIGIN_COLUMN","KPI_ORIGIN_REGULAR","KPI_EXPLAIN","KPI_PROPOSER","KPI_PROPOSER_DEPT","KPI_STATE","KPI_ORIGIN_DESC","TYPE","CREATE_USER_ID","CREATE_TIME","EDIT_USER_ID","EDIT_TIME","UPLOAD_FILE_NAME","UPLOAD_FILE_DIR","KPI_EDS","KPI_CATEGORY","ID","ACCOUNT_TYPE","KPI_CONDITION","KPI_TYPE","CUBE_CODE","KPI_CODE","HIS_ID") values ('BK_20161102114233','1','通话次数','3','DM','DM_D_QD_USER_ALL','BILL_CDR_NUM','通话次数','通话次数','测试','测试','0','','4','101','2016-11-02 11:43:42',null,null,null,null,'java:/comp/env/jndi/datasourceOracle','1056','1059','1',null,null,'1477882013764','','1065');
insert into "X_BASE_KPI_HIS"("BASE_KEY","KPI_VERSION","KPI_NAME","KPI_UNIT","KPI_ORIGIN_SCHEMA","KPI_ORIGIN_TABLE","KPI_ORIGIN_COLUMN","KPI_ORIGIN_REGULAR","KPI_EXPLAIN","KPI_PROPOSER","KPI_PROPOSER_DEPT","KPI_STATE","KPI_ORIGIN_DESC","TYPE","CREATE_USER_ID","CREATE_TIME","EDIT_USER_ID","EDIT_TIME","UPLOAD_FILE_NAME","UPLOAD_FILE_DIR","KPI_EDS","KPI_CATEGORY","ID","ACCOUNT_TYPE","KPI_CONDITION","KPI_TYPE","CUBE_CODE","KPI_CODE","HIS_ID") values ('BK_20161102114233','1','通话次数','3','DM','DM_D_QD_USER_ALL','BILL_CDR_NUM','通话次数','通话次数','测试','测试','0','','4','101','2016-11-02 12:08:55',null,null,null,null,'java:/comp/env/jndi/datasourceOracle','1056','1061','1',null,null,'1477882013764','','1066');
insert into "X_BASE_KPI_HIS"("BASE_KEY","KPI_VERSION","KPI_NAME","KPI_UNIT","KPI_ORIGIN_SCHEMA","KPI_ORIGIN_TABLE","KPI_ORIGIN_COLUMN","KPI_ORIGIN_REGULAR","KPI_EXPLAIN","KPI_PROPOSER","KPI_PROPOSER_DEPT","KPI_STATE","KPI_ORIGIN_DESC","TYPE","CREATE_USER_ID","CREATE_TIME","EDIT_USER_ID","EDIT_TIME","UPLOAD_FILE_NAME","UPLOAD_FILE_DIR","KPI_EDS","KPI_CATEGORY","ID","ACCOUNT_TYPE","KPI_CONDITION","KPI_TYPE","CUBE_CODE","KPI_CODE","HIS_ID") values ('BK_20161102114233','1','通话次数','3','DM','DM_D_QD_USER_ALL','BILL_CDR_NUM','通话次数','通话次数','测试','测试','0','','4','101','2016-11-02 12:09:17',null,null,null,null,'java:/comp/env/jndi/datasourceOracle','1056','1063','1',null,null,'1477882013764','','1067');
insert into "X_BASE_KPI_HIS"("BASE_KEY","KPI_VERSION","KPI_NAME","KPI_UNIT","KPI_ORIGIN_SCHEMA","KPI_ORIGIN_TABLE","KPI_ORIGIN_COLUMN","KPI_ORIGIN_REGULAR","KPI_EXPLAIN","KPI_PROPOSER","KPI_PROPOSER_DEPT","KPI_STATE","KPI_ORIGIN_DESC","TYPE","CREATE_USER_ID","CREATE_TIME","EDIT_USER_ID","EDIT_TIME","UPLOAD_FILE_NAME","UPLOAD_FILE_DIR","KPI_EDS","KPI_CATEGORY","ID","ACCOUNT_TYPE","KPI_CONDITION","KPI_TYPE","CUBE_CODE","KPI_CODE","HIS_ID") values ('BK_20161102121155','1','通话次数','3','DM','DM_D_QD_USER_ALL','BILL_CDR_NUM','通话次数','通话次数','测试','测试','0','','4','101','2016-11-02 12:12:17',null,null,null,null,'java:/comp/env/jndi/datasourceOracle','1056','1068','1',null,null,'1477882013764','','1069');
insert into "X_BASE_KPI_HIS"("BASE_KEY","KPI_VERSION","KPI_NAME","KPI_UNIT","KPI_ORIGIN_SCHEMA","KPI_ORIGIN_TABLE","KPI_ORIGIN_COLUMN","KPI_ORIGIN_REGULAR","KPI_EXPLAIN","KPI_PROPOSER","KPI_PROPOSER_DEPT","KPI_STATE","KPI_ORIGIN_DESC","TYPE","CREATE_USER_ID","CREATE_TIME","EDIT_USER_ID","EDIT_TIME","UPLOAD_FILE_NAME","UPLOAD_FILE_DIR","KPI_EDS","KPI_CATEGORY","ID","ACCOUNT_TYPE","KPI_CONDITION","KPI_TYPE","CUBE_CODE","KPI_CODE","HIS_ID") values ('BK_20161102121155','2','通话次数','3','DM','DM_D_QD_USER_ALL','BILL_CDR_NUM','通话次数','通话次数','测试','测试','1','','4','101','2016-11-02 12:12:17',null,'2016-11-02 12:12:33',null,null,'java:/comp/env/jndi/datasourceOracle','1056','1068','1',null,null,'1477882013764','','1070');
insert into "X_BASE_KPI_HIS"("BASE_KEY","KPI_VERSION","KPI_NAME","KPI_UNIT","KPI_ORIGIN_SCHEMA","KPI_ORIGIN_TABLE","KPI_ORIGIN_COLUMN","KPI_ORIGIN_REGULAR","KPI_EXPLAIN","KPI_PROPOSER","KPI_PROPOSER_DEPT","KPI_STATE","KPI_ORIGIN_DESC","TYPE","CREATE_USER_ID","CREATE_TIME","EDIT_USER_ID","EDIT_TIME","UPLOAD_FILE_NAME","UPLOAD_FILE_DIR","KPI_EDS","KPI_CATEGORY","ID","ACCOUNT_TYPE","KPI_CONDITION","KPI_TYPE","CUBE_CODE","KPI_CODE","HIS_ID") values ('BK_20161128162821','1','手机成本','1','DM','DM_D_QD_USER_ALL','COST_PRICE','手机成本','手机成本','测试','东方国信','0','','4','101','20161128163632',null,null,null,null,'dm','1081','1082','1',null,null,'1480319639983','','1083');
insert into "X_BASE_KPI_HIS"("BASE_KEY","KPI_VERSION","KPI_NAME","KPI_UNIT","KPI_ORIGIN_SCHEMA","KPI_ORIGIN_TABLE","KPI_ORIGIN_COLUMN","KPI_ORIGIN_REGULAR","KPI_EXPLAIN","KPI_PROPOSER","KPI_PROPOSER_DEPT","KPI_STATE","KPI_ORIGIN_DESC","TYPE","CREATE_USER_ID","CREATE_TIME","EDIT_USER_ID","EDIT_TIME","UPLOAD_FILE_NAME","UPLOAD_FILE_DIR","KPI_EDS","KPI_CATEGORY","ID","ACCOUNT_TYPE","KPI_CONDITION","KPI_TYPE","CUBE_CODE","KPI_CODE","HIS_ID") values ('BK_20161128162821','2','手机成本','1','PK','DM_D_QD_USER_ALL','COST_PRICE','手机成本','手机成本','测试','东方国信','0','','4','101','20161128163632',null,'2016-12-02 12:07:26',null,null,'dm','1081','1082','1',null,null,'1480319639983','','1001');
insert into "X_BASE_KPI_HIS"("BASE_KEY","KPI_VERSION","KPI_NAME","KPI_UNIT","KPI_ORIGIN_SCHEMA","KPI_ORIGIN_TABLE","KPI_ORIGIN_COLUMN","KPI_ORIGIN_REGULAR","KPI_EXPLAIN","KPI_PROPOSER","KPI_PROPOSER_DEPT","KPI_STATE","KPI_ORIGIN_DESC","TYPE","CREATE_USER_ID","CREATE_TIME","EDIT_USER_ID","EDIT_TIME","UPLOAD_FILE_NAME","UPLOAD_FILE_DIR","KPI_EDS","KPI_CATEGORY","ID","ACCOUNT_TYPE","KPI_CONDITION","KPI_TYPE","CUBE_CODE","KPI_CODE","HIS_ID") values ('BK_20161128162821','2','手机成本','1','PK','DM_D_QD_USER_ALL','COST_PRICE','手机成本','手机成本','测试','东方国信','0','','4','101','20161128163632',null,'2016-12-02 12:07:26',null,null,'dm','1081','1082','1',null,null,'1480319639983','','1002');
insert into "X_BASE_KPI_HIS"("BASE_KEY","KPI_VERSION","KPI_NAME","KPI_UNIT","KPI_ORIGIN_SCHEMA","KPI_ORIGIN_TABLE","KPI_ORIGIN_COLUMN","KPI_ORIGIN_REGULAR","KPI_EXPLAIN","KPI_PROPOSER","KPI_PROPOSER_DEPT","KPI_STATE","KPI_ORIGIN_DESC","TYPE","CREATE_USER_ID","CREATE_TIME","EDIT_USER_ID","EDIT_TIME","UPLOAD_FILE_NAME","UPLOAD_FILE_DIR","KPI_EDS","KPI_CATEGORY","ID","ACCOUNT_TYPE","KPI_CONDITION","KPI_TYPE","CUBE_CODE","KPI_CODE","HIS_ID") values ('BK_20161202121436','1','手机指标','1','PK','DM_D_QD_USER_ALL','COST_PRICE',' SELECT COST_PRICE   FROM PK.DM_D_QD_USER_ALL','手机指标','手机指标','手机指标','1','','4','101','20161202141201',null,null,null,null,'db2_test','1081','1003','1',null,null,'1480319639983','','1004');
insert into "X_BASE_KPI_HIS"("BASE_KEY","KPI_VERSION","KPI_NAME","KPI_UNIT","KPI_ORIGIN_SCHEMA","KPI_ORIGIN_TABLE","KPI_ORIGIN_COLUMN","KPI_ORIGIN_REGULAR","KPI_EXPLAIN","KPI_PROPOSER","KPI_PROPOSER_DEPT","KPI_STATE","KPI_ORIGIN_DESC","TYPE","CREATE_USER_ID","CREATE_TIME","EDIT_USER_ID","EDIT_TIME","UPLOAD_FILE_NAME","UPLOAD_FILE_DIR","KPI_EDS","KPI_CATEGORY","ID","ACCOUNT_TYPE","KPI_CONDITION","KPI_TYPE","CUBE_CODE","KPI_CODE","HIS_ID") values ('BK_20161202200109','1','aaaa','1','PK','DM_D_QD_USER_ALL','COST_PRICE',' SELECT COST_PRICE   FROM PK.DM_D_QD_USER_ALL','aaaa','aa','dd','0','afsfasdff','4','101','20161202200140',null,null,null,null,'db2_test','1081','1021','1',null,null,'1480319639983','','1022');
insert into "X_BASE_KPI_HIS"("BASE_KEY","KPI_VERSION","KPI_NAME","KPI_UNIT","KPI_ORIGIN_SCHEMA","KPI_ORIGIN_TABLE","KPI_ORIGIN_COLUMN","KPI_ORIGIN_REGULAR","KPI_EXPLAIN","KPI_PROPOSER","KPI_PROPOSER_DEPT","KPI_STATE","KPI_ORIGIN_DESC","TYPE","CREATE_USER_ID","CREATE_TIME","EDIT_USER_ID","EDIT_TIME","UPLOAD_FILE_NAME","UPLOAD_FILE_DIR","KPI_EDS","KPI_CATEGORY","ID","ACCOUNT_TYPE","KPI_CONDITION","KPI_TYPE","CUBE_CODE","KPI_CODE","HIS_ID") values ('BK_20161202200109','2','计费','1','PK','DM_D_QD_USER_ALL','PRE_FEE',' SELECT PRE_FEE   FROM PK.DM_D_QD_USER_ALL','aaaa','aa','dd','0','afsfasdff','4','101','20161202200140',null,'2016-12-02 20:44:35',null,null,'db2_test','1081','1021','1',null,null,'1480319639983','','1023');
insert into "X_BASE_KPI_HIS"("BASE_KEY","KPI_VERSION","KPI_NAME","KPI_UNIT","KPI_ORIGIN_SCHEMA","KPI_ORIGIN_TABLE","KPI_ORIGIN_COLUMN","KPI_ORIGIN_REGULAR","KPI_EXPLAIN","KPI_PROPOSER","KPI_PROPOSER_DEPT","KPI_STATE","KPI_ORIGIN_DESC","TYPE","CREATE_USER_ID","CREATE_TIME","EDIT_USER_ID","EDIT_TIME","UPLOAD_FILE_NAME","UPLOAD_FILE_DIR","KPI_EDS","KPI_CATEGORY","ID","ACCOUNT_TYPE","KPI_CONDITION","KPI_TYPE","CUBE_CODE","KPI_CODE","HIS_ID") values ('BK_20161202200109','3','计费','1','PK','TEST_1130','KPI1',' SELECT KPI1   FROM PK.TEST_1130','aaaa','aa','dd','1','afsfasdff','4','101','20161202200140',null,'2016-12-02 20:54:12',null,null,'db2_test','1081','1021','1',null,null,'1480319639983','','1024');






insert into "X_CODE_VAR_TYPE"("TYPE_ID","TYPE_NAME","ORD") values ('DAY','日账期','2');
insert into "X_CODE_VAR_TYPE"("TYPE_ID","TYPE_NAME","ORD") values ('MONTH','月账期','3');
insert into "X_CODE_VAR_TYPE"("TYPE_ID","TYPE_NAME","ORD") values ('INPUT','文本','1');
insert into "X_CODE_VAR_TYPE"("TYPE_ID","TYPE_NAME","ORD") values ('SELECT','下拉框','4');
insert into "X_CODE_VAR_TYPE"("TYPE_ID","TYPE_NAME","ORD") values ('CASELECT','多级联动','5');
insert into "X_CODE_VAR_TYPE"("TYPE_ID","TYPE_NAME","ORD") values ('UPLOAD','上传','6');




insert into "X_DATASET_GLOBAL"("ID","NAME","TYPE","SQL","CREATE_USER","CREATE_TIME","MODIFY_USER","MODIFY_TIME","DATASET_TYPE") values ('9d36e5a67b3846d280b13f7ceb4b831c','test1130','','select AREA_CODE as "地市编码", 
 AREA_DESC as "地市名称" ,
 CITY_CODE as "区县编码", 
 CITY_DESC as "区县名称" ,
 ACCT_MONTH as "月份",
  TYPE as "业务类型",
 KPI1 as "指标1",
 KPI2 as "指标2",
 KPI3 as "指标3",
 KPI4 as "指标4",
 KPI5 as "指标5",
 KPI6 as "指标6"
from test_1130 t where 1=1
{and AREA_CODE=#areaCode#}
{and CITY_CODE=#cityCode#}
{and ACCT_MONTH=#acctMonth#}','101','20161201225339',null,null,'1');
insert into "X_DATASET_GLOBAL"("ID","NAME","TYPE","SQL","CREATE_USER","CREATE_TIME","MODIFY_USER","MODIFY_TIME","DATASET_TYPE") values ('a684cbcbb8ba474f8ab23cd2cda559bc','cstest','',' SELECT bill_month,
         bw_data_type AS "收入来源类型",
         bw_data_desc AS "收入来源描述",
         prod_spec_code AS "产品编码",
         prod_spec_desc AS "产品名称",
         chrg_item_catgy_id AS "科目编码",
         chrg_item_catgy_desc AS "科目名称",
         cust_code AS "客户编码",
         cust_name AS "客户名称",
         root_cust_code AS "根客户编码",
         root_cust_name AS "根客户名称",
         cust_manager AS "客户经理",
         income_thismon/1000000 AS "当月收入",
         income_lastmon/1000000 AS "上月收入",
         income_lastyear/1000000 AS "去年同月收入",
         income_accu_thyr/1000000 AS "当年累计收入",
         income_accu_layr/1000000 AS "去年同期累计收入",
         area_id,
         area_name AS "地址点",
         adm_branch AS "行政分局",
         key_cust
FROM t_xm_cust_income_month t
WHERE 1 = 1 {AND bill_month = #bill_month#} {AND cust_manager = #cust_manager#}','101','20161201195538',null,null,'1');


insert into "X_DB_ACCOUNT"("DB_ID","ACCOUNT_CODE") values ('DB01','A01');
insert into "X_DB_ACCOUNT"("DB_ID","ACCOUNT_CODE") values ('指标测试数据源','A01');
insert into "X_DB_ACCOUNT"("DB_ID","ACCOUNT_CODE") values ('dm','A01');
insert into "X_DB_ACCOUNT"("DB_ID","ACCOUNT_CODE") values ('dm','A03');
insert into "X_DB_ACCOUNT"("DB_ID","ACCOUNT_CODE") values ('db2_test','A01');






insert into "X_DIMENSION"("DIM_ID","DIM_VAR_NAME","DIM_TABLE","DIM_VAR_TYPE","DIM_VAR_DESC","DIM_SQL","DIM_COL_CODE","DIM_COL_DESC","DIM_CATEGORY_ID","DIM_COL_ORD","DIM_STATE","CREATOR","CREATE_TIME","MODIFIER","MODIFY_TIME","CREATOR_NAME","MODIFIER_NAME","DIM_ORD","DIM_DESC","DIM_PARENT_COL","CASLVL","PARENT_DIM_ID","DEFAULE_VALUE","DEFAULE_DESC","DATABASE_NAME","SELECT_DOUBLE") values ('D20161028165306','地市','CMCODE_AREA','CASELECT','地市',null,'AREA_NO','AREA_DESC','20161028145216','ORD','1','101','2016-10-28','101','20161202095640','管理员','管理员',null,'维度描述','','0','','','','',null);
insert into "X_DIMENSION"("DIM_ID","DIM_VAR_NAME","DIM_TABLE","DIM_VAR_TYPE","DIM_VAR_DESC","DIM_SQL","DIM_COL_CODE","DIM_COL_DESC","DIM_CATEGORY_ID","DIM_COL_ORD","DIM_STATE","CREATOR","CREATE_TIME","MODIFIER","MODIFY_TIME","CREATOR_NAME","MODIFIER_NAME","DIM_ORD","DIM_DESC","DIM_PARENT_COL","CASLVL","PARENT_DIM_ID","DEFAULE_VALUE","DEFAULE_DESC","DATABASE_NAME","SELECT_DOUBLE") values ('D20161028165441','区县','CMCODE_CITY','CASELECT','区县',null,'CITY_NO','CITY_DESC','20161028145216','ORD','1','101','2016-10-28','101','20161202095701','管理员','管理员',null,'维度描述','AREA_NO','1','D20161028165306','','','',null);
insert into "X_DIMENSION"("DIM_ID","DIM_VAR_NAME","DIM_TABLE","DIM_VAR_TYPE","DIM_VAR_DESC","DIM_SQL","DIM_COL_CODE","DIM_COL_DESC","DIM_CATEGORY_ID","DIM_COL_ORD","DIM_STATE","CREATOR","CREATE_TIME","MODIFIER","MODIFY_TIME","CREATOR_NAME","MODIFIER_NAME","DIM_ORD","DIM_DESC","DIM_PARENT_COL","CASLVL","PARENT_DIM_ID","DEFAULE_VALUE","DEFAULE_DESC","DATABASE_NAME","SELECT_DOUBLE") values ('D20161028165525','日账','','DAY','日账','','','','20161028145216','','1','101','2016-10-28',null,null,'管理员',null,null,'维度描述','','','','','','',null);
insert into "X_DIMENSION"("DIM_ID","DIM_VAR_NAME","DIM_TABLE","DIM_VAR_TYPE","DIM_VAR_DESC","DIM_SQL","DIM_COL_CODE","DIM_COL_DESC","DIM_CATEGORY_ID","DIM_COL_ORD","DIM_STATE","CREATOR","CREATE_TIME","MODIFIER","MODIFY_TIME","CREATOR_NAME","MODIFIER_NAME","DIM_ORD","DIM_DESC","DIM_PARENT_COL","CASLVL","PARENT_DIM_ID","DEFAULE_VALUE","DEFAULE_DESC","DATABASE_NAME","SELECT_DOUBLE") values ('D20161028165559','月账','','MONTH','月账','','','','20161028145216','','1','101','2016-10-28',null,null,'管理员',null,null,'维度描述','','','','','','',null);
insert into "X_DIMENSION"("DIM_ID","DIM_VAR_NAME","DIM_TABLE","DIM_VAR_TYPE","DIM_VAR_DESC","DIM_SQL","DIM_COL_CODE","DIM_COL_DESC","DIM_CATEGORY_ID","DIM_COL_ORD","DIM_STATE","CREATOR","CREATE_TIME","MODIFIER","MODIFY_TIME","CREATOR_NAME","MODIFIER_NAME","DIM_ORD","DIM_DESC","DIM_PARENT_COL","CASLVL","PARENT_DIM_ID","DEFAULE_VALUE","DEFAULE_DESC","DATABASE_NAME","SELECT_DOUBLE") values ('20161031090023','文本','','INPUT','文本','','','','20161028145216','','1','101','2016-10-31',null,null,'管理员',null,null,'文本','','','','','','',null);
insert into "X_DIMENSION"("DIM_ID","DIM_VAR_NAME","DIM_TABLE","DIM_VAR_TYPE","DIM_VAR_DESC","DIM_SQL","DIM_COL_CODE","DIM_COL_DESC","DIM_CATEGORY_ID","DIM_COL_ORD","DIM_STATE","CREATOR","CREATE_TIME","MODIFIER","MODIFY_TIME","CREATOR_NAME","MODIFIER_NAME","DIM_ORD","DIM_DESC","DIM_PARENT_COL","CASLVL","PARENT_DIM_ID","DEFAULE_VALUE","DEFAULE_DESC","DATABASE_NAME","SELECT_DOUBLE") values ('20161202092606','地市下拉','cmcode_area','SELECT','地市下拉',null,'area_no','area_desc','20161028145216','ord','1','101','20161202092606',null,null,'管理员',null,null,'','','','','','','',null);


insert into "X_DIMENSION_CATEGORY"("DIM_CATEGORY_ID","PARENT_DIM_CATEGORY_ID","DIM_CATEGORY_NAME","DIM_CATEGORY_ORDER") values ('20161028145216','-1','公共维度','1');
insert into "X_DIMENSION_CATEGORY"("DIM_CATEGORY_ID","PARENT_DIM_CATEGORY_ID","DIM_CATEGORY_NAME","DIM_CATEGORY_ORDER") values ('20161028145237','-1','自定义维度','2');


insert into "X_EXTDS_INFO"("ID","OWNER","TABLE_NAME","TABLE_DESC","EXT_DATASOURCE") values ('1','pk','test_1130','测试数据表','db2_test');


insert into "X_EXTDS_REMARKS"("ID","EXTDS","TABLENAME","COLUMNNAME","COLUMNREMARK") values ('ef65aafb95de4323998829e182336911','java:/comp/env/jndi/initdb','e_post_role','POST_ID','公告ID');
insert into "X_EXTDS_REMARKS"("ID","EXTDS","TABLENAME","COLUMNNAME","COLUMNREMARK") values ('cb6d2cbcbc954a098d5d7b9068da29c4','java:/comp/env/jndi/initdb','e_post_role','ROLE_CODE','角色ID');
insert into "X_EXTDS_REMARKS"("ID","EXTDS","TABLENAME","COLUMNNAME","COLUMNREMARK") values ('4560803eed0c448e964ca6ebf2bb23ff','db2_test','test_1130','AREA_CODE','地市编码');
insert into "X_EXTDS_REMARKS"("ID","EXTDS","TABLENAME","COLUMNNAME","COLUMNREMARK") values ('252bbe1c5c4c4351859ac71bdf6e2bda','db2_test','test_1130','AREA_DESC','地市名称');
insert into "X_EXTDS_REMARKS"("ID","EXTDS","TABLENAME","COLUMNNAME","COLUMNREMARK") values ('a6fb0c9050004363bf574233648024b1','db2_test','test_1130','KPI1','指标1');
insert into "X_EXTDS_REMARKS"("ID","EXTDS","TABLENAME","COLUMNNAME","COLUMNREMARK") values ('9d82c74e194446c2ade077f0be0dca70','db2_test','test_1130','KPI2','指标2');
insert into "X_EXTDS_REMARKS"("ID","EXTDS","TABLENAME","COLUMNNAME","COLUMNREMARK") values ('8b77cbd0970e479fbc769a745f6e6d6a','db2_test','test_1130','KPI3','指标3');
insert into "X_EXTDS_REMARKS"("ID","EXTDS","TABLENAME","COLUMNNAME","COLUMNREMARK") values ('d816f53b9c7d422794c4596e554f8776','db2_test','test_1130','KPI4','指标4');
insert into "X_EXTDS_REMARKS"("ID","EXTDS","TABLENAME","COLUMNNAME","COLUMNREMARK") values ('69cf33b61bd64984a6028ddab1b413a4','db2_test','test_1130','KPI5','指标5');
insert into "X_EXTDS_REMARKS"("ID","EXTDS","TABLENAME","COLUMNNAME","COLUMNREMARK") values ('2ba076e3d5054d2290f13f28db2cbd00','db2_test','test_1130','TYPE','业务类型');
insert into "X_EXTDS_REMARKS"("ID","EXTDS","TABLENAME","COLUMNNAME","COLUMNREMARK") values ('79e55c10efc644f8acd62d330fc8595c','db2_test','test_1130','KPI6','指标6');
insert into "X_EXTDS_REMARKS"("ID","EXTDS","TABLENAME","COLUMNNAME","COLUMNREMARK") values ('1f9eed4491da4410bfcc281a42584ca5','db2_test','test_1130','CITY_CODE','区县编码');
insert into "X_EXTDS_REMARKS"("ID","EXTDS","TABLENAME","COLUMNNAME","COLUMNREMARK") values ('5b27fcc95b7144bf8d98dceeb47be291','db2_test','test_1130','CITY_DESC','区县名称');
insert into "X_EXTDS_REMARKS"("ID","EXTDS","TABLENAME","COLUMNNAME","COLUMNREMARK") values ('357a9f7855824937a03ae0bb4086388d','db2_test','test_1130','ACCT_MONTH','月份');


insert into "X_EXT_DB_SOURCE"("DB_ID","DB_NAME","DB_SOURCE","ORD") values ('DB01','170_xbuiler','java:/comp/env/jndi/initdb','0');
insert into "X_EXT_DB_SOURCE"("DB_ID","DB_NAME","DB_SOURCE","ORD") values ('指标测试数据源','指标测试数据源','java:/comp/env/jndi/datasourceOracle','1');
insert into "X_EXT_DB_SOURCE"("DB_ID","DB_NAME","DB_SOURCE","ORD") values ('FDSFS','FDSFSDFS','DFSDFSSSSSSSSSSSSSSS','0');
insert into "X_EXT_DB_SOURCE"("DB_ID","DB_NAME","DB_SOURCE","ORD") values ('DFDSFDSF','SDFSDFS','java:/comp/env/dataSource2','0');


insert into "X_FORMULATE"("FORMULAID","FNAME","FORMULA","FDATE","USETIMES") values ('7164715ec92740af9bb78406077160b5','中文公式','A+B','2016-10-31 09:52:12',2);
insert into "X_FORMULATE"("FORMULAID","FNAME","FORMULA","FDATE","USETIMES") values ('8ebdb8b3d6f247479c2f355d788100c8','AAA','A*B*C','2016-10-29 10:42:36',3);
insert into "X_FORMULATE"("FORMULAID","FNAME","FORMULA","FDATE","USETIMES") values ('eca7e6b09c684528a995d0ab4d33ca8d','kjklj','A-B','20161108141145',0);
insert into "X_FORMULATE"("FORMULAID","FNAME","FORMULA","FDATE","USETIMES") values ('e7ad1848e8a347cd97f47f0b78a64e52','DFSDF','D-A','20161108141208',0);
insert into "X_FORMULATE"("FORMULAID","FNAME","FORMULA","FDATE","USETIMES") values ('9f6f6f7e9717410981336cfba495bfec','aaa','A+A*2','20161103114121',0);
insert into "X_FORMULATE"("FORMULAID","FNAME","FORMULA","FDATE","USETIMES") values ('783e896511c847b4804e808c35ea07a1','差','A-B-C','20161103132324',0);
insert into "X_FORMULATE"("FORMULAID","FNAME","FORMULA","FDATE","USETIMES") values ('8e2154cd5ea44578bb297978407cb2ce','KPI','A*B/C+D','20161103132605',0);



insert into "X_KPI_ATTRIBUTE"("ATTR_ID","ATTR_CODE","ATTR_NAME","ATTR_TYPE","ATTR_CONTENT","ORD") values (10,'E','上年同期累计','2',null,null);
insert into "X_KPI_ATTRIBUTE"("ATTR_ID","ATTR_CODE","ATTR_NAME","ATTR_TYPE","ATTR_CONTENT","ORD") values (1,'A','本期值','1',null,null);
insert into "X_KPI_ATTRIBUTE"("ATTR_ID","ATTR_CODE","ATTR_NAME","ATTR_TYPE","ATTR_CONTENT","ORD") values (2,'B','昨日值','1',null,null);
insert into "X_KPI_ATTRIBUTE"("ATTR_ID","ATTR_CODE","ATTR_NAME","ATTR_TYPE","ATTR_CONTENT","ORD") values (3,'C','上月同期值','1',null,null);
insert into "X_KPI_ATTRIBUTE"("ATTR_ID","ATTR_CODE","ATTR_NAME","ATTR_TYPE","ATTR_CONTENT","ORD") values (4,'D','本月累计','1',null,null);
insert into "X_KPI_ATTRIBUTE"("ATTR_ID","ATTR_CODE","ATTR_NAME","ATTR_TYPE","ATTR_CONTENT","ORD") values (5,'E','上月同期累计','1',null,null);
insert into "X_KPI_ATTRIBUTE"("ATTR_ID","ATTR_CODE","ATTR_NAME","ATTR_TYPE","ATTR_CONTENT","ORD") values (6,'A','本月值','2',null,null);
insert into "X_KPI_ATTRIBUTE"("ATTR_ID","ATTR_CODE","ATTR_NAME","ATTR_TYPE","ATTR_CONTENT","ORD") values (7,'B','上月值','2',null,null);
insert into "X_KPI_ATTRIBUTE"("ATTR_ID","ATTR_CODE","ATTR_NAME","ATTR_TYPE","ATTR_CONTENT","ORD") values (8,'C','上年同期','2',null,null);
insert into "X_KPI_ATTRIBUTE"("ATTR_ID","ATTR_CODE","ATTR_NAME","ATTR_TYPE","ATTR_CONTENT","ORD") values (9,'D','本年累计','2',null,null);


insert into "X_KPI_ATTR_RELATION"("RELACTION_ID","ATTR_CODE","KPI_CODE","KPI_VERSION","USER_ID","CREATE_DATE","UPATE_DATE","ACCTTYPE") values (381,'A','FK_20161102132736930','1','101','2016-11-02',null,'1');
insert into "X_KPI_ATTR_RELATION"("RELACTION_ID","ATTR_CODE","KPI_CODE","KPI_VERSION","USER_ID","CREATE_DATE","UPATE_DATE","ACCTTYPE") values (382,'B','FK_20161102132736930','1','101','2016-11-02',null,'1');
insert into "X_KPI_ATTR_RELATION"("RELACTION_ID","ATTR_CODE","KPI_CODE","KPI_VERSION","USER_ID","CREATE_DATE","UPATE_DATE","ACCTTYPE") values (383,'C','FK_20161102132736930','1','101','2016-11-02',null,'1');
insert into "X_KPI_ATTR_RELATION"("RELACTION_ID","ATTR_CODE","KPI_CODE","KPI_VERSION","USER_ID","CREATE_DATE","UPATE_DATE","ACCTTYPE") values (384,'A','FK_20161102134409378','1','101','2016-11-02',null,'1');
insert into "X_KPI_ATTR_RELATION"("RELACTION_ID","ATTR_CODE","KPI_CODE","KPI_VERSION","USER_ID","CREATE_DATE","UPATE_DATE","ACCTTYPE") values (385,'A','FK_20161102135205987','1','101','2016-11-02',null,'1');
insert into "X_KPI_ATTR_RELATION"("RELACTION_ID","ATTR_CODE","KPI_CODE","KPI_VERSION","USER_ID","CREATE_DATE","UPATE_DATE","ACCTTYPE") values (386,'A','FK_20161102140117664','1','101','2016-11-02',null,'1');
insert into "X_KPI_ATTR_RELATION"("RELACTION_ID","ATTR_CODE","KPI_CODE","KPI_VERSION","USER_ID","CREATE_DATE","UPATE_DATE","ACCTTYPE") values (387,'A','FK_20161102140117664','2','101','2016-11-02',null,'1');


insert into "X_KPI_AUDIT"("AUDIT_ID","KPI_KEY","KPI_CODE","AUDIT_RESULT","AUDIT_OPINION","AUDIT_FLAG","EXAMINE_USER","EXAMINE_DATETIME") values (261,1041,'FK_20161202230758154','2','','1','101','20161203004316');
insert into "X_KPI_AUDIT"("AUDIT_ID","KPI_KEY","KPI_CODE","AUDIT_RESULT","AUDIT_OPINION","AUDIT_FLAG","EXAMINE_USER","EXAMINE_DATETIME") values (262,1041,'FK_20161202230758154','2','','2','101','20161203004337');
insert into "X_KPI_AUDIT"("AUDIT_ID","KPI_KEY","KPI_CODE","AUDIT_RESULT","AUDIT_OPINION","AUDIT_FLAG","EXAMINE_USER","EXAMINE_DATETIME") values (263,1041,'FK_20161202230758154','2','','2','101','20161203011356');


insert into "X_KPI_AUDIT_STEP"("STEP_ID","STEP_NAME","CURR_STATUS","NEXT_STATUS") values (1,'业务定义审核','0','1');
insert into "X_KPI_AUDIT_STEP"("STEP_ID","STEP_NAME","CURR_STATUS","NEXT_STATUS") values (2,'技术定义审核','1','2');


insert into "X_KPI_CATEGORY"("CATEGORY_ID","CATEGORY_PARENT_ID","CATEGORY_ISLEAF","CATEGORY_NAME","CATEGORY_DESC","CATEGORY_CREATETIME","CATEGORY_CREATEUSER","CATEGORY_UPDATETIME","CATEGORY_UPDATEUSER","CATEGORY_FLAG","CATEGORY_TYPE","CUBE_CODE","ORD","ACCOUNT_TYPE") values (1081,0,'0','基础指标','基础维度','20161128162243','101',null,null,null,'0','1480319639983','1','');
insert into "X_KPI_CATEGORY"("CATEGORY_ID","CATEGORY_PARENT_ID","CATEGORY_ISLEAF","CATEGORY_NAME","CATEGORY_DESC","CATEGORY_CREATETIME","CATEGORY_CREATEUSER","CATEGORY_UPDATETIME","CATEGORY_UPDATEUSER","CATEGORY_FLAG","CATEGORY_TYPE","CUBE_CODE","ORD","ACCOUNT_TYPE") values (1084,0,'0','复合指标','复合指标','20161128163714','101',null,null,null,'0','1480319639983','2','');


insert into "X_KPI_CODE"("CODE","NAME","TYPE","ORD","ATTR1","ATTR2","ATTR3") values ('3','个','0','5','1',null,null);
insert into "X_KPI_CODE"("CODE","NAME","TYPE","ORD","ATTR1","ATTR2","ATTR3") values ('(','左括号','2','3',null,null,null);
insert into "X_KPI_CODE"("CODE","NAME","TYPE","ORD","ATTR1","ATTR2","ATTR3") values (')','右括号','2','4',null,null,null);
insert into "X_KPI_CODE"("CODE","NAME","TYPE","ORD","ATTR1","ATTR2","ATTR3") values ('1','元','0','0','1',null,null);
insert into "X_KPI_CODE"("CODE","NAME","TYPE","ORD","ATTR1","ATTR2","ATTR3") values ('2','次','0','1','1',null,null);
insert into "X_KPI_CODE"("CODE","NAME","TYPE","ORD","ATTR1","ATTR2","ATTR3") values ('0','等于','1','0',null,null,null);
insert into "X_KPI_CODE"("CODE","NAME","TYPE","ORD","ATTR1","ATTR2","ATTR3") values ('1','包含','1','1',null,null,null);
insert into "X_KPI_CODE"("CODE","NAME","TYPE","ORD","ATTR1","ATTR2","ATTR3") values ('2','大于','1','2',null,null,null);
insert into "X_KPI_CODE"("CODE","NAME","TYPE","ORD","ATTR1","ATTR2","ATTR3") values ('3','小于','1','3',null,null,null);
insert into "X_KPI_CODE"("CODE","NAME","TYPE","ORD","ATTR1","ATTR2","ATTR3") values ('4','不等于','1','4',null,null,null);
insert into "X_KPI_CODE"("CODE","NAME","TYPE","ORD","ATTR1","ATTR2","ATTR3") values ('5','大于等于','1','5',null,null,null);
insert into "X_KPI_CODE"("CODE","NAME","TYPE","ORD","ATTR1","ATTR2","ATTR3") values ('6','小于等于','1','6',null,null,null);
insert into "X_KPI_CODE"("CODE","NAME","TYPE","ORD","ATTR1","ATTR2","ATTR3") values ('7','为空','1','7',null,null,null);
insert into "X_KPI_CODE"("CODE","NAME","TYPE","ORD","ATTR1","ATTR2","ATTR3") values ('8','不为空','1','8',null,null,null);
insert into "X_KPI_CODE"("CODE","NAME","TYPE","ORD","ATTR1","ATTR2","ATTR3") values ('and','并且','2','0',null,null,null);
insert into "X_KPI_CODE"("CODE","NAME","TYPE","ORD","ATTR1","ATTR2","ATTR3") values ('or','或','2','1',null,null,null);
insert into "X_KPI_CODE"("CODE","NAME","TYPE","ORD","ATTR1","ATTR2","ATTR3") values ('4','M','0','3','2',null,null);
insert into "X_KPI_CODE"("CODE","NAME","TYPE","ORD","ATTR1","ATTR2","ATTR3") values ('5','分钟','0','4','2',null,null);


insert into "X_KPI_CODE_CLASS"("ID","NAME","FLAG","CLASS_NAME","ORD") values ('1',null,'1','kt','1');
insert into "X_KPI_CODE_CLASS"("ID","NAME","FLAG","CLASS_NAME","ORD") values ('2',null,'1','st','2');
insert into "X_KPI_CODE_CLASS"("ID","NAME","FLAG","CLASS_NAME","ORD") values ('3',null,'1','cl','3');
insert into "X_KPI_CODE_CLASS"("ID","NAME","FLAG","CLASS_NAME","ORD") values ('4',null,'1','cy','4');
insert into "X_KPI_CODE_CLASS"("ID","NAME","FLAG","CLASS_NAME","ORD") values ('5',null,'1','ra','5');


insert into "X_KPI_CODE_TYPE"("CODE","NAME","TYPE","ORD","ACCOUNTYPE") values ('B1','基础指标','1','5',null);
insert into "X_KPI_CODE_TYPE"("CODE","NAME","TYPE","ORD","ACCOUNTYPE") values ('B2','复合指标','1','6',null);
insert into "X_KPI_CODE_TYPE"("CODE","NAME","TYPE","ORD","ACCOUNTYPE") values ('00','全业务','2','1',null);
insert into "X_KPI_CODE_TYPE"("CODE","NAME","TYPE","ORD","ACCOUNTYPE") values ('01','移动业务','2','2',null);
insert into "X_KPI_CODE_TYPE"("CODE","NAME","TYPE","ORD","ACCOUNTYPE") values ('02','固网业务','2','3',null);
insert into "X_KPI_CODE_TYPE"("CODE","NAME","TYPE","ORD","ACCOUNTYPE") values ('03','移动后付费','2','4',null);
insert into "X_KPI_CODE_TYPE"("CODE","NAME","TYPE","ORD","ACCOUNTYPE") values ('04','移动OCS','2','5',null);
insert into "X_KPI_CODE_TYPE"("CODE","NAME","TYPE","ORD","ACCOUNTYPE") values ('05','固定电话','2','6',null);
insert into "X_KPI_CODE_TYPE"("CODE","NAME","TYPE","ORD","ACCOUNTYPE") values ('06','公用电话','2','7',null);
insert into "X_KPI_CODE_TYPE"("CODE","NAME","TYPE","ORD","ACCOUNTYPE") values ('07','异网业务','2','8',null);
insert into "X_KPI_CODE_TYPE"("CODE","NAME","TYPE","ORD","ACCOUNTYPE") values ('08','宽带','2','9',null);
insert into "X_KPI_CODE_TYPE"("CODE","NAME","TYPE","ORD","ACCOUNTYPE") values ('09','专线','2','10',null);
insert into "X_KPI_CODE_TYPE"("CODE","NAME","TYPE","ORD","ACCOUNTYPE") values ('10','窄带','2','11',null);
insert into "X_KPI_CODE_TYPE"("CODE","NAME","TYPE","ORD","ACCOUNTYPE") values ('11','固网语音增值','2','12',null);
insert into "X_KPI_CODE_TYPE"("CODE","NAME","TYPE","ORD","ACCOUNTYPE") values ('12','信息化应用','2','13',null);
insert into "X_KPI_CODE_TYPE"("CODE","NAME","TYPE","ORD","ACCOUNTYPE") values ('13','号码百事通业务','2','14',null);
insert into "X_KPI_CODE_TYPE"("CODE","NAME","TYPE","ORD","ACCOUNTYPE") values ('14','IT服务及应用','2','15',null);
insert into "X_KPI_CODE_TYPE"("CODE","NAME","TYPE","ORD","ACCOUNTYPE") values ('15','资源出租业务','2','16',null);
insert into "X_KPI_CODE_TYPE"("CODE","NAME","TYPE","ORD","ACCOUNTYPE") values ('16','基础数据','2','17',null);
insert into "X_KPI_CODE_TYPE"("CODE","NAME","TYPE","ORD","ACCOUNTYPE") values ('17','互联网增值','2','18',null);
insert into "X_KPI_CODE_TYPE"("CODE","NAME","TYPE","ORD","ACCOUNTYPE") values ('99','固网其化','2','19',null);
insert into "X_KPI_CODE_TYPE"("CODE","NAME","TYPE","ORD","ACCOUNTYPE") values ('01','发展类','3','1',null);
insert into "X_KPI_CODE_TYPE"("CODE","NAME","TYPE","ORD","ACCOUNTYPE") values ('02','业务量类','3','2',null);
insert into "X_KPI_CODE_TYPE"("CODE","NAME","TYPE","ORD","ACCOUNTYPE") values ('03','收入类','3','3',null);
insert into "X_KPI_CODE_TYPE"("CODE","NAME","TYPE","ORD","ACCOUNTYPE") values ('04','市场类','3','4',null);
insert into "X_KPI_CODE_TYPE"("CODE","NAME","TYPE","ORD","ACCOUNTYPE") values ('05','服务类','3','5',null);
insert into "X_KPI_CODE_TYPE"("CODE","NAME","TYPE","ORD","ACCOUNTYPE") values ('06','营销类','3','6',null);
insert into "X_KPI_CODE_TYPE"("CODE","NAME","TYPE","ORD","ACCOUNTYPE") values ('99','其他类','3','7',null);
insert into "X_KPI_CODE_TYPE"("CODE","NAME","TYPE","ORD","ACCOUNTYPE") values ('00','预留','5','1',null);
insert into "X_KPI_CODE_TYPE"("CODE","NAME","TYPE","ORD","ACCOUNTYPE") values ('00','日时点','4','1','1');
insert into "X_KPI_CODE_TYPE"("CODE","NAME","TYPE","ORD","ACCOUNTYPE") values ('01','日时期','4','2','1');
insert into "X_KPI_CODE_TYPE"("CODE","NAME","TYPE","ORD","ACCOUNTYPE") values ('10','月时点','4','3',null);
insert into "X_KPI_CODE_TYPE"("CODE","NAME","TYPE","ORD","ACCOUNTYPE") values ('11','月时期','4','4',null);
insert into "X_KPI_CODE_TYPE"("CODE","NAME","TYPE","ORD","ACCOUNTYPE") values ('20','实时时点','4','1','1');
insert into "X_KPI_CODE_TYPE"("CODE","NAME","TYPE","ORD","ACCOUNTYPE") values ('21','实时时期','4','2','1');


insert into "X_KPI_CUBE"("CUBE_CODE","CUBE_NAME","CUBE_DESC","CUBE_DATASOURCE","CUBE_ATTR","ACCOUNT_TYPE","CUBE_STATUS","CUBE_CREATETIME","CUBE_CREATEUSER","CUBE_UPDATETIME","CUBE_UPDATEUSER","CUBE_FLAG") values ('1480319639983','清单用户','清单用户','db2_test','1','1','1','20161128155408','101','20161202221210','101','1');


insert into "X_KPI_DIM_CATEGORY"("CATEGORY_ID","CATEGORY_NAME","CATEGORY_ORD") values (1,'公共维度',1);
insert into "X_KPI_DIM_CATEGORY"("CATEGORY_ID","CATEGORY_NAME","CATEGORY_ORD") values (2,'移动维度',2);


insert into "X_KPI_DIM_CODE"("DIM_CODE","CODE_TABLE","CODE_TABLE_DESC","COLUMN_CODE","COLUMN_DESC","COLUMN_ORD","COLUMN_PARENT","CONF_TYPE","CONDITION","CREATE_USER","CREATE_DATETIME","UPDATE_USER","UPDATE_DATETIME","DIM_PARENT_CODE","DIM_LEVEL","DIM_DEFAULT","DIM_RIGHT","DIM_TYPE","DIM_CATEGORY") values ('BD_20161202101958495','PK.CMCODE_AREA','地 市','AREA_NO','AREA_DESC','ORD','','1','','101','2016-12-02-10.23.54.000000',null,null,'','','0','AREA_NO','T',1);




insert into "X_KPI_FORMULA"("NAME","FORMULA","FORMULA_TYPE","FORMULA_EXPLAIN","CREATE_USER","CREATE_DATETIME","ID") values ('a+b','<kpi>+<kpi>',null,'',null,null,70);
insert into "X_KPI_FORMULA"("NAME","FORMULA","FORMULA_TYPE","FORMULA_EXPLAIN","CREATE_USER","CREATE_DATETIME","ID") values ('a-b','<kpi>-<kpi>',null,'',null,null,71);
insert into "X_KPI_FORMULA"("NAME","FORMULA","FORMULA_TYPE","FORMULA_EXPLAIN","CREATE_USER","CREATE_DATETIME","ID") values ('a/b','<kpi>/<kpi>',null,'a/b',null,null,70);
insert into "X_KPI_FORMULA"("NAME","FORMULA","FORMULA_TYPE","FORMULA_EXPLAIN","CREATE_USER","CREATE_DATETIME","ID") values ('a','<kpi>',null,'a',null,null,71);

insert into "X_KPI_INFO_TMP"("KPI_KEY","KPI_CODE","KPI_NAME","KPI_CATEGORY","KPI_NUIT","KPI_VERSION","KPI_ISCURR","KPI_CALIBER","KPI_EXPLAIN","KPI_FLAG","KPI_STATUS","KPI_BODY","CREATE_USER","CREATE_DATETIME","UPDATE_USER","UPDATE_DATETIME","PUBLISH_USER","PUBLISH_DATETIME","EXAMINE_USER","EXAMINE_DATETIME","KPI_USER","KPI_DEPT","KPI_FILE","EXPLAIN","SERVICE_KEY","ACCTTYPE","KPI_TYPE","KPI_OWNER","KPI_TABLE","KPI_COLUMN","CUBE_CODE") values (1041,'FK_20161202230758154','测试复合指标',1084,'2',1,'1','测试复合指标','测试复合指标','I','2','<?xml version="1.0" encoding="UTF-8" standalone="yes"?>

<kpi id="FK_20161202230758154" version="1">
  <dimensions>
    <dimension id="BD_20161202101958495" name="地 市" alias="ORD" tableLink="DM_D_QD_USER_ALL" columnLink="AREA_NO" conftype="1" datasource="db2_test" dimType="1">
      <dictionary key="AREA_NO" name="AREA_DESC" tableLink="PK.CMCODE_AREA">select AREA_NO,AREA_DESC from PK.CMCODE_AREA</dictionary>
    </dimension>
  </dimensions>
  <measures>
    <measure id="BK_20161202121436" name="手机指标" alias="手机指标" tableLink="PK.DM_D_QD_USER_ALL" columnLink="COST_PRICE" aggregator="SUM" datasource="db2_test" version="1" kpiKey="1003">
      <foreignKeyLink dimension="" foreignKeyColumn=""/>
    </measure>
  </measures>
  <formulas>
    <formula type="1" source="BK_20161202121436">{BK_20161202121436}</formula>
  </formulas>
  <conditions>
    <condition source="BD_20161202101958495" type="6" operator="0" paramsType="0" paramsValue="431" dataType="string"></condition>
    <expression>and {BD_20161202101958495} = ''431''</expression>
  </conditions>
  <selfwhere></selfwhere>
  <formulastr>&amp;lt;span class="box_div formulaTD droppable" id="BK_20161202121436_0" nodetype="4" nodeid="BK_20161202121436"&amp;gt;手机指标&amp;lt;strong&amp;gt;X&amp;lt;/strong&amp;gt;&amp;lt;/span&amp;gt;</formulastr>
  <condstr>&amp;lt;tr&amp;gt;&amp;lt;td name="nodeType" nodeid="6"&amp;gt;&amp;lt;input type="checkbox" name="condCB" id="1" nodeid="141"&amp;gt;&amp;lt;/td&amp;gt;&amp;lt;td nodeid="BD_20161202101958495" name="nodeId" dimtype="6"&amp;gt;地 市&amp;lt;/td&amp;gt;&amp;lt;td name="oper" nodeid="0"&amp;gt;&amp;lt;select style="width:200px" attrname="nodeId"&amp;gt;&amp;lt;option value="0"&amp;gt;等于&amp;lt;/option&amp;gt;&amp;lt;option value="1"&amp;gt;包含&amp;lt;/option&amp;gt;&amp;lt;option value="2"&amp;gt;大于&amp;lt;/option&amp;gt;&amp;lt;option value="3"&amp;gt;小于&amp;lt;/option&amp;gt;&amp;lt;option value="4"&amp;gt;不等于&amp;lt;/option&amp;gt;&amp;lt;option value="5"&amp;gt;大于等于&amp;lt;/option&amp;gt;&amp;lt;option value="6"&amp;gt;小于等于&amp;lt;/option&amp;gt;&amp;lt;option value="7"&amp;gt;为空&amp;lt;/option&amp;gt;&amp;lt;option value="8"&amp;gt;不为空&amp;lt;/option&amp;gt;&amp;lt;/select&amp;gt;&amp;lt;/td&amp;gt;&amp;lt;td name="condval" id="cond1" nodeid="431" condattr="T" attrval="" ondblclick="openCondValue(&amp;gl;cond1&amp;gl;)"&amp;gt;&amp;lt;select style="width:300px" attrname="nodeId"&amp;gt;&amp;lt;option value="431"&amp;gt;长春市&amp;lt;/option&amp;gt;&amp;lt;option value="432"&amp;gt;吉林市&amp;lt;/option&amp;gt;&amp;lt;option value="433"&amp;gt;延边市&amp;lt;/option&amp;gt;&amp;lt;option value="434"&amp;gt;四平市&amp;lt;/option&amp;gt;&amp;lt;option value="435"&amp;gt;通化市&amp;lt;/option&amp;gt;&amp;lt;option value="436"&amp;gt;白城市&amp;lt;/option&amp;gt;&amp;lt;option value="437"&amp;gt;辽源市&amp;lt;/option&amp;gt;&amp;lt;option value="438"&amp;gt;松原市&amp;lt;/option&amp;gt;&amp;lt;option value="439"&amp;gt;白山市&amp;lt;/option&amp;gt;&amp;lt;/select&amp;gt;&amp;lt;/td&amp;gt;&amp;lt;/tr&amp;gt;</condstr>
</kpi>
','101','20161202230908','',null,null,null,null,null,'测试复合指标','测试复合指标','','','B2000100000302','1','2','','','FK_20161202230758154','1480319639983');


insert into "X_KPI_RAL_ATTR"("ID","CUBE_CODE","TABLE_NAME","COLUMN_NAME","COLUMN_DESC","COLUMN_IDX","ATTR_TYPE") values (42,'1477882013764','','CUST_NAME','客户名称',1,'T');


insert into "X_KPI_RAL_DIM"("DIM_CODE","CUBE_CODE","TABLE_NAME","COLUMN_CODE","COLUMN_DESC","ID","DIM_ORD") values ('BD_20161031144553295','1477882013764','','AREA_NO','地市',123,1);
insert into "X_KPI_RAL_DIM"("DIM_CODE","CUBE_CODE","TABLE_NAME","COLUMN_CODE","COLUMN_DESC","ID","DIM_ORD") values ('BD_20161202101958495','1480319639983','DM_D_QD_USER_ALL','AREA_NO','地 市',141,1);


insert into "X_KPI_RAL_KEY"("ID","CUBE_CODE","TABLE_NAME","COLUMN_CODE","COLUMN_DESC","COLUMN_IDX") values (3,'1477882013764','','ACCT_NO','帐户编号',1);


insert into "X_KPI_RES_TABLE"("ID","TABLE_NAME","ACCTTYPE","KPI_TYPE","ISVALID","TABLE_DES","CREATEDATE","CREATEUSER","UPDATEDATE","UPDATEUSER","WIDETABLESQL") values (1,'aaa','1','2','0','aaa','2016-11-03','101',null,null,null);


insert into "X_KPI_SOURCE"("SOURCE_KEY","KPI_CODE","KPI_VERSION","SOURCE_KPI","SOURCE_CODE","SOURCE_NAME","SOURCE_TABLE","SOURCE_COLUMN","SOURCE_CONDITION","SOURCE_TYPE","SOURCE_VERSION") values (1078,'FK_20161102140117664',1,null,'BK_20161102121155','通话次数','DM.DM_D_QD_USER_ALL','BILL_CDR_NUM','','4',2);
insert into "X_KPI_SOURCE"("SOURCE_KEY","KPI_CODE","KPI_VERSION","SOURCE_KPI","SOURCE_CODE","SOURCE_NAME","SOURCE_TABLE","SOURCE_COLUMN","SOURCE_CONDITION","SOURCE_TYPE","SOURCE_VERSION") values (1041,'FK_20161202230758154',1,null,'BD_20161202101958495','地 市','','AREA_NO','','6',0);
insert into "X_KPI_SOURCE"("SOURCE_KEY","KPI_CODE","KPI_VERSION","SOURCE_KPI","SOURCE_CODE","SOURCE_NAME","SOURCE_TABLE","SOURCE_COLUMN","SOURCE_CONDITION","SOURCE_TYPE","SOURCE_VERSION") values (1041,'FK_20161202230758154',1,null,'BK_20161202121436','手机指标','PK.DM_D_QD_USER_ALL','COST_PRICE','','4',1);






insert into "X_KPI_SOURCE_TMP"("SOURCE_KEY","KPI_CODE","KPI_VERSION","SOURCE_KPI","SOURCE_CODE","SOURCE_NAME","SOURCE_TABLE","SOURCE_COLUMN","SOURCE_CONDITION","SOURCE_TYPE","SOURCE_VERSION") values (1075,'FK_20161102132736930',1,null,'BK_20161102121155','通话次数','DM.DM_D_QD_USER_ALL','BILL_CDR_NUM','','4',2);
insert into "X_KPI_SOURCE_TMP"("SOURCE_KEY","KPI_CODE","KPI_VERSION","SOURCE_KPI","SOURCE_CODE","SOURCE_NAME","SOURCE_TABLE","SOURCE_COLUMN","SOURCE_CONDITION","SOURCE_TYPE","SOURCE_VERSION") values (1076,'FK_20161102134409378',1,null,'BK_20161102121155','通话次数','DM.DM_D_QD_USER_ALL','BILL_CDR_NUM','','4',2);
insert into "X_KPI_SOURCE_TMP"("SOURCE_KEY","KPI_CODE","KPI_VERSION","SOURCE_KPI","SOURCE_CODE","SOURCE_NAME","SOURCE_TABLE","SOURCE_COLUMN","SOURCE_CONDITION","SOURCE_TYPE","SOURCE_VERSION") values (1077,'FK_20161102135205987',1,null,'BK_20161102121155','通话次数','DM.DM_D_QD_USER_ALL','BILL_CDR_NUM','','4',2);
insert into "X_KPI_SOURCE_TMP"("SOURCE_KEY","KPI_CODE","KPI_VERSION","SOURCE_KPI","SOURCE_CODE","SOURCE_NAME","SOURCE_TABLE","SOURCE_COLUMN","SOURCE_CONDITION","SOURCE_TYPE","SOURCE_VERSION") values (1078,'FK_20161102140117664',1,null,'BK_20161102121155','通话次数','DM.DM_D_QD_USER_ALL','BILL_CDR_NUM','','4',2);
insert into "X_KPI_SOURCE_TMP"("SOURCE_KEY","KPI_CODE","KPI_VERSION","SOURCE_KPI","SOURCE_CODE","SOURCE_NAME","SOURCE_TABLE","SOURCE_COLUMN","SOURCE_CONDITION","SOURCE_TYPE","SOURCE_VERSION") values (1079,'FK_20161102140117664',2,null,'BK_20161102121155','通话次数','DM.DM_D_QD_USER_ALL','BILL_CDR_NUM','','4',2);
insert into "X_KPI_SOURCE_TMP"("SOURCE_KEY","KPI_CODE","KPI_VERSION","SOURCE_KPI","SOURCE_CODE","SOURCE_NAME","SOURCE_TABLE","SOURCE_COLUMN","SOURCE_CONDITION","SOURCE_TYPE","SOURCE_VERSION") values (1041,'FK_20161202230758154',1,null,'BD_20161202101958495','地 市','','AREA_NO','','6',0);
insert into "X_KPI_SOURCE_TMP"("SOURCE_KEY","KPI_CODE","KPI_VERSION","SOURCE_KPI","SOURCE_CODE","SOURCE_NAME","SOURCE_TABLE","SOURCE_COLUMN","SOURCE_CONDITION","SOURCE_TYPE","SOURCE_VERSION") values (1041,'FK_20161202230758154',1,null,'BK_20161202121436','手机指标','PK.DM_D_QD_USER_ALL','COST_PRICE','','4',1);


insert into "X_KPI_SQL_INFO"("SQL_ID","KPI_CODE","KPI_VERSION","KPI_TABLE","KPI_COLUMN","KPI_SQL","KPI_CREATETIME","IS_RUN","RUN_CNT","RUN_DURATION","RUN_STARTTIME","RUN_ENDTIME","RUN_RESULT","RULE_COLUMN","FORMULA_COLUMN","USER_TABLE") values (181,'FK_20161102140117664',1,'','FK_20161102140117664','','2016-11-02-15.26.15.000000','0',null,null,null,null,null,'','','');
insert into "X_KPI_SQL_INFO"("SQL_ID","KPI_CODE","KPI_VERSION","KPI_TABLE","KPI_COLUMN","KPI_SQL","KPI_CREATETIME","IS_RUN","RUN_CNT","RUN_DURATION","RUN_STARTTIME","RUN_ENDTIME","RUN_RESULT","RULE_COLUMN","FORMULA_COLUMN","USER_TABLE") values (183,'FK_20161102140117664',1,'','FK_20161102140117664','','2016-11-02-15.29.25.000000','0',null,null,null,null,null,'','','');
insert into "X_KPI_SQL_INFO"("SQL_ID","KPI_CODE","KPI_VERSION","KPI_TABLE","KPI_COLUMN","KPI_SQL","KPI_CREATETIME","IS_RUN","RUN_CNT","RUN_DURATION","RUN_STARTTIME","RUN_ENDTIME","RUN_RESULT","RULE_COLUMN","FORMULA_COLUMN","USER_TABLE") values (185,'FK_20161102140117664',1,'','FK_20161102140117664','','2016-11-02-15.56.48.000000','0',null,null,null,null,null,'','','');
insert into "X_KPI_SQL_INFO"("SQL_ID","KPI_CODE","KPI_VERSION","KPI_TABLE","KPI_COLUMN","KPI_SQL","KPI_CREATETIME","IS_RUN","RUN_CNT","RUN_DURATION","RUN_STARTTIME","RUN_ENDTIME","RUN_RESULT","RULE_COLUMN","FORMULA_COLUMN","USER_TABLE") values (181,'FK_20161202230758154',1,'','FK_20161202230758154','','20161203011357','0',null,null,null,null,null,'','','');


insert into "X_KPI_SQL_INFO_DATA"("SQL_ID","KPI_CODE","KPI_VERSION","KPI_TABLE","KPI_COLUMN","KPI_SQL","KPI_CREATETIME","IS_RUN","RUN_CNT","RUN_DURATION","RUN_STARTTIME","RUN_ENDTIME","RUN_RESULT","RULE_COLUMN","FORMULA_COLUMN","USER_TABLE","PRE_KPI_SQL","DEAL_FLAG") values (186,'FK_20161102140117664',1,'','FK_20161102140117664','','2016-11-02-15.56.48.000000','0',null,null,null,null,null,'','','',null,'0');
insert into "X_KPI_SQL_INFO_DATA"("SQL_ID","KPI_CODE","KPI_VERSION","KPI_TABLE","KPI_COLUMN","KPI_SQL","KPI_CREATETIME","IS_RUN","RUN_CNT","RUN_DURATION","RUN_STARTTIME","RUN_ENDTIME","RUN_RESULT","RULE_COLUMN","FORMULA_COLUMN","USER_TABLE","PRE_KPI_SQL","DEAL_FLAG") values (182,'FK_20161202230758154',1,'','FK_20161202230758154','','20161203011357','0',null,null,null,null,null,'','','',null,'0');


insert into "X_KPI_TYPE"("TYPE_CODE","TYPE_NAME","USED_TYPE","VIEW_RULE","TYPE_STATUS","TYPE_ORD","SERVER_CLASS","VIEW_TYPE_NAME","EXT_VIEW","URL","SERVER_VIEW","ICON","FORMULA") values ('4','基础指标',null,null,'1',1,'B1','基础指标','0','addBaseKpi.e','0','ico07_kpi',null);
insert into "X_KPI_TYPE"("TYPE_CODE","TYPE_NAME","USED_TYPE","VIEW_RULE","TYPE_STATUS","TYPE_ORD","SERVER_CLASS","VIEW_TYPE_NAME","EXT_VIEW","URL","SERVER_VIEW","ICON","FORMULA") values ('2','复合指标','4,2,5','1,2,3,5','1',2,'B2','复合指标','0','/pages/kpi/formulaKpi/formulaNewKpi.jsp','1','ico08_kpi',null);
insert into "X_KPI_TYPE"("TYPE_CODE","TYPE_NAME","USED_TYPE","VIEW_RULE","TYPE_STATUS","TYPE_ORD","SERVER_CLASS","VIEW_TYPE_NAME","EXT_VIEW","URL","SERVER_VIEW","ICON","FORMULA") values ('8','基础数据',null,null,'0',3,null,'基础数据','0',null,null,null,null);



insert into "X_REPORT_COMPONENT"("COMPONENT_ID","COMPONENT_NAME","COMPONENT_DEMO_URL","ORD","COMPONENT_PROPERTIES_SQL","COMPONENT_TYPE","COMPONENT_KIND","COMPONENT_ICON","COMPONENT_PROPERTIES_KPI") values ('WEBLATE','页面模版','pages/xbuilder/component/weblate/Template.jsp','19','pages/xbuilder/component/weblate/Properties.jsp','WEB','WEBLATE','IconForm_.png','pages/xbuilder/component/weblate/Properties.jsp');
insert into "X_REPORT_COMPONENT"("COMPONENT_ID","COMPONENT_NAME","COMPONENT_DEMO_URL","ORD","COMPONENT_PROPERTIES_SQL","COMPONENT_TYPE","COMPONENT_KIND","COMPONENT_ICON","COMPONENT_PROPERTIES_KPI") values ('SCATTER','散点图','pages/xbuilder/component/scatter/Template.jsp','18','pages/xbuilder/component/scatter/sql/Properties.jsp','CHART','SCATTER','IconScatterCharts.png','pages/xbuilder/component/scatter/kpi/Properties.jsp');
insert into "X_REPORT_COMPONENT"("COMPONENT_ID","COMPONENT_NAME","COMPONENT_DEMO_URL","ORD","COMPONENT_PROPERTIES_SQL","COMPONENT_TYPE","COMPONENT_KIND","COMPONENT_ICON","COMPONENT_PROPERTIES_KPI") values ('DATAGRID','基础表格','pages/xbuilder/component/datagrid/Template.jsp','1','pages/xbuilder/component/datagrid/sql/Properties.jsp','TABLE','DATAGRID','IconForm_.png','pages/xbuilder/component/datagrid/kpi/Properties.jsp');
insert into "X_REPORT_COMPONENT"("COMPONENT_ID","COMPONENT_NAME","COMPONENT_DEMO_URL","ORD","COMPONENT_PROPERTIES_SQL","COMPONENT_TYPE","COMPONENT_KIND","COMPONENT_ICON","COMPONENT_PROPERTIES_KPI") values ('TREEGRID','下钻表格','pages/xbuilder/component/treegrid/Template.jsp','2','pages/xbuilder/component/treegrid/sql/Properties.jsp','TABLE','TREEGRID','IconForm.png','pages/xbuilder/component/treegrid/kpi/Properties.jsp');
insert into "X_REPORT_COMPONENT"("COMPONENT_ID","COMPONENT_NAME","COMPONENT_DEMO_URL","ORD","COMPONENT_PROPERTIES_SQL","COMPONENT_TYPE","COMPONENT_KIND","COMPONENT_ICON","COMPONENT_PROPERTIES_KPI") values ('CROSSTABLE','交叉表格','pages/xbuilder/component/crosstable/Template.jsp','3','pages/xbuilder/component/crosstable/sql/Properties.jsp','TABLE','CROSSTABLE','IconForm.png','pages/xbuilder/component/crosstable/kpi/Properties.jsp');
insert into "X_REPORT_COMPONENT"("COMPONENT_ID","COMPONENT_NAME","COMPONENT_DEMO_URL","ORD","COMPONENT_PROPERTIES_SQL","COMPONENT_TYPE","COMPONENT_KIND","COMPONENT_ICON","COMPONENT_PROPERTIES_KPI") values ('COLUMN','柱图','pages/xbuilder/component/column/Template.jsp?yAxis=1','4','pages/xbuilder/component/column/sql/Properties.jsp?yAxis=1','CHART','COLUMN','IconColumnCharts.png','pages/xbuilder/component/column/kpi/Properties.jsp?yAxis=1');
insert into "X_REPORT_COMPONENT"("COMPONENT_ID","COMPONENT_NAME","COMPONENT_DEMO_URL","ORD","COMPONENT_PROPERTIES_SQL","COMPONENT_TYPE","COMPONENT_KIND","COMPONENT_ICON","COMPONENT_PROPERTIES_KPI") values ('COLUMN2','柱图 双Y轴','pages/xbuilder/component/column/Template.jsp?yAxis=2','5','pages/xbuilder/component/column/sql/Properties.jsp?yAxis=2','CHART','COLUMN2','IconColumnCharts.png','pages/xbuilder/component/column/kpi/Properties.jsp?yAxis=2');
insert into "X_REPORT_COMPONENT"("COMPONENT_ID","COMPONENT_NAME","COMPONENT_DEMO_URL","ORD","COMPONENT_PROPERTIES_SQL","COMPONENT_TYPE","COMPONENT_KIND","COMPONENT_ICON","COMPONENT_PROPERTIES_KPI") values ('COLUMN3','柱图 三Y轴','pages/xbuilder/component/column/Template.jsp?yAxis=3','6','pages/xbuilder/component/column/sql/Properties.jsp?yAxis=3','CHART','COLUMN3','IconColumnCharts.png','pages/xbuilder/component/column/kpi/Properties.jsp?yAxis=3');
insert into "X_REPORT_COMPONENT"("COMPONENT_ID","COMPONENT_NAME","COMPONENT_DEMO_URL","ORD","COMPONENT_PROPERTIES_SQL","COMPONENT_TYPE","COMPONENT_KIND","COMPONENT_ICON","COMPONENT_PROPERTIES_KPI") values ('LINE','线图','pages/xbuilder/component/line/Template.jsp?yAxis=1','7','pages/xbuilder/component/line/sql/Properties.jsp?yAxis=1','CHART','LINE','IconLineDiagram.png','pages/xbuilder/component/line/kpi/Properties.jsp?yAxis=1');
insert into "X_REPORT_COMPONENT"("COMPONENT_ID","COMPONENT_NAME","COMPONENT_DEMO_URL","ORD","COMPONENT_PROPERTIES_SQL","COMPONENT_TYPE","COMPONENT_KIND","COMPONENT_ICON","COMPONENT_PROPERTIES_KPI") values ('LINE2','线图 双Y轴','pages/xbuilder/component/line/Template.jsp?yAxis=2','8','pages/xbuilder/component/line/sql/Properties.jsp?yAxis=2','CHART','LINE2','IconLineDiagram.png','pages/xbuilder/component/line/kpi/Properties.jsp?yAxis=2');
insert into "X_REPORT_COMPONENT"("COMPONENT_ID","COMPONENT_NAME","COMPONENT_DEMO_URL","ORD","COMPONENT_PROPERTIES_SQL","COMPONENT_TYPE","COMPONENT_KIND","COMPONENT_ICON","COMPONENT_PROPERTIES_KPI") values ('LINE3','线图 三Y轴','pages/xbuilder/component/line/Template.jsp?yAxis=3','9','pages/xbuilder/component/line/sql/Properties.jsp?yAxis=3','CHART','LINE3','IconLineDiagram.png','pages/xbuilder/component/line/kpi/Properties.jsp?yAxis=3');
insert into "X_REPORT_COMPONENT"("COMPONENT_ID","COMPONENT_NAME","COMPONENT_DEMO_URL","ORD","COMPONENT_PROPERTIES_SQL","COMPONENT_TYPE","COMPONENT_KIND","COMPONENT_ICON","COMPONENT_PROPERTIES_KPI") values ('BAR','条形图','pages/xbuilder/component/bar/Template.jsp?yAxis=1','10','pages/xbuilder/component/bar/sql/Properties.jsp?yAxis=1','CHART','BAR','IconBarCharts.png','pages/xbuilder/component/bar/kpi/Properties.jsp?yAxis=1');
insert into "X_REPORT_COMPONENT"("COMPONENT_ID","COMPONENT_NAME","COMPONENT_DEMO_URL","ORD","COMPONENT_PROPERTIES_SQL","COMPONENT_TYPE","COMPONENT_KIND","COMPONENT_ICON","COMPONENT_PROPERTIES_KPI") values ('BAR2','条形图 双Y轴','pages/xbuilder/component/bar/Template.jsp?yAxis=2','11','pages/xbuilder/component/bar/sql/Properties.jsp?yAxis=2','CHART','BAR2','IconBarCharts.png','pages/xbuilder/component/bar/kpi/Properties.jsp?yAxis=2');
insert into "X_REPORT_COMPONENT"("COMPONENT_ID","COMPONENT_NAME","COMPONENT_DEMO_URL","ORD","COMPONENT_PROPERTIES_SQL","COMPONENT_TYPE","COMPONENT_KIND","COMPONENT_ICON","COMPONENT_PROPERTIES_KPI") values ('BAR3','条形图 三Y轴','pages/xbuilder/component/bar/Template.jsp?yAxis=3','12','pages/xbuilder/component/bar/sql/Properties.jsp?yAxis=3','CHART','BAR3','IconBarCharts.png','pages/xbuilder/component/bar/kpi/Properties.jsp?yAxis=3');
insert into "X_REPORT_COMPONENT"("COMPONENT_ID","COMPONENT_NAME","COMPONENT_DEMO_URL","ORD","COMPONENT_PROPERTIES_SQL","COMPONENT_TYPE","COMPONENT_KIND","COMPONENT_ICON","COMPONENT_PROPERTIES_KPI") values ('PIE','饼图','pages/xbuilder/component/pie/Template.jsp?pieType=1','13','pages/xbuilder/component/pie/sql/Properties.jsp?pieType=1','CHART','PIE','IconPieCharts.png','pages/xbuilder/component/pie/kpi/Properties.jsp?pieType=1');
insert into "X_REPORT_COMPONENT"("COMPONENT_ID","COMPONENT_NAME","COMPONENT_DEMO_URL","ORD","COMPONENT_PROPERTIES_SQL","COMPONENT_TYPE","COMPONENT_KIND","COMPONENT_ICON","COMPONENT_PROPERTIES_KPI") values ('RING','环图','pages/xbuilder/component/pie/Template.jsp?pieType=2','14','pages/xbuilder/component/pie/sql/Properties.jsp?pieType=2','CHART','RING','IconPieCharts.png','pages/xbuilder/component/pie/kpi/Properties.jsp?pieType=2');
insert into "X_REPORT_COMPONENT"("COMPONENT_ID","COMPONENT_NAME","COMPONENT_DEMO_URL","ORD","COMPONENT_PROPERTIES_SQL","COMPONENT_TYPE","COMPONENT_KIND","COMPONENT_ICON","COMPONENT_PROPERTIES_KPI") values ('COLUMNLINE','组合图','pages/xbuilder/component/columnline/Template.jsp?yAxis=1','15','pages/xbuilder/component/columnline/sql/Properties.jsp?yAxis=1','CHART','COLUMNLINE','IconColumnLineCharts.png','pages/xbuilder/component/columnline/kpi/Properties.jsp?yAxis=1');
insert into "X_REPORT_COMPONENT"("COMPONENT_ID","COMPONENT_NAME","COMPONENT_DEMO_URL","ORD","COMPONENT_PROPERTIES_SQL","COMPONENT_TYPE","COMPONENT_KIND","COMPONENT_ICON","COMPONENT_PROPERTIES_KPI") values ('COLUMNLINE2','组合图 双Y轴','pages/xbuilder/component/columnline/Template.jsp?yAxis=2','16','pages/xbuilder/component/columnline/sql/Properties.jsp?yAxis=2','CHART','COLUMNLINE2','IconColumnLineCharts.png','pages/xbuilder/component/columnline/kpi/Properties.jsp?yAxis=2');
insert into "X_REPORT_COMPONENT"("COMPONENT_ID","COMPONENT_NAME","COMPONENT_DEMO_URL","ORD","COMPONENT_PROPERTIES_SQL","COMPONENT_TYPE","COMPONENT_KIND","COMPONENT_ICON","COMPONENT_PROPERTIES_KPI") values ('COLUMNLINE3','组合图 三Y轴','pages/xbuilder/component/columnline/Template.jsp?yAxis=3','17','pages/xbuilder/component/columnline/sql/Properties.jsp?yAxis=3','CHART','COLUMNLINE3','IconColumnLineCharts.png','pages/xbuilder/component/columnline/kpi/Properties.jsp?yAxis=3');

insert into "X_REPORT_SQL_DATATYPE"("ID","NAME","ORD") values ('1','数据集合','1');
insert into "X_REPORT_SQL_DATATYPE"("ID","NAME","ORD") values ('2','数据对象','2');


insert into "X_REPORT_UPLOAD_DATA_LOG"("LOG_ID","FILE_PATH","UPLOAD_DATE","UPLOAD_USER","REPORT_ID","FILE_NAME","FILE_FACT_NAME","FIELD_NAME") values ('LOG121','/Volumes/FAT/apache-tomcat-7.0.70/webapps/eframe_oracle/pages/download/','2016-10-29','101','1615515df98f4ae593ec92deae163c2d','2016102914242338272_REPORT.xlsx','测试.xlsx','cust_manager');
insert into "X_REPORT_UPLOAD_DATA_LOG"("LOG_ID","FILE_PATH","UPLOAD_DATE","UPLOAD_USER","REPORT_ID","FILE_NAME","FILE_FACT_NAME","FIELD_NAME") values ('LOG141','/D:/Workspaces2016/eframe_oracle/WebRoot/pages/download/','2016-11-02','101','7521cf39f6bd4fd89a543e418c3f8245','2016110216245504496_REPORT.xls','差旅费模板.xls','AREA_NO');


insert into "X_THEME"("ID","NAME","CSS","ORD") values ('01','简约灰','pages/xbuilder/resources/themes/gray/gray.css',2);
insert into "X_THEME"("ID","NAME","CSS","ORD") values ('02','天翼绿','pages/xbuilder/resources/themes/green/green.css',3);
insert into "X_THEME"("ID","NAME","CSS","ORD") values ('03','科技蓝','pages/xbuilder/resources/themes/blue/blue.css',1);
insert into "X_THEME"("ID","NAME","CSS","ORD") values ('04','柠檬橙','pages/xbuilder/resources/themes/orange/orange.css',4);
insert into "X_THEME"("ID","NAME","CSS","ORD") values ('05','中国红','pages/xbuilder/resources/themes/red/red.css',5);


insert into "X_THEME_COLOR"("ID","THEME_ID","NAME","ORD","CLASS") values ('1','01','灰色',1,'xx');
insert into "X_THEME_COLOR"("ID","THEME_ID","NAME","ORD","CLASS") values ('2','02','黄色',2,'yellow');
insert into "X_THEME_COLOR"("ID","THEME_ID","NAME","ORD","CLASS") values ('3','02','蓝色',3,'blue');
insert into "X_THEME_COLOR"("ID","THEME_ID","NAME","ORD","CLASS") values ('4','03','紫色',4,'aa');
insert into "X_THEME_COLOR"("ID","THEME_ID","NAME","ORD","CLASS") values ('5','03','五彩',5,'bb');
insert into "X_THEME_COLOR"("ID","THEME_ID","NAME","ORD","CLASS") values ('6','04','红色',6,'red');
insert into "X_THEME_COLOR"("ID","THEME_ID","NAME","ORD","CLASS") values ('7','04','紫色',7,'cc');
insert into "X_THEME_COLOR"("ID","THEME_ID","NAME","ORD","CLASS") values ('8','05','五彩',1,'cc');
insert into "X_THEME_COLOR"("ID","THEME_ID","NAME","ORD","CLASS") values ('9','05','蓝色',2,'cc');




