/*
SQLyog Ultimate v12.08 (64 bit)
MySQL - 5.5.28 : Database - easy_frame
*********************************************************************
*/

/*!40101 SET NAMES utf8 */;

/*!40101 SET SQL_MODE=''*/;

/*!40014 SET @OLD_UNIQUE_CHECKS=@@UNIQUE_CHECKS, UNIQUE_CHECKS=0 */;
/*!40101 SET @OLD_SQL_MODE=@@SQL_MODE, SQL_MODE='NO_AUTO_VALUE_ON_ZERO' */;
/*!40111 SET @OLD_SQL_NOTES=@@SQL_NOTES, SQL_NOTES=0 */;
CREATE DATABASE /*!32312 IF NOT EXISTS*/`easy_frame` /*!40100 DEFAULT CHARACTER SET utf8 */;

USE `easy_frame`;

/*Table structure for table `cmcode_area` */

DROP TABLE IF EXISTS `cmcode_area`;

CREATE TABLE `cmcode_area` (
  `AREA_NO` varchar(4) DEFAULT NULL,
  `AREA_DESC` varchar(50) DEFAULT NULL,
  `ORD` varchar(8) DEFAULT NULL
) ENGINE=InnoDB DEFAULT CHARSET=utf8;

/*Data for the table `cmcode_area` */

insert  into `cmcode_area`(`AREA_NO`,`AREA_DESC`,`ORD`) values ('431','长春市','1'),('432','吉林市','2'),('433','延边市','3'),('434','四平市','4'),('435','通化市','5'),('436','白城市','6'),('437','辽源市','7'),('438','松原市','8'),('439','白山市','9');

/*Table structure for table `cmcode_city` */

DROP TABLE IF EXISTS `cmcode_city`;

CREATE TABLE `cmcode_city` (
  `AREA_NO` varchar(4) DEFAULT NULL,
  `CITY_NO` varchar(8) DEFAULT NULL,
  `CITY_DESC` varchar(50) DEFAULT NULL,
  `ORD` varchar(8) DEFAULT NULL,
  `AREA_DESC` varchar(50) DEFAULT NULL
) ENGINE=InnoDB DEFAULT CHARSET=utf8;

/*Data for the table `cmcode_city` */

insert  into `cmcode_city`(`AREA_NO`,`CITY_NO`,`CITY_DESC`,`ORD`,`AREA_DESC`) values ('431','43104','长春.农安','43104','长春'),('431','43105','长春.双阳','43105','长春'),('531','43104','长春.农安','43104','长春'),('531','43105','长春.双阳','43105','长春'),('531','43101','长春.长春市','43101','长春'),('531','43102','长春.德惠','43102','长春'),('531','43103','长春.九台','43103','长春'),('531','43106','长春.榆树','43106','长春'),('431','43101','长春.长春市','43101','长春'),('431','43102','长春.德惠','43102','长春'),('431','43103','长春.九台','43103','长春'),('431','43106','长春.榆树','43106','长春'),('432','43201','吉林.吉林市','43201','吉林'),('432','43202','吉林.磐石','43202','吉林'),('432','43203','吉林.舒兰','43203','吉林'),('432','43204','吉林.永吉','43204','吉林'),('432','43205','吉林.桦甸','43205','吉林'),('432','43206','吉林.蛟河','43206','吉林'),('433','43301','延边.延吉','43301','延边'),('433','43302','延边.敦化','43302','延边'),('433','43303','延边.和龙','43303','延边'),('433','43304','延边.龙井','43304','延边'),('433','43305','延边.图们','43305','延边'),('433','43306','延边.汪清','43306','延边'),('433','43307','延边.安图','43307','延边'),('433','43308','延边.珲春','43308','延边'),('434','43401','四平.四平市','43401','四平'),('434','43402','四平.梨树','43402','四平'),('434','43403','四平.双辽','43403','四平'),('434','43404','四平.公主岭','43404','四平'),('434','43405','四平.伊通','43405','四平'),('435','43501','通化.通化市','43501','通化'),('435','43502','通化.集安','43502','通化'),('435','43503','通化.柳河','43503','通化'),('435','43504','通化.梅河口','43504','通化'),('435','43505','通化.辉南','43505','通化'),('435','43506','通化.通化县','43506','通化'),('436','43601','白城.白城市','43601','白城'),('436','43602','白城.大安','43602','白城'),('436','43603','白城.通榆','43603','白城'),('436','43604','白城.镇赉','43604','白城'),('436','43605','白城.洮南','43605','白城'),('437','43701','辽源.辽源市','43701','辽源'),('437','43702','辽源.东辽','43702','辽源'),('437','43703','辽源.东丰','43703','辽源'),('438','43801','松原.松原市','43801','松原'),('438','43802','松原.扶余','43802','松原'),('438','43803','松原.乾安','43803','松原'),('438','43804','松原.长岭','43804','松原'),('439','43901','白山.白山市','43901','白山'),('439','43902','白山.长白','43902','白山'),('439','43903','白山.抚松','43903','白山'),('439','43904','白山.江源','43904','白山'),('439','43905','白山.靖宇','43905','白山'),('439','43906','白山.临江','43906','白山');

/*Table structure for table `d_subsystem` */

DROP TABLE IF EXISTS `d_subsystem`;

CREATE TABLE `d_subsystem` (
  `subsystem_id` varchar(30) DEFAULT NULL,
  `subsystem_name` varchar(50) DEFAULT NULL,
  `subsystem_address` varchar(200) DEFAULT NULL,
  `subsystem_ip` varchar(30) DEFAULT NULL,
  `simulation_address` varchar(200) DEFAULT NULL,
  `state` varchar(2) DEFAULT NULL,
  `ORD` int(11) DEFAULT NULL,
  `contacts` varchar(30) DEFAULT NULL,
  `phone` varchar(20) DEFAULT NULL,
  `e_mail` varchar(30) DEFAULT NULL,
  `subsystem_address2` varchar(200) DEFAULT NULL,
  `subsystem_ip2` varchar(30) DEFAULT NULL,
  `remark` varchar(200) DEFAULT NULL,
  `create_user` varchar(30) DEFAULT NULL,
  `create_time` varchar(20) DEFAULT NULL,
  `modify_user` varchar(30) DEFAULT NULL,
  `modify_time` varchar(20) DEFAULT NULL
) ENGINE=MyISAM DEFAULT CHARSET=utf8;

/*Data for the table `d_subsystem` */

insert  into `d_subsystem`(`subsystem_id`,`subsystem_name`,`subsystem_address`,`subsystem_ip`,`simulation_address`,`state`,`ORD`,`contacts`,`phone`,`e_mail`,`subsystem_address2`,`subsystem_ip2`,`remark`,`create_user`,`create_time`,`modify_user`,`modify_time`) values ('chen_efw','ces','http://192.168.199.36:8080/easy_mysql/','192.168.199.36','','1',1,'','','','','','','101','2016-10-09','101','2016-10-09'),('002','mysql','http://192.168.199.172:9001/eframe_oracle','192.168.199.172','','1',1,'','','','http://192.168.199.172:9001/eframe_oracle','192.168.199.172','','101','2016-10-09',NULL,NULL),('004','测试重复','http://localhost:8080/eframe_mysql/pages/frame/Frame.jsp','','','1',2,'dafsdf','','','http://localhost:8080/eframe_mysql/pages/frame/Frame.jsp','','asdfasdf','101','2016-10-11','101','20161215091507'),('003','本地网','http://10.211.55.5:8080/eframe_mysql','10.211.55.5','','1',1,'','','','','','','101','2016-10-10','101','2016-10-10');

/*Table structure for table `e_comp_extend_btn` */

DROP TABLE IF EXISTS `e_comp_extend_btn`;

CREATE TABLE `e_comp_extend_btn` (
  `COMP_ID` varchar(100) DEFAULT NULL COMMENT '报表内功能id',
  `COMP_NAME` varchar(30) DEFAULT NULL COMMENT '报表内功能id',
  `BTN_NAME` varchar(30) DEFAULT NULL COMMENT '按钮名称，做提示用，不直接显示',
  `BTN_ICON` varchar(200) DEFAULT NULL COMMENT '显示的图标，icon-download-excel；icon-download-excel2（重复）；icon-download-pdf',
  `CALL_URL` varchar(100) DEFAULT NULL COMMENT '点击按钮要请求的地址，起始没有/，如user.e或user.e?name=33&id=xx',
  `CALL_TARGET` varchar(30) DEFAULT NULL COMMENT 'open、replace、ajax、form（下载时），目前支持form方式',
  `SHOW_SELECT_FIELD` varchar(2) DEFAULT NULL COMMENT '是否弹出选择列菜单,1是，0否，弹出后可以选择列'
) ENGINE=InnoDB DEFAULT CHARSET=utf8;

/*Data for the table `e_comp_extend_btn` */

insert  into `e_comp_extend_btn`(`COMP_ID`,`COMP_NAME`,`BTN_NAME`,`BTN_ICON`,`CALL_URL`,`CALL_TARGET`,`SHOW_SELECT_FIELD`) values ('userTable','用户管理','导出','icon-download-pdf','/gridextconf.e','form','0');

/*Table structure for table `e_comp_extend_btn_role` */

DROP TABLE IF EXISTS `e_comp_extend_btn_role`;

CREATE TABLE `e_comp_extend_btn_role` (
  `COMP_ID` varchar(100) DEFAULT NULL COMMENT '功能id',
  `ROLE_ID` varchar(20) DEFAULT NULL COMMENT '系统角色id'
) ENGINE=InnoDB DEFAULT CHARSET=utf8;

/*Data for the table `e_comp_extend_btn_role` */

/*Table structure for table `e_component_example` */

DROP TABLE IF EXISTS `e_component_example`;

CREATE TABLE `e_component_example` (
  `ACCT_DAY` varchar(8) DEFAULT NULL COMMENT '帐期日',
  `ACCT_MONTH` varchar(6) DEFAULT NULL COMMENT '帐期月',
  `AREA_NO` varchar(10) DEFAULT NULL COMMENT '地市',
  `CITY_NO` varchar(10) DEFAULT NULL COMMENT '区县',
  `VALUE1` int(11) DEFAULT NULL COMMENT '指标1',
  `VALUE2` int(11) DEFAULT NULL COMMENT '指标2',
  `VALUE3` int(11) DEFAULT NULL COMMENT '指标3',
  `VALUE4` int(11) DEFAULT NULL COMMENT '指标4',
  `VALUE5` int(11) DEFAULT NULL COMMENT '指标5'
) ENGINE=InnoDB DEFAULT CHARSET=utf8;

/*Data for the table `e_component_example` */

insert  into `e_component_example`(`ACCT_DAY`,`ACCT_MONTH`,`AREA_NO`,`CITY_NO`,`VALUE1`,`VALUE2`,`VALUE3`,`VALUE4`,`VALUE5`) values ('20131105','201311','439','43904',11,22,33,44,55),('20131106','201311','439','43905',11,22,33,44,55),('20131107','201311','439','43906',11,22,33,44,55),('20131108','201311','439','43907',11,22,33,44,55),('20131109','201311','439','43908',11,22,33,44,55),('20131110','201311','439','43909',11,22,33,44,55),('20131111','201311','439','43901',11,22,33,44,55),('20131112','201311','439','43902',11,22,33,44,55),('20131113','201311','439','43903',11,22,33,44,55),('20131114','201311','439','43905',11,22,33,44,55),('20131115','201311','439','43901',11,22,33,44,55),('20131116','201311','439','43908',11,22,33,44,55),('20131117','201311','439','43902',11,22,33,44,55),('20131118','201311','439','43901',11,22,33,44,55),('20131119','201311','439','43903',11,22,33,44,55),('20131120','201311','439','43901',11,22,33,44,55),('20131102','201311','439','43901',11,22,33,44,55),('20131103','201311','439','43902',11,22,33,44,55),('20131104','201311','439','43903',11,22,33,44,55),('20131105','201311','439','43904',11,22,33,44,55),('20131106','201311','439','43905',11,22,33,44,55),('20131107','201311','439','43906',11,22,33,44,55),('20131108','201311','439','43907',11,22,33,44,55),('20131109','201311','439','43908',11,22,33,44,55),('20131110','201311','439','43909',11,22,33,44,55),('20131111','201311','439','43901',11,22,33,44,55),('20131112','201311','439','43902',11,22,33,44,55),('20131113','201311','439','43903',11,22,33,44,55),('20131114','201311','439','43905',11,22,33,44,55),('20131115','201311','439','43901',11,22,33,44,55),('20131116','201311','439','43908',11,22,33,44,55),('20131117','201311','439','43902',11,22,33,44,55),('20131118','201311','439','43901',11,22,33,44,55),('20131119','201311','439','43903',11,22,33,44,55),('20131120','201311','439','43901',11,22,33,44,55),('20131102','201311','439','43901',11,22,33,44,55),('20131103','201311','439','43902',11,22,33,44,55),('20131104','201311','439','43903',11,22,33,44,55),('20131105','201311','439','43904',11,22,33,44,55),('20131106','201311','439','43905',11,22,33,44,55),('20131107','201311','439','43906',11,22,33,44,55),('20131108','201311','439','43907',11,22,33,44,55),('20131109','201311','439','43908',11,22,33,44,55),('20131110','201311','439','43909',11,22,33,44,55),('20131111','201311','439','43901',11,22,33,44,55),('20131112','201311','439','43902',11,22,33,44,55),('20131113','201311','439','43903',11,22,33,44,55),('20131114','201311','439','43905',11,22,33,44,55),('20131115','201311','439','43901',11,22,33,44,55),('20131116','201311','439','43908',11,22,33,44,55),('20131117','201311','439','43902',11,22,33,44,55),('20131118','201311','439','43901',11,22,33,44,55),('20131119','201311','439','43903',11,22,33,44,55),('20131120','201311','439','43901',11,22,33,44,55),('20131102','201311','439','43901',11,22,33,44,55),('20131103','201311','439','43902',11,22,33,44,55),('20131104','201311','439','43903',11,22,33,44,55),('20131105','201311','439','43904',11,22,33,44,55),('20131106','201311','439','43905',11,22,33,44,55),('20131107','201311','439','43906',11,22,33,44,55),('20131108','201311','439','43907',11,22,33,44,55),('20131109','201311','439','43908',11,22,33,44,55),('20131110','201311','439','43909',11,22,33,44,55),('20131111','201311','439','43901',11,22,33,44,55),('20131112','201311','439','43902',11,22,33,44,55),('20131113','201311','439','43903',11,22,33,44,55),('20131114','201311','439','43905',11,22,33,44,55),('20131115','201311','439','43901',11,22,33,44,55),('20131116','201311','439','43908',11,22,33,44,55),('20131117','201311','439','43902',11,22,33,44,55),('20131118','201311','439','43901',11,22,33,44,55),('20131119','201311','439','43903',11,22,33,44,55),('20131120','201311','439','43901',11,22,33,44,55),('20131102','201311','439','43901',11,22,33,44,55),('20131103','201311','439','43902',11,22,33,44,55),('20131104','201311','439','43903',11,22,33,44,55),('20131105','201311','439','43904',11,22,33,44,55),('20131106','201311','439','43905',11,22,33,44,55),('20131107','201311','439','43906',11,22,33,44,55),('20131108','201311','439','43907',11,22,33,44,55),('20131109','201311','439','43908',11,22,33,44,55),('20131110','201311','439','43909',11,22,33,44,55),('20131111','201311','439','43901',11,22,33,44,55),('20131112','201311','439','43902',11,22,33,44,55),('20131113','201311','439','43903',11,22,33,44,55),('20131114','201311','439','43905',11,22,33,44,55),('20131115','201311','439','43901',11,22,33,44,55),('20131116','201311','439','43908',11,22,33,44,55),('20131117','201311','439','43902',11,22,33,44,55),('20131118','201311','439','43901',11,22,33,44,55),('20131119','201311','439','43903',11,22,33,44,55),('20131120','201311','439','43901',11,22,33,44,55),('20131102','201311','439','43901',11,22,33,44,55),('20131103','201311','439','43902',11,22,33,44,55),('20131104','201311','439','43903',11,22,33,44,55),('20131105','201311','439','43904',11,22,33,44,55),('20131106','201311','439','43905',11,22,33,44,55),('20131107','201311','439','43906',11,22,33,44,55),('20131108','201311','439','43907',11,22,33,44,55),('20131109','201311','439','43908',11,22,33,44,55),('20131110','201311','439','43909',11,22,33,44,55),('20131111','201311','439','43901',11,22,33,44,55),('20131112','201311','439','43902',11,22,33,44,55),('20131113','201311','439','43903',11,22,33,44,55),('20131114','201311','439','43905',11,22,33,44,55),('20131115','201311','439','43901',11,22,33,44,55),('20131116','201311','439','43908',11,22,33,44,55),('20131117','201311','439','43902',11,22,33,44,55),('20131118','201311','439','43901',11,22,33,44,55),('20131119','201311','439','43903',11,22,33,44,55),('20131120','201311','439','43901',11,22,33,44,55),('20131101','201311','439','43901',11,22,33,44,55),('20131102','201311','439','43901',11,22,33,44,55),('20131103','201311','439','43902',11,22,33,44,55),('20131104','201311','439','43903',11,22,33,44,55),('20131105','201311','439','43904',11,22,33,44,55),('20131102','201311','439','43901',11,22,33,44,55),('20131103','201311','439','43902',11,22,33,44,55),('20131104','201311','439','43903',11,22,33,44,55),('20131105','201311','439','43904',11,22,33,44,55),('20131106','201311','439','43905',11,22,33,44,55),('20131107','201311','439','43906',11,22,33,44,55),('20131108','201311','439','43907',11,22,33,44,55),('20131109','201311','439','43908',11,22,33,44,55),('20131110','201311','439','43909',11,22,33,44,55),('20131111','201311','439','43901',11,22,33,44,55),('20131112','201311','439','43902',11,22,33,44,55),('20131113','201311','439','43903',11,22,33,44,55),('20131114','201311','439','43905',11,22,33,44,55),('20131115','201311','439','43901',11,22,33,44,55),('20131116','201311','439','43908',11,22,33,44,55),('20131117','201311','439','43902',11,22,33,44,55),('20131118','201311','439','43901',11,22,33,44,55),('20131119','201311','439','43903',11,22,33,44,55),('20131120','201311','439','43901',11,22,33,44,55),('20131102','201311','439','43901',11,22,33,44,55),('20131103','201311','439','43902',11,22,33,44,55),('20131104','201311','439','43903',11,22,33,44,55),('20131105','201311','439','43904',11,22,33,44,55),('20131106','201311','439','43905',11,22,33,44,55),('20131107','201311','439','43906',11,22,33,44,55),('20131108','201311','439','43907',11,22,33,44,55),('20131109','201311','439','43908',11,22,33,44,55),('20131110','201311','439','43909',11,22,33,44,55),('20131111','201311','439','43901',11,22,33,44,55),('20131112','201311','439','43902',11,22,33,44,55),('20131113','201311','439','43903',11,22,33,44,55),('20131114','201311','439','43905',11,22,33,44,55),('20131115','201311','439','43901',11,22,33,44,55),('20131116','201311','439','43908',11,22,33,44,55),('20131117','201311','439','43902',11,22,33,44,55),('20131118','201311','439','43901',11,22,33,44,55),('20131119','201311','439','43903',11,22,33,44,55),('20131120','201311','439','43901',11,22,33,44,55),('20131102','201311','439','43901',11,22,33,44,55),('20131103','201311','439','43902',11,22,33,44,55),('20131104','201311','439','43903',11,22,33,44,55),('20131105','201311','439','43904',11,22,33,44,55),('20131106','201311','439','43905',11,22,33,44,55),('20131107','201311','439','43906',11,22,33,44,55),('20131108','201311','439','43907',11,22,33,44,55),('20131109','201311','439','43908',11,22,33,44,55),('20131110','201311','439','43909',11,22,33,44,55),('20131111','201311','439','43901',11,22,33,44,55),('20131112','201311','439','43902',11,22,33,44,55),('20131113','201311','439','43903',11,22,33,44,55),('20131114','201311','439','43905',11,22,33,44,55),('20131115','201311','439','43901',11,22,33,44,55),('20131116','201311','439','43908',11,22,33,44,55),('20131117','201311','439','43902',11,22,33,44,55),('20131118','201311','439','43901',11,22,33,44,55),('20131119','201311','439','43903',11,22,33,44,55),('20131120','201311','439','43901',11,22,33,44,55),('20131102','201311','439','43901',11,22,33,44,55),('20131103','201311','439','43902',11,22,33,44,55),('20131104','201311','439','43903',11,22,33,44,55),('20131105','201311','439','43904',11,22,33,44,55),('20131106','201311','439','43905',11,22,33,44,55),('20131107','201311','439','43906',11,22,33,44,55),('20131108','201311','439','43907',11,22,33,44,55),('20131109','201311','439','43908',11,22,33,44,55),('20131110','201311','439','43909',11,22,33,44,55),('20131111','201311','439','43901',11,22,33,44,55),('20131112','201311','439','43902',11,22,33,44,55),('20131113','201311','439','43903',11,22,33,44,55),('20131114','201311','439','43905',11,22,33,44,55),('20131115','201311','439','43901',11,22,33,44,55),('20131116','201311','439','43908',11,22,33,44,55),('20131117','201311','439','43902',11,22,33,44,55),('20131118','201311','439','43901',11,22,33,44,55),('20131119','201311','439','43903',11,22,33,44,55),('20131120','201311','439','43901',11,22,33,44,55),('20131102','201311','439','43901',11,22,33,44,55),('20131103','201311','439','43902',11,22,33,44,55),('20131104','201311','439','43903',11,22,33,44,55),('20131105','201311','439','43904',11,22,33,44,55),('20131106','201311','439','43905',11,22,33,44,55),('20131107','201311','439','43906',11,22,33,44,55),('20131108','201311','439','43907',11,22,33,44,55),('20131109','201311','439','43908',11,22,33,44,55),('20131110','201311','439','43909',11,22,33,44,55),('20131111','201311','439','43901',11,22,33,44,55),('20131112','201311','439','43902',11,22,33,44,55),('20131113','201311','439','43903',11,22,33,44,55),('20131114','201311','439','43905',11,22,33,44,55),('20131115','201311','439','43901',11,22,33,44,55),('20131116','201311','439','43908',11,22,33,44,55),('20131117','201311','439','43902',11,22,33,44,55),('20131118','201311','439','43901',11,22,33,44,55),('20131119','201311','439','43903',11,22,33,44,55),('20131120','201311','439','43901',11,22,33,44,55),('20131102','201311','439','43901',11,22,33,44,55),('20131103','201311','439','43902',11,22,33,44,55),('20131104','201311','439','43903',11,22,33,44,55),('20131105','201311','439','43904',11,22,33,44,55),('20131106','201311','439','43905',11,22,33,44,55),('20131107','201311','439','43906',11,22,33,44,55),('20131108','201311','439','43907',11,22,33,44,55),('20131109','201311','439','43908',11,22,33,44,55),('20131110','201311','439','43909',11,22,33,44,55),('20131111','201311','439','43901',11,22,33,44,55),('20131112','201311','439','43902',11,22,33,44,55),('20131113','201311','439','43903',11,22,33,44,55),('20131114','201311','439','43905',11,22,33,44,55),('20131115','201311','439','43901',11,22,33,44,55),('20131116','201311','439','43908',11,22,33,44,55),('20131117','201311','439','43902',11,22,33,44,55),('20131118','201311','439','43901',11,22,33,44,55),('20131119','201311','439','43903',11,22,33,44,55),('20131120','201311','439','43901',11,22,33,44,55),('20131102','201311','439','43901',11,22,33,44,55),('20131103','201311','439','43902',11,22,33,44,55),('20131104','201311','439','43903',11,22,33,44,55),('20131105','201311','439','43904',11,22,33,44,55),('20131106','201311','439','43905',11,22,33,44,55),('20131107','201311','439','43906',11,22,33,44,55),('20131108','201311','439','43907',11,22,33,44,55),('20131109','201311','439','43908',11,22,33,44,55),('20131110','201311','439','43909',11,22,33,44,55),('20131111','201311','439','43901',11,22,33,44,55),('20131112','201311','439','43902',11,22,33,44,55),('20131113','201311','439','43903',11,22,33,44,55),('20131114','201311','439','43905',11,22,33,44,55),('20131115','201311','439','43901',11,22,33,44,55),('20131116','201311','439','43908',11,22,33,44,55),('20131117','201311','439','43902',11,22,33,44,55),('20131118','201311','439','43901',11,22,33,44,55),('20131119','201311','439','43903',11,22,33,44,55),('20131120','201311','439','43901',11,22,33,44,55),('20131102','201311','439','43901',11,22,33,44,55),('20131103','201311','439','43902',11,22,33,44,55),('20131104','201311','439','43903',11,22,33,44,55),('20131105','201311','439','43904',11,22,33,44,55),('20131106','201311','439','43905',11,22,33,44,55),('20131107','201311','439','43906',11,22,33,44,55),('20131108','201311','439','43907',11,22,33,44,55),('20131109','201311','439','43908',11,22,33,44,55),('20131110','201311','439','43909',11,22,33,44,55),('20131111','201311','439','43901',11,22,33,44,55),('20131112','201311','439','43902',11,22,33,44,55),('20131113','201311','439','43903',11,22,33,44,55),('20131114','201311','439','43905',11,22,33,44,55),('20131115','201311','439','43901',11,22,33,44,55),('20131116','201311','439','43908',11,22,33,44,55),('20131117','201311','439','43902',11,22,33,44,55),('20131118','201311','439','43901',11,22,33,44,55),('20131119','201311','439','43903',11,22,33,44,55),('20131120','201311','439','43901',11,22,33,44,55),('20131101','201311','439','43901',11,22,33,44,55),('20131102','201311','439','43901',11,22,33,44,55),('20131103','201311','439','43902',11,22,33,44,55),('20131104','201311','439','43903',11,22,33,44,55),('20131105','201311','439','43904',11,22,33,44,55),('20131117','201311','439','43902',11,22,33,44,55),('20131118','201311','439','43901',11,22,33,44,55),('20131119','201311','439','43903',11,22,33,44,55),('20131120','201311','439','43901',11,22,33,44,55),('20131102','201311','439','43901',11,22,33,44,55),('20131103','201311','439','43902',11,22,33,44,55),('20131104','201311','439','43903',11,22,33,44,55),('20131105','201311','439','43904',11,22,33,44,55),('20131106','201311','439','43905',11,22,33,44,55),('20131107','201311','439','43906',11,22,33,44,55),('20131108','201311','439','43907',11,22,33,44,55),('20131109','201311','439','43908',11,22,33,44,55),('20131110','201311','439','43909',11,22,33,44,55),('20131111','201311','439','43901',11,22,33,44,55),('20131112','201311','439','43902',11,22,33,44,55),('20131113','201311','439','43903',11,22,33,44,55),('20131114','201311','439','43905',11,22,33,44,55),('20131115','201311','439','43901',11,22,33,44,55),('20131116','201311','439','43908',11,22,33,44,55),('20131117','201311','439','43902',11,22,33,44,55),('20131118','201311','439','43901',11,22,33,44,55),('20131119','201311','439','43903',11,22,33,44,55),('20131120','201311','439','43901',11,22,33,44,55),('20131102','201311','439','43901',11,22,33,44,55),('20131103','201311','439','43902',11,22,33,44,55),('20131104','201311','439','43903',11,22,33,44,55),('20131105','201311','439','43904',11,22,33,44,55),('20131106','201311','439','43905',11,22,33,44,55),('20131107','201311','439','43906',11,22,33,44,55),('20131108','201311','439','43907',11,22,33,44,55),('20131109','201311','439','43908',11,22,33,44,55),('20131110','201311','439','43909',11,22,33,44,55),('20131111','201311','439','43901',11,22,33,44,55),('20131112','201311','439','43902',11,22,33,44,55),('20131113','201311','439','43903',11,22,33,44,55),('20131114','201311','439','43905',11,22,33,44,55),('20131115','201311','439','43901',11,22,33,44,55),('20131116','201311','439','43908',11,22,33,44,55),('20131117','201311','439','43902',11,22,33,44,55),('20131118','201311','439','43901',11,22,33,44,55),('20131119','201311','439','43903',11,22,33,44,55),('20131120','201311','439','43901',11,22,33,44,55),('20131102','201311','439','43901',11,22,33,44,55),('20131103','201311','439','43902',11,22,33,44,55),('20131104','201311','439','43903',11,22,33,44,55),('20131105','201311','439','43904',11,22,33,44,55),('20131106','201311','439','43905',11,22,33,44,55),('20131107','201311','439','43906',11,22,33,44,55),('20131108','201311','439','43907',11,22,33,44,55),('20131109','201311','439','43908',11,22,33,44,55),('20131110','201311','439','43909',11,22,33,44,55),('20131111','201311','439','43901',11,22,33,44,55),('20131112','201311','439','43902',11,22,33,44,55),('20131113','201311','439','43903',11,22,33,44,55),('20131114','201311','439','43905',11,22,33,44,55),('20131115','201311','439','43901',11,22,33,44,55),('20131116','201311','439','43908',11,22,33,44,55),('20131117','201311','439','43902',11,22,33,44,55),('20131118','201311','439','43901',11,22,33,44,55),('20131119','201311','439','43903',11,22,33,44,55),('20131120','201311','439','43901',11,22,33,44,55),('20131102','201311','439','43901',11,22,33,44,55),('20131103','201311','439','43902',11,22,33,44,55),('20131104','201311','439','43903',11,22,33,44,55),('20131105','201311','439','43904',11,22,33,44,55),('20131106','201311','439','43905',11,22,33,44,55),('20131107','201311','439','43906',11,22,33,44,55),('20131108','201311','439','43907',11,22,33,44,55),('20131109','201311','439','43908',11,22,33,44,55),('20131110','201311','439','43909',11,22,33,44,55),('20131111','201311','439','43901',11,22,33,44,55),('20131112','201311','439','43902',11,22,33,44,55),('20131113','201311','439','43903',11,22,33,44,55),('20131114','201311','439','43905',11,22,33,44,55),('20131115','201311','439','43901',11,22,33,44,55),('20131116','201311','439','43908',11,22,33,44,55),('20131117','201311','439','43902',11,22,33,44,55),('20131118','201311','439','43901',11,22,33,44,55),('20131119','201311','439','43903',11,22,33,44,55),('20131120','201311','439','43901',11,22,33,44,55),('20131102','201311','439','43901',11,22,33,44,55),('20131103','201311','439','43902',11,22,33,44,55),('20131104','201311','439','43903',11,22,33,44,55),('20131105','201311','439','43904',11,22,33,44,55),('20131106','201311','439','43905',11,22,33,44,55),('20131107','201311','439','43906',11,22,33,44,55),('20131108','201311','439','43907',11,22,33,44,55),('20131109','201311','439','43908',11,22,33,44,55),('20131110','201311','439','43909',11,22,33,44,55),('20131111','201311','439','43901',11,22,33,44,55),('20131112','201311','439','43902',11,22,33,44,55),('20131113','201311','439','43903',11,22,33,44,55),('20131114','201311','439','43905',11,22,33,44,55),('20131115','201311','439','43901',11,22,33,44,55),('20131116','201311','439','43908',11,22,33,44,55),('20131117','201311','439','43902',11,22,33,44,55),('20131118','201311','439','43901',11,22,33,44,55),('20131119','201311','439','43903',11,22,33,44,55),('20131120','201311','439','43901',11,22,33,44,55),('20131102','201311','439','43901',11,22,33,44,55),('20131103','201311','439','43902',11,22,33,44,55),('20131104','201311','439','43903',11,22,33,44,55),('20131105','201311','439','43904',11,22,33,44,55),('20131106','201311','439','43905',11,22,33,44,55),('20131107','201311','439','43906',11,22,33,44,55),('20131108','201311','439','43907',11,22,33,44,55),('20131109','201311','439','43908',11,22,33,44,55),('20131110','201311','439','43909',11,22,33,44,55),('20131111','201311','439','43901',11,22,33,44,55),('20131112','201311','439','43902',11,22,33,44,55),('20131113','201311','439','43903',11,22,33,44,55),('20131114','201311','439','43905',11,22,33,44,55),('20131115','201311','439','43901',11,22,33,44,55),('20131116','201311','439','43908',11,22,33,44,55),('20131117','201311','439','43902',11,22,33,44,55),('20131118','201311','439','43901',11,22,33,44,55),('20131119','201311','439','43903',11,22,33,44,55),('20131120','201311','439','43901',11,22,33,44,55),('20131101','201311','439','43901',11,22,33,44,55),('20131102','201311','439','43901',11,22,33,44,55),('20131103','201311','439','43902',11,22,33,44,55),('20131104','201311','439','43903',11,22,33,44,55),('20131105','201311','439','43904',11,22,33,44,55),('20131106','201311','439','43905',11,22,33,44,55),('20131107','201311','439','43906',11,22,33,44,55),('20131108','201311','439','43907',11,22,33,44,55),('20131109','201311','439','43908',11,22,33,44,55),('20131110','201311','439','43909',11,22,33,44,55),('20131111','201311','439','43901',11,22,33,44,55),('20131112','201311','439','43902',11,22,33,44,55),('20131113','201311','439','43903',11,22,33,44,55),('20131114','201311','439','43905',11,22,33,44,55),('20131115','201311','439','43901',11,22,33,44,55),('20131116','201311','439','43908',11,22,33,44,55),('20131117','201311','439','43902',11,22,33,44,55),('20131118','201311','439','43901',11,22,33,44,55),('20131119','201311','439','43903',11,22,33,44,55),('20131120','201311','439','43901',11,22,33,44,55),('20131102','201311','439','43901',11,22,33,44,55),('20131103','201311','439','43902',11,22,33,44,55),('20131104','201311','439','43903',11,22,33,44,55),('20131105','201311','439','43904',11,22,33,44,55),('20131106','201311','439','43905',11,22,33,44,55),('20131107','201311','439','43906',11,22,33,44,55),('20131108','201311','439','43907',11,22,33,44,55),('20131109','201311','439','43908',11,22,33,44,55),('20131110','201311','439','43909',11,22,33,44,55),('20131111','201311','439','43901',11,22,33,44,55),('20131112','201311','439','43902',11,22,33,44,55),('20131113','201311','439','43903',11,22,33,44,55),('20131114','201311','439','43905',11,22,33,44,55),('20131115','201311','439','43901',11,22,33,44,55),('20131116','201311','439','43908',11,22,33,44,55),('20131117','201311','439','43902',11,22,33,44,55),('20131118','201311','439','43901',11,22,33,44,55),('20131102','201311','439','43901',11,22,33,44,55),('20131103','201311','439','43902',11,22,33,44,55),('20131114','201311','439','43905',11,22,33,44,55),('20131115','201311','439','43901',11,22,33,44,55),('20131116','201311','439','43908',11,22,33,44,55),('20131117','201311','439','43902',11,22,33,44,55),('20131118','201311','439','43901',11,22,33,44,55),('20131119','201311','439','43903',11,22,33,44,55),('20131120','201311','439','43901',11,22,33,44,55),('20131102','201311','439','43901',11,22,33,44,55),('20131103','201311','439','43902',11,22,33,44,55),('20131104','201311','439','43903',11,22,33,44,55),('20131105','201311','439','43904',11,22,33,44,55),('20131106','201311','439','43905',11,22,33,44,55),('20131107','201311','439','43906',11,22,33,44,55),('20131108','201311','439','43907',11,22,33,44,55),('20131109','201311','439','43908',11,22,33,44,55),('20131110','201311','439','43909',11,22,33,44,55),('20131111','201311','439','43901',11,22,33,44,55),('20131112','201311','439','43902',11,22,33,44,55),('20131113','201311','439','43903',11,22,33,44,55),('20131114','201311','439','43905',11,22,33,44,55),('20131115','201311','439','43901',11,22,33,44,55),('20131116','201311','439','43908',11,22,33,44,55),('20131117','201311','439','43902',11,22,33,44,55),('20131118','201311','439','43901',11,22,33,44,55),('20131119','201311','439','43903',11,22,33,44,55),('20131120','201311','439','43901',11,22,33,44,55),('20131102','201311','439','43901',11,22,33,44,55),('20131103','201311','439','43902',11,22,33,44,55),('20131104','201311','439','43903',11,22,33,44,55),('20131105','201311','439','43904',11,22,33,44,55),('20131106','201311','439','43905',11,22,33,44,55),('20131107','201311','439','43906',11,22,33,44,55),('20131108','201311','439','43907',11,22,33,44,55),('20131109','201311','439','43908',11,22,33,44,55),('20131110','201311','439','43909',11,22,33,44,55),('20131111','201311','439','43901',11,22,33,44,55),('20131112','201311','439','43902',11,22,33,44,55),('20131113','201311','439','43903',11,22,33,44,55),('20131114','201311','439','43905',11,22,33,44,55),('20131115','201311','439','43901',11,22,33,44,55),('20131116','201311','439','43908',11,22,33,44,55),('20131117','201311','439','43902',11,22,33,44,55),('20131118','201311','439','43901',11,22,33,44,55),('20131119','201311','439','43903',11,22,33,44,55),('20131120','201311','439','43901',11,22,33,44,55),('20131102','201311','439','43901',11,22,33,44,55),('20131103','201311','439','43902',11,22,33,44,55),('20131104','201311','439','43903',11,22,33,44,55),('20131105','201311','439','43904',11,22,33,44,55),('20131106','201311','439','43905',11,22,33,44,55),('20131107','201311','439','43906',11,22,33,44,55),('20131108','201311','439','43907',11,22,33,44,55),('20131109','201311','439','43908',11,22,33,44,55),('20131110','201311','439','43909',11,22,33,44,55),('20131111','201311','439','43901',11,22,33,44,55),('20131112','201311','439','43902',11,22,33,44,55),('20131113','201311','439','43903',11,22,33,44,55),('20131114','201311','439','43905',11,22,33,44,55),('20131115','201311','439','43901',11,22,33,44,55),('20131116','201311','439','43908',11,22,33,44,55),('20131117','201311','439','43902',11,22,33,44,55),('20131118','201311','439','43901',11,22,33,44,55),('20131119','201311','439','43903',11,22,33,44,55),('20131120','201311','439','43901',11,22,33,44,55),('20131102','201311','439','43901',11,22,33,44,55),('20131103','201311','439','43902',11,22,33,44,55),('20131104','201311','439','43903',11,22,33,44,55),('20131105','201311','439','43904',11,22,33,44,55),('20131106','201311','439','43905',11,22,33,44,55),('20131107','201311','439','43906',11,22,33,44,55),('20131108','201311','439','43907',11,22,33,44,55),('20131109','201311','439','43908',11,22,33,44,55),('20131110','201311','439','43909',11,22,33,44,55),('20131111','201311','439','43901',11,22,33,44,55),('20131112','201311','439','43902',11,22,33,44,55),('20131113','201311','439','43903',11,22,33,44,55),('20131114','201311','439','43905',11,22,33,44,55),('20131115','201311','439','43901',11,22,33,44,55),('20131116','201311','439','43908',11,22,33,44,55),('20131117','201311','439','43902',11,22,33,44,55),('20131118','201311','439','43901',11,22,33,44,55),('20131119','201311','439','43903',11,22,33,44,55),('20131120','201311','439','43901',11,22,33,44,55),('20131102','201311','439','43901',11,22,33,44,55),('20131103','201311','439','43902',11,22,33,44,55),('20131104','201311','439','43903',11,22,33,44,55),('20131105','201311','439','43904',11,22,33,44,55),('20131106','201311','439','43905',11,22,33,44,55),('20131107','201311','439','43906',11,22,33,44,55),('20131108','201311','439','43907',11,22,33,44,55),('20131109','201311','439','43908',11,22,33,44,55),('20131110','201311','439','43909',11,22,33,44,55),('20131111','201311','439','43901',11,22,33,44,55),('20131112','201311','439','43902',11,22,33,44,55),('20131113','201311','439','43903',11,22,33,44,55),('20131114','201311','439','43905',11,22,33,44,55),('20131115','201311','439','43901',11,22,33,44,55),('20131116','201311','439','43908',11,22,33,44,55),('20131117','201311','439','43902',11,22,33,44,55),('20131118','201311','439','43901',11,22,33,44,55),('20131119','201311','439','43903',11,22,33,44,55),('20131120','201311','439','43901',11,22,33,44,55),('20131101','201311','439','43901',11,22,33,44,55),('20131102','201311','439','43901',11,22,33,44,55),('20131103','201311','439','43902',11,22,33,44,55),('20131104','201311','439','43903',11,22,33,44,55),('20131105','201311','439','43904',11,22,33,44,55),('20131102','201311','439','43901',11,22,33,44,55),('20131103','201311','439','43902',11,22,33,44,55),('20131104','201311','439','43903',11,22,33,44,55),('20131105','201311','439','43904',11,22,33,44,55),('20131106','201311','439','43905',11,22,33,44,55),('20131107','201311','439','43906',11,22,33,44,55),('20131108','201311','439','43907',11,22,33,44,55),('20131109','201311','439','43908',11,22,33,44,55),('20131110','201311','439','43909',11,22,33,44,55),('20131111','201311','439','43901',11,22,33,44,55),('20131112','201311','439','43902',11,22,33,44,55),('20131113','201311','439','43903',11,22,33,44,55),('20131114','201311','439','43905',11,22,33,44,55),('20131115','201311','439','43901',11,22,33,44,55),('20131116','201311','439','43908',11,22,33,44,55),('20131117','201311','439','43902',11,22,33,44,55),('20131118','201311','439','43901',11,22,33,44,55),('20131119','201311','439','43903',11,22,33,44,55),('20131120','201311','439','43901',11,22,33,44,55),('20131102','201311','439','43901',11,22,33,44,55),('20131103','201311','439','43902',11,22,33,44,55),('20131104','201311','439','43903',11,22,33,44,55),('20131105','201311','439','43904',11,22,33,44,55),('20131106','201311','439','43905',11,22,33,44,55),('20131107','201311','439','43906',11,22,33,44,55),('20131108','201311','439','43907',11,22,33,44,55),('20131109','201311','439','43908',11,22,33,44,55),('20131110','201311','439','43909',11,22,33,44,55),('20131111','201311','439','43901',11,22,33,44,55),('20131112','201311','439','43902',11,22,33,44,55),('20131113','201311','439','43903',11,22,33,44,55),('20131114','201311','439','43905',11,22,33,44,55),('20131115','201311','439','43901',11,22,33,44,55),('20131116','201311','439','43908',11,22,33,44,55),('20131117','201311','439','43902',11,22,33,44,55),('20131118','201311','439','43901',11,22,33,44,55),('20131119','201311','439','43903',11,22,33,44,55),('20131120','201311','439','43901',11,22,33,44,55),('20131102','201311','439','43901',11,22,33,44,55),('20131103','201311','439','43902',11,22,33,44,55),('20131104','201311','439','43903',11,22,33,44,55),('20131105','201311','439','43904',11,22,33,44,55),('20131106','201311','439','43905',11,22,33,44,55),('20131107','201311','439','43906',11,22,33,44,55),('20131108','201311','439','43907',11,22,33,44,55),('20131109','201311','439','43908',11,22,33,44,55),('20131110','201311','439','43909',11,22,33,44,55),('20131111','201311','439','43901',11,22,33,44,55),('20131112','201311','439','43902',11,22,33,44,55),('20131113','201311','439','43903',11,22,33,44,55);

/*Table structure for table `e_department` */

DROP TABLE IF EXISTS `e_department`;

CREATE TABLE `e_department` (
  `DEPART_CODE` varchar(20) DEFAULT NULL COMMENT '部门编码',
  `DEPART_DESC` varchar(20) DEFAULT NULL COMMENT '部门编码',
  `PARENT_CODE` varchar(20) DEFAULT NULL COMMENT '上级部门编码'
) ENGINE=InnoDB DEFAULT CHARSET=utf8 COMMENT='局方部门';

/*Data for the table `e_department` */

/*Table structure for table `e_dim_table_manager` */

DROP TABLE IF EXISTS `e_dim_table_manager`;

CREATE TABLE `e_dim_table_manager` (
  `DIM_ID` varchar(32) DEFAULT NULL COMMENT '维度id，可以理解为表名',
  `DIM_NAME` varchar(60) DEFAULT NULL COMMENT '维度名称，可以理解为表中文',
  `STATUS` varchar(2) DEFAULT NULL COMMENT '状态,1有效，0无效',
  `EXT1` varchar(60) DEFAULT NULL COMMENT '扩展，内容字段的标题',
  `EXT2` varchar(60) DEFAULT NULL COMMENT '扩展，内容字段的标题',
  `EXT3` varchar(60) DEFAULT NULL COMMENT '扩展，内容字段的标题',
  `EXT4` varchar(60) DEFAULT NULL COMMENT '扩展，内容字段的标题',
  `EXT5` varchar(60) DEFAULT NULL COMMENT '扩展，内容字段的标题',
  `CREATE_USER` varchar(30) DEFAULT NULL COMMENT '创建人',
  `CREATE_TIME` varchar(20) DEFAULT NULL COMMENT '创建时间',
  `MODIFY_USER` varchar(30) DEFAULT NULL COMMENT '修改人',
  `MODIFY_TIME` varchar(20) DEFAULT NULL COMMENT '修改时间',
  `MANAGERS` varchar(30) DEFAULT NULL COMMENT '维护角色'
) ENGINE=InnoDB DEFAULT CHARSET=utf8;

/*Data for the table `e_dim_table_manager` */

insert  into `e_dim_table_manager`(`DIM_ID`,`DIM_NAME`,`STATUS`,`EXT1`,`EXT2`,`EXT3`,`EXT4`,`EXT5`,`CREATE_USER`,`CREATE_TIME`,`MODIFY_USER`,`MODIFY_TIME`,`MANAGERS`) values ('test2','测试2444444','1','测试2','测试23344444','测试2','测试2','测试2','管理员','2014-01-24','管理员','2014-03-05','admin'),('eee','ee','1','ee','ee','ee','ee','ee','管理员','2014-03-06','管理员','2014-03-06',NULL),('aa','aa11','1','aa12','aa11','aa11','aa112','aa11','aa',NULL,'管理员','2014-03-06','_2701020000__'),('666666','666','1','66744','665','664','666','6666','管理员','2014-01-24','管理员','2014-03-05',NULL),('444','444','0','44','44','44t','444','444','101','2014-01-21',NULL,'2014-03-04',NULL),('6666','666','1','6666','666','666','666','666','101','2014-01-21','管理员','2014-03-04',NULL),('yyyy','yyy','1','yyyyx','yy','yyy','yyyy','yyy','101','2014-01-21','管理员','2014-03-05',NULL),('TTTT','TTT','0','TTT','TTT','TT','TTT','TTT','管理员','2014-01-21','管理员','2014-03-03',NULL),('5555','555','1','4334','555','555','555','555','管理员','2014-01-24','管理员','2014-03-05','admin'),('test1','测试','1','中文13','中文2','中文3','中文4','中文5','管理员','2014-01-24',NULL,'2014-03-05',NULL);

/*Table structure for table `e_dim_value_manager` */

DROP TABLE IF EXISTS `e_dim_value_manager`;

CREATE TABLE `e_dim_value_manager` (
  `DIM_ID` varchar(32) DEFAULT NULL COMMENT '维度id，可以理解为表名',
  `DIM_CODE` varchar(60) DEFAULT NULL COMMENT '维度值编码',
  `DIM_NAME` varchar(60) DEFAULT NULL COMMENT '维护值名称',
  `AREA_NAME` varchar(20) DEFAULT NULL COMMENT '地市',
  `STATUS` varchar(2) DEFAULT NULL COMMENT '状态,1有效，0无效',
  `EXT1` varchar(60) DEFAULT NULL COMMENT '扩展',
  `EXT2` varchar(60) DEFAULT NULL COMMENT '扩展',
  `EXT3` varchar(60) DEFAULT NULL COMMENT '扩展',
  `EXT4` varchar(60) DEFAULT NULL COMMENT '扩展',
  `EXT5` varchar(60) DEFAULT NULL COMMENT '扩展',
  `CREATE_USER` varchar(30) DEFAULT NULL COMMENT '创建人',
  `CREATE_TIME` varchar(20) DEFAULT NULL COMMENT '创建时间',
  `MODIFY_USER` varchar(30) DEFAULT NULL COMMENT '修改人',
  `MODIFY_TIME` varchar(20) DEFAULT NULL COMMENT '修改时间'
) ENGINE=InnoDB DEFAULT CHARSET=utf8;

/*Data for the table `e_dim_value_manager` */

insert  into `e_dim_value_manager`(`DIM_ID`,`DIM_CODE`,`DIM_NAME`,`AREA_NAME`,`STATUS`,`EXT1`,`EXT2`,`EXT3`,`EXT4`,`EXT5`,`CREATE_USER`,`CREATE_TIME`,`MODIFY_USER`,`MODIFY_TIME`) values ('444','666','66','长春','0','66','66','66','66','66','管理员','2014-01-22',NULL,'2014-01-22'),('test2','ceshi','测试','长春','1','测试','测试','测试','测试','测试','管理员','2014-01-24','管理员','2014-01-24'),('test1','55556','的','长春','1','生大幅','的','是','的','说','管理员','2014-01-24','管理员','2014-01-24'),('5555','666','66','长春','1','66','66','66','666','666','管理员','2014-01-24','管理员','2014-01-24');

/*Table structure for table `e_export_log` */

DROP TABLE IF EXISTS `e_export_log`;

CREATE TABLE `e_export_log` (
  `id` int(32) NOT NULL AUTO_INCREMENT,
  `exporting_id` varchar(32) DEFAULT NULL,
  `status_id` char(2) DEFAULT NULL,
  `opt_time` varchar(20) DEFAULT NULL,
  PRIMARY KEY (`id`)
) ENGINE=InnoDB AUTO_INCREMENT=314 DEFAULT CHARSET=utf8;

/*Data for the table `e_export_log` */

insert  into `e_export_log`(`id`,`exporting_id`,`status_id`,`opt_time`) values (1,'8dd9b7dbb26c472584be14b75dab0fc0','2','2016-10-09'),(2,'8dd9b7dbb26c472584be14b75dab0fc0','4','2016-10-09'),(3,'964e0025ef8d4da58554d8da0c43db53','2','2016-10-09'),(4,'964e0025ef8d4da58554d8da0c43db53','4','2016-10-09'),(5,'12b03018c6a9472aa487e06c12060ed1','2','2016-10-09'),(6,'12b03018c6a9472aa487e06c12060ed1','4','2016-10-09'),(7,'bc8bdc5b2563465d9990d4cc5227d7c9','2','2016-10-09'),(8,'bc8bdc5b2563465d9990d4cc5227d7c9','4','2016-10-09'),(9,'797758442b994299b9051d692dd41e35','1','2016-10-09'),(10,'797758442b994299b9051d692dd41e35','2','2016-10-09'),(11,'797758442b994299b9051d692dd41e35','4','2016-10-09'),(12,'cc8da4a304b2470dbf6ce1db9c055412','1','2016-10-09'),(13,'cc8da4a304b2470dbf6ce1db9c055412','2','2016-10-09'),(14,'cc8da4a304b2470dbf6ce1db9c055412','4','2016-10-09'),(15,'954bc30c2a444aa9987426db49ea0c4a','1','2016-10-09'),(16,'954bc30c2a444aa9987426db49ea0c4a','2','2016-10-09'),(17,'954bc30c2a444aa9987426db49ea0c4a','4','2016-10-09'),(18,'8f94c552ee7440be91e5231a317d00c9','1','2016-10-09'),(19,'8f94c552ee7440be91e5231a317d00c9','2','2016-10-09'),(20,'8f94c552ee7440be91e5231a317d00c9','4','2016-10-09'),(21,'5ff502e1fc8e43d0af6c44cb463e0a83','1','2016-10-09'),(22,'5ff502e1fc8e43d0af6c44cb463e0a83','2','2016-10-09'),(23,'5ff502e1fc8e43d0af6c44cb463e0a83','4','2016-10-09'),(24,'1fdc16acb7c84f51a9f9ae191747e33c','1','2016-10-09'),(25,'1fdc16acb7c84f51a9f9ae191747e33c','2','2016-10-09'),(26,'1fdc16acb7c84f51a9f9ae191747e33c','4','2016-10-09'),(27,'1d76f818320d428297807ba107c53f87','1','2016-10-09'),(28,'1d76f818320d428297807ba107c53f87','2','2016-10-09'),(29,'1d76f818320d428297807ba107c53f87','4','2016-10-09'),(30,'052783ca19004a9f8ffb6d564388f24c','1','2016-10-09'),(31,'052783ca19004a9f8ffb6d564388f24c','2','2016-10-09'),(32,'052783ca19004a9f8ffb6d564388f24c','4','2016-10-09'),(33,'2aab08ded0fc444db92f21c7ae0b4e29','1','2016-10-09'),(34,'2aab08ded0fc444db92f21c7ae0b4e29','2','2016-10-09'),(35,'2aab08ded0fc444db92f21c7ae0b4e29','4','2016-10-09'),(36,'613cfb1dcbc14876ac6f9d4ed0c167ed','1','2016-10-09'),(37,'613cfb1dcbc14876ac6f9d4ed0c167ed','2','2016-10-09'),(38,'613cfb1dcbc14876ac6f9d4ed0c167ed','4','2016-10-09'),(39,'85a6693acd6f42a4aa2b285dd135cca3','1','2016-10-09'),(40,'85a6693acd6f42a4aa2b285dd135cca3','2','2016-10-09'),(41,'85a6693acd6f42a4aa2b285dd135cca3','4','2016-10-09'),(42,'ea901598310e4583889e7b6d781aad2f','1','2016-10-09'),(43,'ea901598310e4583889e7b6d781aad2f','2','2016-10-09'),(44,'ea901598310e4583889e7b6d781aad2f','4','2016-10-09'),(45,'49590d6ac35b4ae1b1e3554245aed6c0','1','2016-10-09'),(46,'49590d6ac35b4ae1b1e3554245aed6c0','2','2016-10-09'),(47,'49590d6ac35b4ae1b1e3554245aed6c0','4','2016-10-09'),(48,'0f4e333951c94c37b48f1e61371a2f4b','1','2016-10-09'),(49,'0f4e333951c94c37b48f1e61371a2f4b','2','2016-10-09'),(50,'0f4e333951c94c37b48f1e61371a2f4b','4','2016-10-09'),(51,'1cb37f52c4034b8a93ba75a014f35ed8','1','2016-10-09'),(52,'1cb37f52c4034b8a93ba75a014f35ed8','2','2016-10-09'),(53,'1cb37f52c4034b8a93ba75a014f35ed8','4','2016-10-09'),(54,'8d07667369064b359abd75f3f04266ef','1','2016-10-09'),(55,'8d07667369064b359abd75f3f04266ef','2','2016-10-09'),(56,'8d07667369064b359abd75f3f04266ef','4','2016-10-09'),(57,'1dcb0a2d167b42afb9ddfce294d9cf03','1','2016-10-09'),(58,'1dcb0a2d167b42afb9ddfce294d9cf03','2','2016-10-09'),(59,'1dcb0a2d167b42afb9ddfce294d9cf03','4','2016-10-09'),(60,'61080bae33964a0e860d9872a8ac1db4','1','2016-10-09'),(61,'61080bae33964a0e860d9872a8ac1db4','2','2016-10-09'),(62,'61080bae33964a0e860d9872a8ac1db4','4','2016-10-09'),(63,'2bd58da9ebb241b5890e1177961c7b53','1','2016-10-09'),(64,'2bd58da9ebb241b5890e1177961c7b53','2','2016-10-09'),(65,'2bd58da9ebb241b5890e1177961c7b53','4','2016-10-09'),(66,'81919a7b303e43b69aabb83f24a222b5','1','2016-10-09'),(67,'81919a7b303e43b69aabb83f24a222b5','2','2016-10-09'),(68,'81919a7b303e43b69aabb83f24a222b5','4','2016-10-09'),(69,'6f1c4b868c084a09863890d5cce393cf','1','2016-10-09'),(70,'6f1c4b868c084a09863890d5cce393cf','2','2016-10-09'),(71,'6f1c4b868c084a09863890d5cce393cf','4','2016-10-09'),(72,'9d21cea74aba4bec8b57838cd5fbf553','1','2016-10-09'),(73,'9d21cea74aba4bec8b57838cd5fbf553','2','2016-10-09'),(74,'9d21cea74aba4bec8b57838cd5fbf553','4','2016-10-09'),(75,'2fa24c46622843299e8b8d9aad6f0e86','1','2016-10-09'),(76,'2fa24c46622843299e8b8d9aad6f0e86','2','2016-10-09'),(77,'2fa24c46622843299e8b8d9aad6f0e86','4','2016-10-09'),(78,'f45bf48ff7af446786983341da98dac1','1','2016-10-09'),(79,'f45bf48ff7af446786983341da98dac1','2','2016-10-09'),(80,'f45bf48ff7af446786983341da98dac1','4','2016-10-09'),(81,'67d625bf69444040988dde551b32d32b','1','2016-10-09'),(82,'67d625bf69444040988dde551b32d32b','2','2016-10-09'),(83,'67d625bf69444040988dde551b32d32b','4','2016-10-09'),(84,'b790d418ca6347e1858e2d73ea250f18','1','2016-10-09'),(85,'b790d418ca6347e1858e2d73ea250f18','2','2016-10-09'),(86,'b790d418ca6347e1858e2d73ea250f18','4','2016-10-09'),(87,'f25f6e12e64c4b2eb7a70597c89629cb','1','2016-10-09'),(88,'f25f6e12e64c4b2eb7a70597c89629cb','2','2016-10-09'),(89,'f25f6e12e64c4b2eb7a70597c89629cb','4','2016-10-09'),(90,'bd48ecb65a994cdf8c6d005d96e37a0b','1','2016-10-09'),(91,'bd48ecb65a994cdf8c6d005d96e37a0b','2','2016-10-09'),(92,'bd48ecb65a994cdf8c6d005d96e37a0b','4','2016-10-09'),(93,'e30b2d1b189a42f5bc4e89cf71baecec','1','2016-10-09'),(94,'e30b2d1b189a42f5bc4e89cf71baecec','2','2016-10-09'),(95,'e30b2d1b189a42f5bc4e89cf71baecec','4','2016-10-09'),(96,'9e391466c8654560b3ac21910de6327c','1','2016-10-09'),(97,'9e391466c8654560b3ac21910de6327c','2','2016-10-09'),(98,'9e391466c8654560b3ac21910de6327c','4','2016-10-09'),(99,'1b4f5d37bf104610b6e97410079d88a9','1','2016-10-09'),(100,'1b4f5d37bf104610b6e97410079d88a9','2','2016-10-09'),(101,'1b4f5d37bf104610b6e97410079d88a9','4','2016-10-09'),(102,'b17fbcf0ca064666b78fa7836767ebe5','1','2016-10-09'),(103,'b17fbcf0ca064666b78fa7836767ebe5','2','2016-10-09'),(104,'b17fbcf0ca064666b78fa7836767ebe5','4','2016-10-09'),(105,'0655661e57c24f08b7a2db8cebf1d6d9','1','2016-10-09'),(106,'0655661e57c24f08b7a2db8cebf1d6d9','2','2016-10-09'),(107,'0655661e57c24f08b7a2db8cebf1d6d9','4','2016-10-09'),(108,'20af311b1d024d0b8d8e69b70b5d613b','1','2016-10-09'),(109,'20af311b1d024d0b8d8e69b70b5d613b','2','2016-10-09'),(110,'20af311b1d024d0b8d8e69b70b5d613b','4','2016-10-09'),(111,'1a798606e2d4448292c24afa9a8ec50a','1','2016-10-09'),(112,'1a798606e2d4448292c24afa9a8ec50a','2','2016-10-09'),(113,'1a798606e2d4448292c24afa9a8ec50a','3','2016-10-09'),(114,'39ffdcd90cbe410fb12ad851b6e91a67','1','2016-10-09'),(115,'39ffdcd90cbe410fb12ad851b6e91a67','3','2016-10-09'),(116,'8113ef783ac64541a0462575f93dee40','1','2016-10-09'),(117,'a322761dd22341b89ad664c870373efe','1','2016-10-09'),(118,'5a19587f4993450982b2aa619cc2be30','1','2016-10-09'),(119,'5a19587f4993450982b2aa619cc2be30','2','2016-10-09'),(120,'5a19587f4993450982b2aa619cc2be30','4','2016-10-09'),(121,'400a0efc06134ec2a16547fc3e0bbbbe','1','2016-10-09'),(122,'400a0efc06134ec2a16547fc3e0bbbbe','2','2016-10-09'),(123,'400a0efc06134ec2a16547fc3e0bbbbe','4','2016-10-09'),(124,'a322761dd22341b89ad664c870373efe','3','2016-10-09'),(125,'b618c20640ae4ba49cc58a0abb6dfab7','1','2016-10-09'),(126,'b618c20640ae4ba49cc58a0abb6dfab7','2','2016-10-09'),(127,'b618c20640ae4ba49cc58a0abb6dfab7','4','2016-10-09'),(128,'b80d71c7840340e5ba10c4c60adae1a9','1','2016-10-09'),(129,'b80d71c7840340e5ba10c4c60adae1a9','2','2016-10-09'),(130,'b80d71c7840340e5ba10c4c60adae1a9','4','2016-10-09'),(131,'4e0c856d61ea4bd081b0dccc9633352a','1','2016-10-10'),(132,'4e0c856d61ea4bd081b0dccc9633352a','2','2016-10-10'),(133,'4e0c856d61ea4bd081b0dccc9633352a','4','2016-10-10'),(134,'3a03567250b84b9faa73c52897b3e9e0','1','2016-10-10'),(135,'3a03567250b84b9faa73c52897b3e9e0','2','2016-10-10'),(136,'3a03567250b84b9faa73c52897b3e9e0','4','2016-10-10'),(137,'e2fc7d216c324d93b45bc6d7ade3d7e9','1','2016-10-10'),(138,'e2fc7d216c324d93b45bc6d7ade3d7e9','2','2016-10-10'),(139,'e2fc7d216c324d93b45bc6d7ade3d7e9','4','2016-10-10'),(140,'953e947a90ad462db1a252477ed74310','1','2016-10-10'),(141,'953e947a90ad462db1a252477ed74310','2','2016-10-10'),(142,'953e947a90ad462db1a252477ed74310','4','2016-10-10'),(143,'8c17059c4b704ef6baabc669b38534a9','1','2016-10-10'),(144,'8c17059c4b704ef6baabc669b38534a9','2','2016-10-10'),(145,'8c17059c4b704ef6baabc669b38534a9','4','2016-10-10'),(146,'418281f5a68f46b5bb91862ac16449c7','1','2016-10-10'),(147,'418281f5a68f46b5bb91862ac16449c7','2','2016-10-10'),(148,'418281f5a68f46b5bb91862ac16449c7','4','2016-10-10'),(149,'564ab7ebef674522ba3b4969a1e93dbb','1','2016-10-10'),(150,'564ab7ebef674522ba3b4969a1e93dbb','2','2016-10-10'),(151,'564ab7ebef674522ba3b4969a1e93dbb','4','2016-10-10'),(152,'c1500f2ce1fb4a4d95c81f02f4bd2a0b','1','2016-10-10'),(153,'c1500f2ce1fb4a4d95c81f02f4bd2a0b','2','2016-10-10'),(154,'c1500f2ce1fb4a4d95c81f02f4bd2a0b','4','2016-10-10'),(155,'25ca667df3fb4741a311b40f25676876','1','2016-10-10'),(156,'25ca667df3fb4741a311b40f25676876','2','2016-10-10'),(157,'25ca667df3fb4741a311b40f25676876','4','2016-10-10'),(158,'293ac77f29204bfdbc23b2d5e382b3bb','1','2016-10-10'),(159,'293ac77f29204bfdbc23b2d5e382b3bb','2','2016-10-10'),(160,'293ac77f29204bfdbc23b2d5e382b3bb','4','2016-10-10'),(161,'c868a011ce5743f78f898e3dbeb025e4','1','2016-10-10'),(162,'c868a011ce5743f78f898e3dbeb025e4','2','2016-10-10'),(163,'c868a011ce5743f78f898e3dbeb025e4','4','2016-10-10'),(164,'fd985df5f4cb43a6b4845897cdbc5c84','1','2016-10-10'),(165,'fd985df5f4cb43a6b4845897cdbc5c84','2','2016-10-10'),(166,'fd985df5f4cb43a6b4845897cdbc5c84','4','2016-10-10'),(167,'489c68423a454df8bebd8fe6d41e4a47','1','2016-10-10'),(168,'489c68423a454df8bebd8fe6d41e4a47','2','2016-10-10'),(169,'489c68423a454df8bebd8fe6d41e4a47','4','2016-10-10'),(170,'74ff9bb77af5490dbd760c4827a9a117','1','2016-10-10'),(171,'74ff9bb77af5490dbd760c4827a9a117','2','2016-10-10'),(172,'74ff9bb77af5490dbd760c4827a9a117','4','2016-10-10'),(173,'9f5e3adaea064bbb87103f765524e5c4','1','2016-10-10'),(174,'9f5e3adaea064bbb87103f765524e5c4','2','2016-10-10'),(175,'9f5e3adaea064bbb87103f765524e5c4','4','2016-10-10'),(176,'08a47cbd558643bb9fe4a7c89afa29bc','1','2016-10-10'),(177,'08a47cbd558643bb9fe4a7c89afa29bc','2','2016-10-10'),(178,'08a47cbd558643bb9fe4a7c89afa29bc','4','2016-10-10'),(179,'3e9dec26769644158b4894e9718703ea','1','2016-10-10'),(180,'3e9dec26769644158b4894e9718703ea','2','2016-10-10'),(181,'9541e5a22b1e4c4aaa6b8b39cc51db81','1','2016-10-10'),(182,'9541e5a22b1e4c4aaa6b8b39cc51db81','2','2016-10-10'),(183,'9541e5a22b1e4c4aaa6b8b39cc51db81','4','2016-10-10'),(184,'3e9dec26769644158b4894e9718703ea','4','2016-10-10'),(185,'468716e4ac3e44f0a310e59590ec3134','1','2016-10-10'),(186,'468716e4ac3e44f0a310e59590ec3134','2','2016-10-10'),(187,'468716e4ac3e44f0a310e59590ec3134','4','2016-10-10'),(188,'8f9cc10cadc44305b3dcd19a5545ef6f','1','2016-10-10'),(189,'8f9cc10cadc44305b3dcd19a5545ef6f','2','2016-10-10'),(190,'8f9cc10cadc44305b3dcd19a5545ef6f','4','2016-10-10'),(191,'950fc15f5a5240249b12d28e12318c24','1','2016-10-10'),(192,'950fc15f5a5240249b12d28e12318c24','2','2016-10-10'),(193,'950fc15f5a5240249b12d28e12318c24','4','2016-10-10'),(194,'1b8df26b03bc41c79a4171635924c4dd','1','2016-10-10'),(195,'1b8df26b03bc41c79a4171635924c4dd','2','2016-10-10'),(196,'1b8df26b03bc41c79a4171635924c4dd','4','2016-10-10'),(197,'163e7641b0e94d6d888694a8bc38af63','1','2016-10-11'),(198,'163e7641b0e94d6d888694a8bc38af63','2','2016-10-11'),(199,'163e7641b0e94d6d888694a8bc38af63','4','2016-10-11'),(200,'2698a131c59345a1940462b24978f1d9','1','2016-10-11'),(201,'2698a131c59345a1940462b24978f1d9','2','2016-10-11'),(202,'2698a131c59345a1940462b24978f1d9','4','2016-10-11'),(203,'31753335a7dc4569af20c6c40aef1da1','1','2016-10-11'),(204,'31753335a7dc4569af20c6c40aef1da1','2','2016-10-11'),(205,'31753335a7dc4569af20c6c40aef1da1','4','2016-10-11'),(206,'5033d8acc1584ba186a52d3826989fce','1','2016-10-11'),(207,'5033d8acc1584ba186a52d3826989fce','2','2016-10-11'),(208,'5033d8acc1584ba186a52d3826989fce','99','2016-10-11'),(209,'d7c87c67fb754830ba50f0c83bb84a12','1','2016-10-11'),(210,'d7c87c67fb754830ba50f0c83bb84a12','2','2016-10-11'),(211,'d7c87c67fb754830ba50f0c83bb84a12','4','2016-10-11'),(212,'416388bb10d1473eb3f223e03e85e608','1','2016-10-11'),(213,'416388bb10d1473eb3f223e03e85e608','2','2016-10-11'),(214,'416388bb10d1473eb3f223e03e85e608','4','2016-10-11'),(215,'bd1e0d178cca48338ba9a90bfae9c23a','1','2016-10-11'),(216,'bd1e0d178cca48338ba9a90bfae9c23a','2','2016-10-11'),(217,'bd1e0d178cca48338ba9a90bfae9c23a','4','2016-10-11'),(218,'441fabd9b757434197e35b390b55c6ca','1','2016-10-11'),(219,'441fabd9b757434197e35b390b55c6ca','2','2016-10-11'),(220,'441fabd9b757434197e35b390b55c6ca','4','2016-10-11'),(221,'dd819e5a87274488922515af03123d73','1','2016-10-11'),(222,'dd819e5a87274488922515af03123d73','2','2016-10-11'),(223,'dd819e5a87274488922515af03123d73','4','2016-10-11'),(224,'23791ad8666f4064bef76b5ac04162d0','1','2016-10-11'),(225,'23791ad8666f4064bef76b5ac04162d0','2','2016-10-11'),(226,'23791ad8666f4064bef76b5ac04162d0','4','2016-10-11'),(227,'985f1baa0a68422a8b8867f428fec0f7','1','2016-10-11'),(228,'985f1baa0a68422a8b8867f428fec0f7','2','2016-10-11'),(229,'985f1baa0a68422a8b8867f428fec0f7','4','2016-10-11'),(230,'a1ade018aa3b42d7a67f7a39dd556dba','1','2016-10-11'),(231,'a1ade018aa3b42d7a67f7a39dd556dba','2','2016-10-11'),(232,'a1ade018aa3b42d7a67f7a39dd556dba','4','2016-10-11'),(233,'c6b7856d123b4aac939c3fd84c286b3b','1','2016-10-11'),(234,'c6b7856d123b4aac939c3fd84c286b3b','2','2016-10-11'),(235,'c6b7856d123b4aac939c3fd84c286b3b','4','2016-10-11'),(236,'4cc90e01164149f59a3c66c61dd9a523','1','2016-10-11'),(237,'4cc90e01164149f59a3c66c61dd9a523','2','2016-10-11'),(238,'4cc90e01164149f59a3c66c61dd9a523','4','2016-10-11'),(239,'849bab28de114092b080d59735a166b9','1','2016-10-11'),(240,'849bab28de114092b080d59735a166b9','2','2016-10-11'),(241,'849bab28de114092b080d59735a166b9','4','2016-10-11'),(242,'291ae07fd63a406ba3feca76438e083b','1','2016-10-11'),(243,'291ae07fd63a406ba3feca76438e083b','2','2016-10-11'),(244,'291ae07fd63a406ba3feca76438e083b','4','2016-10-11'),(245,'ef5a1ff2efa541d79db0f0e0606997d8','1','2016-10-11'),(246,'ef5a1ff2efa541d79db0f0e0606997d8','2','2016-10-11'),(247,'ef5a1ff2efa541d79db0f0e0606997d8','4','2016-10-11'),(248,'024a4dfacdf3413780eb403a0b16e5b9','1','2016-10-11'),(249,'024a4dfacdf3413780eb403a0b16e5b9','2','2016-10-11'),(250,'024a4dfacdf3413780eb403a0b16e5b9','4','2016-10-11'),(251,'396ef0f4579e48aaad0c48a0e2bf5d88','1','2016-10-11'),(252,'396ef0f4579e48aaad0c48a0e2bf5d88','2','2016-10-11'),(253,'396ef0f4579e48aaad0c48a0e2bf5d88','4','2016-10-11'),(254,'5a5c9db7a13342298b2da3cbac3ec857','1','2016-10-11'),(255,'5a5c9db7a13342298b2da3cbac3ec857','2','2016-10-11'),(256,'5a5c9db7a13342298b2da3cbac3ec857','4','2016-10-11'),(257,'b18b559b10e34aae825ad8bb8ea4148c','1','2016-10-11'),(258,'b18b559b10e34aae825ad8bb8ea4148c','2','2016-10-11'),(259,'b18b559b10e34aae825ad8bb8ea4148c','4','2016-10-11'),(260,'0b96bc96684f4dc7b84aa54ab2a8e009','1','2016-10-11'),(261,'0b96bc96684f4dc7b84aa54ab2a8e009','2','2016-10-11'),(262,'0b96bc96684f4dc7b84aa54ab2a8e009','4','2016-10-11'),(263,'3091d7108d4640d4a9acb368d5ac945a','1','2016-10-11'),(264,'3091d7108d4640d4a9acb368d5ac945a','2','2016-10-11'),(265,'3091d7108d4640d4a9acb368d5ac945a','4','2016-10-11'),(266,'cab6ff7c31df4d30aecfabcc027d128e','1','2016-10-11'),(267,'cab6ff7c31df4d30aecfabcc027d128e','2','2016-10-11'),(268,'cab6ff7c31df4d30aecfabcc027d128e','4','2016-10-11'),(269,'4d4788f04e784fafbd93636eb6698575','1','2016-10-11'),(270,'4d4788f04e784fafbd93636eb6698575','2','2016-10-11'),(271,'4d4788f04e784fafbd93636eb6698575','4','2016-10-11'),(272,'e497405022214da38d698e84d9d55576','1','2016-10-11'),(273,'e497405022214da38d698e84d9d55576','2','2016-10-11'),(274,'e497405022214da38d698e84d9d55576','4','2016-10-11'),(275,'4195b793f8a548a9986f48ab922a8848','1','2016-10-11'),(276,'4195b793f8a548a9986f48ab922a8848','2','2016-10-11'),(277,'4195b793f8a548a9986f48ab922a8848','99','2016-10-11'),(278,'a2f8f27e155f4ac28aa710d666b4b691','1','2016-10-11'),(279,'a2f8f27e155f4ac28aa710d666b4b691','2','2016-10-11'),(280,'a2f8f27e155f4ac28aa710d666b4b691','99','2016-10-11'),(281,'71be31416d324e47a1b7798a56ef2569','1','2016-10-11'),(282,'71be31416d324e47a1b7798a56ef2569','2','2016-10-11'),(283,'71be31416d324e47a1b7798a56ef2569','4','2016-10-11'),(284,'c574e48b953a40a3888bf3f031c8fae1','1','2016-10-11'),(285,'c574e48b953a40a3888bf3f031c8fae1','2','2016-10-11'),(286,'c574e48b953a40a3888bf3f031c8fae1','4','2016-10-11'),(287,'cffb17830ea64aed8aaf661d9be31b54','1','2016-10-11'),(288,'cffb17830ea64aed8aaf661d9be31b54','2','2016-10-11'),(289,'cffb17830ea64aed8aaf661d9be31b54','4','2016-10-11'),(290,'74e8689473104e51847eba4d91c65642','1','2016-10-15'),(291,'74e8689473104e51847eba4d91c65642','2','2016-10-15'),(292,'74e8689473104e51847eba4d91c65642','4','2016-10-15'),(293,'721078e18c244c70bb5760bcfce661b7','1','2016-10-15'),(294,'721078e18c244c70bb5760bcfce661b7','2','2016-10-15'),(295,'721078e18c244c70bb5760bcfce661b7','4','2016-10-15'),(296,'175c01186f52483e9e224c80e7cb8b34','1','2016-10-17'),(297,'175c01186f52483e9e224c80e7cb8b34','2','2016-10-17'),(298,'175c01186f52483e9e224c80e7cb8b34','4','2016-10-17'),(299,'08012684fe004617832a1afe789c3a46','1','2016-10-17'),(300,'08012684fe004617832a1afe789c3a46','2','2016-10-17'),(301,'08012684fe004617832a1afe789c3a46','4','2016-10-17'),(302,'f2601585a37548ec82ae943e34331817','1','2016-10-17'),(303,'f2601585a37548ec82ae943e34331817','2','2016-10-17'),(304,'f2601585a37548ec82ae943e34331817','4','2016-10-17'),(305,'a781bd9164a94acb9e7b2265bdb43de7','1','2016-10-17'),(306,'a781bd9164a94acb9e7b2265bdb43de7','2','2016-10-17'),(307,'a781bd9164a94acb9e7b2265bdb43de7','4','2016-10-17'),(308,'84bb91354756422db55a77d686ceb4d5','1','2016-10-20'),(309,'84bb91354756422db55a77d686ceb4d5','2','2016-10-20'),(310,'84bb91354756422db55a77d686ceb4d5','4','2016-10-20'),(311,'7dc447a0224c497c886def785cf1bd85','1','2016-10-20'),(312,'7dc447a0224c497c886def785cf1bd85','2','2016-10-20'),(313,'7dc447a0224c497c886def785cf1bd85','4','2016-10-20');

/*Table structure for table `e_export_queue_data` */

DROP TABLE IF EXISTS `e_export_queue_data`;

CREATE TABLE `e_export_queue_data` (
  `id` varchar(32) DEFAULT NULL,
  `queue_data` text
) ENGINE=InnoDB DEFAULT CHARSET=utf8;

/*Data for the table `e_export_queue_data` */

insert  into `e_export_queue_data`(`id`,`queue_data`) values ('BIG_DATA_QUEUE_TYPE','[]'),('SMALL_DATA_QUEUE_TYPE','[]');

/*Table structure for table `e_export_status` */

DROP TABLE IF EXISTS `e_export_status`;

CREATE TABLE `e_export_status` (
  `status_id` char(2) DEFAULT NULL,
  `status_name` varchar(200) DEFAULT NULL,
  `ord` int(11) DEFAULT NULL
) ENGINE=InnoDB DEFAULT CHARSET=utf8;

/*Data for the table `e_export_status` */

insert  into `e_export_status`(`status_id`,`status_name`,`ord`) values ('1','队列中',1),('2','生成中',2),('3','取消生成',3),('4','生成完成',4),('5','下载',5),('99','错误',99);

/*Table structure for table `e_exporting_info` */

DROP TABLE IF EXISTS `e_exporting_info`;

CREATE TABLE `e_exporting_info` (
  `id` varchar(32) DEFAULT NULL,
  `file_name` varchar(200) DEFAULT NULL,
  `status_id` char(2) DEFAULT NULL,
  `file_path` varchar(300) DEFAULT NULL,
  `opt_user` varchar(30) DEFAULT NULL,
  `opt_time` varchar(20) DEFAULT NULL,
  `system_flag` varchar(100) DEFAULT NULL,
  `file_type` varchar(32) DEFAULT NULL,
  `down_param_str` varchar(1000) DEFAULT NULL
) ENGINE=InnoDB DEFAULT CHARSET=utf8;

/*Data for the table `e_exporting_info` */

insert  into `e_exporting_info`(`id`,`file_name`,`status_id`,`file_path`,`opt_user`,`opt_time`,`system_flag`,`file_type`,`down_param_str`) values ('a322761dd22341b89ad664c870373efe','true','3',NULL,'101','2016-10-09 00:00:00','东方国信-电信事业部框架','excel',NULL),('5a19587f4993450982b2aa619cc2be30','true','4','/E:/tomcat70/webapps/eframe_mysql/pages/download/01_5a19587f4993450982b2aa619cc2be30.xls','101','2016-10-09 00:00:00','东方国信-电信事业部框架','excel',NULL),('400a0efc06134ec2a16547fc3e0bbbbe','true','4','/E:/tomcat70/webapps/eframe_mysql/pages/download/01_400a0efc06134ec2a16547fc3e0bbbbe.pdf_.pdf','101','2016-10-09 00:00:00','东方国信-电信事业部框架','pdf',NULL),('b618c20640ae4ba49cc58a0abb6dfab7','true','4','/E:/tomcat70/webapps/eframe_mysql/pages/download/01_b618c20640ae4ba49cc58a0abb6dfab7.xls','101','2016-10-09 00:00:00','东方国信-电信事业部框架','excel',NULL),('b80d71c7840340e5ba10c4c60adae1a9','交互性日志','4','/E:/tomcat70/webapps/eframe_mysql/pages/download/01_b80d71c7840340e5ba10c4c60adae1a9.xls','101','2016-10-09 00:00:00','东方国信-电信事业部框架','excel',NULL),('4e0c856d61ea4bd081b0dccc9633352a','true','4','/D:/workspace2016/eframe_mysql/WebRoot/pages/download/01_4e0c856d61ea4bd081b0dccc9633352a.xls','101','2016-10-10 00:00:00','东方国信-电信事业部框架','excel',NULL),('3a03567250b84b9faa73c52897b3e9e0','true','4','/Users/zuobin/apache-tomcat-7.0.70/webapps/eframe_mysql/pages/download/01_3a03567250b84b9faa73c52897b3e9e0.xls','101','2016-10-10 00:00:00','东方国信-电信事业部框架','excel',NULL),('e2fc7d216c324d93b45bc6d7ade3d7e9','true','4','/E:/tomcat70/webapps/eframe_mysql/pages/download/01_e2fc7d216c324d93b45bc6d7ade3d7e9.xls','101','2016-10-10 00:00:00','东方国信-电信事业部框架','excel',NULL),('953e947a90ad462db1a252477ed74310','true','4','/E:/tomcat70/webapps/eframe_mysql/pages/download/01_953e947a90ad462db1a252477ed74310.xls','101','2016-10-10 10:58:31','东方国信-电信事业部框架','excel',NULL),('8c17059c4b704ef6baabc669b38534a9','true','4','/E:/tomcat70/webapps/eframe_mysql/pages/download/01_8c17059c4b704ef6baabc669b38534a9.xls','101','2016-10-10 10:59:10','东方国信-电信事业部框架','excel',NULL),('418281f5a68f46b5bb91862ac16449c7','true','4','/E:/tomcat70/webapps/eframe_mysql/pages/download/418281f5a68f46b5bb91862ac16449c7.xlsx','101','2016-10-10 10:59:34','东方国信-电信事业部框架','xlsx',NULL),('564ab7ebef674522ba3b4969a1e93dbb','true','4','/E:/tomcat70/webapps/eframe_mysql/pages/download/01_564ab7ebef674522ba3b4969a1e93dbb.xls','101','2016-10-10 11:04:39','东方国信-电信事业部框架','excel',NULL),('c1500f2ce1fb4a4d95c81f02f4bd2a0b','true','4','/E:/tomcat70/webapps/eframe_mysql/pages/download/01_c1500f2ce1fb4a4d95c81f02f4bd2a0b.xls','101','2016-10-10 11:09:36','东方国信-电信事业部框架','excel',NULL),('25ca667df3fb4741a311b40f25676876','true','4','/E:/tomcat70/webapps/eframe_mysql/pages/download/01_25ca667df3fb4741a311b40f25676876.xls','101','2016-10-10 11:10:23','东方国信-电信事业部框架','excel',NULL),('293ac77f29204bfdbc23b2d5e382b3bb','true','4','/E:/tomcat70/webapps/eframe_mysql/pages/download/01_293ac77f29204bfdbc23b2d5e382b3bb.xls','101','2016-10-10 11:12:13','东方国信-电信事业部框架','excel',NULL),('c868a011ce5743f78f898e3dbeb025e4','true','4','/E:/tomcat70/webapps/eframe_mysql/pages/download/01_c868a011ce5743f78f898e3dbeb025e4.pdf_.pdf','101','2016-10-10 11:17:39','东方国信-电信事业部框架','pdf',NULL),('fd985df5f4cb43a6b4845897cdbc5c84','true','4','/E:/tomcat70/webapps/eframe_mysql/pages/download/01_fd985df5f4cb43a6b4845897cdbc5c84.xls','101','2016-10-10 15:17:42','东方国信-电信事业部框架','excel',NULL),('489c68423a454df8bebd8fe6d41e4a47','true','4','/E:/tomcat70/webapps/eframe_mysql/pages/download/01_489c68423a454df8bebd8fe6d41e4a47.xls','101','2016-10-10 15:36:54','东方国信-电信事业部框架','excel',NULL),('74ff9bb77af5490dbd760c4827a9a117','true','4','/E:/tomcat70/webapps/eframe_mysql/pages/download/01_74ff9bb77af5490dbd760c4827a9a117.xls','101','2016-10-10 15:37:36','东方国信-电信事业部框架','excel',NULL),('9f5e3adaea064bbb87103f765524e5c4','true','4','/D:/workspace2016/eframe_mysql/WebRoot/pages/download/01_9f5e3adaea064bbb87103f765524e5c4.xls','101','2016-10-10 16:00:06','东方国信-电信事业部框架','excel',NULL),('08a47cbd558643bb9fe4a7c89afa29bc','true','4','/D:/workspace2016/eframe_mysql/WebRoot/pages/download/08a47cbd558643bb9fe4a7c89afa29bc.xlsx','101','2016-10-10 16:00:25','东方国信-电信事业部框架','xlsx',NULL),('3e9dec26769644158b4894e9718703ea','true','4','/D:/workspace2016/eframe_mysql/WebRoot/pages/download/01_3e9dec26769644158b4894e9718703ea.pdf_.pdf','101','2016-10-10 16:00:34','东方国信-电信事业部框架','pdf',NULL),('9541e5a22b1e4c4aaa6b8b39cc51db81','true','4','/D:/workspace2016/eframe_mysql/WebRoot/pages/download/01_9541e5a22b1e4c4aaa6b8b39cc51db81.xls','101','2016-10-10 16:00:40','东方国信-电信事业部框架','excel',NULL),('468716e4ac3e44f0a310e59590ec3134','true','4','/D:/workspace2016/eframe_mysql/WebRoot/pages/download/01_468716e4ac3e44f0a310e59590ec3134.xls','101','2016-10-10 16:20:59','东方国信-电信事业部框架','excel',''),('8f9cc10cadc44305b3dcd19a5545ef6f','true','4','/D:/workspace2016/eframe_mysql/WebRoot/pages/download/01_8f9cc10cadc44305b3dcd19a5545ef6f.xls','101','2016-10-10 16:39:44','东方国信-电信事业部框架','excel',''),('950fc15f5a5240249b12d28e12318c24','true','4','/Volumes/FAT/apache-tomcat-7.0.70/webapps/eframe_mysql/pages/download/01_950fc15f5a5240249b12d28e12318c24.xls','101','2016-10-10 17:05:47','东方国信-电信事业部框架','excel',''),('1b8df26b03bc41c79a4171635924c4dd','true','4','/Volumes/FAT/apache-tomcat-7.0.70/webapps/eframe_mysql/pages/download/01_1b8df26b03bc41c79a4171635924c4dd.xls','101','2016-10-10 17:05:58','东方国信-电信事业部框架','excel',''),('163e7641b0e94d6d888694a8bc38af63','true','4','/E:/tomcat70/webapps/eframe_mysql/pages/download/01_163e7641b0e94d6d888694a8bc38af63.xls','101','2016-10-11 08:45:30','东方国信-电信事业部框架','excel',''),('2698a131c59345a1940462b24978f1d9','true','4','/E:/tomcat70/webapps/eframe_mysql/pages/download/01_2698a131c59345a1940462b24978f1d9.xls','101','2016-10-11 08:55:13','东方国信-电信事业部框架','excel',''),('31753335a7dc4569af20c6c40aef1da1','true','4','/E:/tomcat70/webapps/eframe_mysql/pages/download/01_31753335a7dc4569af20c6c40aef1da1.xls','101','2016-10-11 08:55:25','东方国信-电信事业部框架','excel',''),('5033d8acc1584ba186a52d3826989fce','true','99',NULL,'101','2016-10-11 08:56:30','东方国信-电信事业部框架','excel',''),('d7c87c67fb754830ba50f0c83bb84a12','true','4','/E:/tomcat70/webapps/eframe_mysql/pages/download/01_d7c87c67fb754830ba50f0c83bb84a12.xls','101','2016-10-11 08:57:06','东方国信-电信事业部框架','excel',''),('416388bb10d1473eb3f223e03e85e608','true','4','/E:/tomcat70/webapps/eframe_mysql/pages/download/01_416388bb10d1473eb3f223e03e85e608.xls','101','2016-10-11 09:07:29','东方国信-电信事业部框架','excel',''),('bd1e0d178cca48338ba9a90bfae9c23a','true','4','/E:/tomcat70/webapps/eframe_mysql/pages/download/01_bd1e0d178cca48338ba9a90bfae9c23a.xls','101','2016-10-11 09:09:11','东方国信-电信事业部框架','excel',''),('441fabd9b757434197e35b390b55c6ca','true','4','/E:/tomcat70/webapps/eframe_mysql/pages/download/01_441fabd9b757434197e35b390b55c6ca.xls','101','2016-10-11 09:53:13','东方国信-电信事业部框架','excel',''),('dd819e5a87274488922515af03123d73','true','4','/E:/tomcat70/webapps/eframe_mysql/pages/download/01_dd819e5a87274488922515af03123d73.xls','101','2016-10-11 10:09:14','东方国信-电信事业部框架','excel',''),('23791ad8666f4064bef76b5ac04162d0','true','4','/E:/tomcat70/webapps/eframe_mysql/pages/download/01_23791ad8666f4064bef76b5ac04162d0.xls','101','2016-10-11 10:09:39','东方国信-电信事业部框架','excel',''),('985f1baa0a68422a8b8867f428fec0f7','true','4','/E:/tomcat70/webapps/eframe_mysql/pages/download/01_985f1baa0a68422a8b8867f428fec0f7.xls','101','2016-10-11 10:10:31','东方国信-电信事业部框架','excel',''),('a1ade018aa3b42d7a67f7a39dd556dba','true','4','/E:/tomcat70/webapps/eframe_mysql/pages/download/01_a1ade018aa3b42d7a67f7a39dd556dba.xls','101','2016-10-11 10:11:24','东方国信-电信事业部框架','excel',''),('c6b7856d123b4aac939c3fd84c286b3b','true','4','/E:/tomcat70/webapps/eframe_mysql/pages/download/01_c6b7856d123b4aac939c3fd84c286b3b.xls','101','2016-10-11 10:17:29','东方国信-电信事业部框架','excel',''),('4cc90e01164149f59a3c66c61dd9a523','true','4','/E:/tomcat70/webapps/eframe_mysql/pages/download/01_4cc90e01164149f59a3c66c61dd9a523.xls','101','2016-10-11 11:00:34','东方国信-电信事业部框架','excel',''),('849bab28de114092b080d59735a166b9','true','4','/E:/tomcat70/webapps/eframe_mysql/pages/download/01_849bab28de114092b080d59735a166b9.xls','101','2016-10-11 11:00:45','东方国信-电信事业部框架','excel',''),('291ae07fd63a406ba3feca76438e083b','true','4','/E:/tomcat70/webapps/eframe_mysql/pages/download/01_291ae07fd63a406ba3feca76438e083b.xls','101','2016-10-11 11:00:51','东方国信-电信事业部框架','excel',''),('ef5a1ff2efa541d79db0f0e0606997d8','登陆日志','4','/D:/workspace2016/eframe_mysql/WebRoot/pages/download/01_ef5a1ff2efa541d79db0f0e0606997d8.xls','101','2016-10-11 15:45:35','东方国信-电信事业部框架','excel',''),('024a4dfacdf3413780eb403a0b16e5b9','true','4','/D:/workspace2016/eframe_mysql/WebRoot/pages/download/01_024a4dfacdf3413780eb403a0b16e5b9.xls','101','2016-10-11 15:48:06','东方国信-电信事业部框架','excel',''),('396ef0f4579e48aaad0c48a0e2bf5d88','登陆日志','4','/D:/workspace2016/eframe_mysql/WebRoot/pages/download/01_396ef0f4579e48aaad0c48a0e2bf5d88.xls','101','2016-10-11 15:48:28','东方国信-电信事业部框架','excel',''),('5a5c9db7a13342298b2da3cbac3ec857','登陆日志','4','/D:/workspace2016/eframe_mysql/WebRoot/pages/download/01_5a5c9db7a13342298b2da3cbac3ec857.xls','101','2016-10-11 15:48:56','东方国信-电信事业部框架','excel',''),('b18b559b10e34aae825ad8bb8ea4148c','true','4','/D:/workspace2016/eframe_mysql/WebRoot/pages/download/01_b18b559b10e34aae825ad8bb8ea4148c.xls','101','2016-10-11 15:49:05','东方国信-电信事业部框架','excel',''),('0b96bc96684f4dc7b84aa54ab2a8e009','访问日志','4','/D:/workspace2016/eframe_mysql/WebRoot/pages/download/01_0b96bc96684f4dc7b84aa54ab2a8e009.xls','101','2016-10-11 15:50:53','东方国信-电信事业部框架','excel',''),('3091d7108d4640d4a9acb368d5ac945a','访问日志','4','/D:/workspace2016/eframe_mysql/WebRoot/pages/download/01_3091d7108d4640d4a9acb368d5ac945a.xls','101','2016-10-11 15:52:42','东方国信-电信事业部框架','excel',''),('cab6ff7c31df4d30aecfabcc027d128e','访问日志','4','/D:/workspace2016/eframe_mysql/WebRoot/pages/download/01_cab6ff7c31df4d30aecfabcc027d128e.xls','101','2016-10-11 15:55:54','东方国信-电信事业部框架','excel',''),('4d4788f04e784fafbd93636eb6698575','访问日志','4','/D:/workspace2016/eframe_mysql/WebRoot/pages/download/01_4d4788f04e784fafbd93636eb6698575.xls','101','2016-10-11 15:56:45','东方国信-电信事业部框架','excel',''),('e497405022214da38d698e84d9d55576','登陆日志','4','/D:/workspace2016/eframe_mysql/WebRoot/pages/download/01_e497405022214da38d698e84d9d55576.xls','101','2016-10-11 16:02:03','东方国信-电信事业部框架','excel',''),('4195b793f8a548a9986f48ab922a8848','访问日志','99',NULL,'101','2016-10-11 16:04:21','东方国信-电信事业部框架','excel',''),('a2f8f27e155f4ac28aa710d666b4b691','访问日志','99',NULL,'101','2016-10-11 16:40:33','东方国信-电信事业部框架','excel',''),('71be31416d324e47a1b7798a56ef2569','访问日志','4','/D:/workspace2016/eframe_mysql/WebRoot/pages/download/01_71be31416d324e47a1b7798a56ef2569.xls','101','2016-10-11 17:05:52','东方国信-电信事业部框架','excel',''),('c574e48b953a40a3888bf3f031c8fae1','访问日志','4','/D:/workspace2016/eframe_mysql/WebRoot/pages/download/01_c574e48b953a40a3888bf3f031c8fae1.xls','101','2016-10-11 17:06:08','东方国信-电信事业部框架','excel',''),('cffb17830ea64aed8aaf661d9be31b54','访问日志','4','/D:/workspace2016/eframe_mysql/WebRoot/pages/download/01_cffb17830ea64aed8aaf661d9be31b54.xls','101','2016-10-11 17:06:24','东方国信-电信事业部框架','excel',''),('74e8689473104e51847eba4d91c65642','基础表格','4','/Users/zuobin/apache-tomcat-7.0.70/webapps/eframe_mysql/pages/download/01_74e8689473104e51847eba4d91c65642.xls','101','2016-10-15 13:24:38','东方国信-电信事业部框架','excel',''),('721078e18c244c70bb5760bcfce661b7','组合图','4','/Users/zuobin/apache-tomcat-7.0.70/webapps/eframe_mysql/pages/download/721078e18c244c70bb5760bcfce661b7.png','101','2016-10-15 13:26:03','东方国信-电信事业部框架','png',''),('175c01186f52483e9e224c80e7cb8b34','true','4','/D:/workspace_bonc/eframe_mysql/WebRoot/pages/download/01_175c01186f52483e9e224c80e7cb8b34.xls','101','2016-10-17 08:21:54','东方国信-电信事业部框架','excel',''),('08012684fe004617832a1afe789c3a46','true','4','/D:/workspace_bonc/eframe_mysql/WebRoot/pages/download/01_08012684fe004617832a1afe789c3a46.xls','101','2016-10-17 08:22:27','东方国信-电信事业部框架','excel',''),('f2601585a37548ec82ae943e34331817','柱图','4','/Volumes/FAT/apache-tomcat-7.0.70/webapps/eframe_mysql/pages/download/f2601585a37548ec82ae943e34331817.png','101','2016-10-17 13:55:19','东方国信-电信事业部框架','png',''),('a781bd9164a94acb9e7b2265bdb43de7','基础表格','4','/Volumes/FAT/apache-tomcat-7.0.70/webapps/eframe_mysql/pages/download/01_a781bd9164a94acb9e7b2265bdb43de7.xls','101','2016-10-17 15:51:41','东方国信-电信事业部框架','excel',''),('84bb91354756422db55a77d686ceb4d5','基础表格','4','/Volumes/FAT/apache-tomcat-7.0.70/webapps/eframe_mysql/pages/download/84bb91354756422db55a77d686ceb4d5.xls','101','2016-10-20 14:06:40','东方国信-电信事业部框架','excel',',日账期=20160130'),('7dc447a0224c497c886def785cf1bd85','下钻表格','4','/Volumes/FAT/apache-tomcat-7.0.70/webapps/eframe_mysql/pages/download/7dc447a0224c497c886def785cf1bd85.pdf','101','2016-10-20 15:31:56','东方国信-电信事业部框架','pdf','');

/*Table structure for table `e_ext_datasource` */

DROP TABLE IF EXISTS `e_ext_datasource`;

CREATE TABLE `e_ext_datasource` (
  `DS_CN_NAME` varchar(100) DEFAULT NULL,
  `DS_NAME` varchar(100) DEFAULT NULL,
  `DB_TYPE` varchar(10) DEFAULT NULL,
  `DS_TYPE` varchar(10) DEFAULT NULL,
  `DRIVER_CLASS_NAME` varchar(100) DEFAULT NULL,
  `URL` varchar(200) DEFAULT NULL,
  `USER_NAME` varchar(100) DEFAULT NULL,
  `PASSWORD` varchar(100) DEFAULT NULL,
  `INITIAL_SIZE` varchar(20) DEFAULT NULL,
  `MIN_IDLE` varchar(20) DEFAULT NULL,
  `MAX_IDLE` varchar(20) DEFAULT NULL,
  `MAX_ACTIVE` varchar(20) DEFAULT NULL,
  `MAX_WAIT` varchar(20) DEFAULT NULL,
  `REMOVE_ABANDONED` varchar(20) DEFAULT NULL,
  `REMOVE_ABANDONED_TIMEOUT` varchar(20) DEFAULT NULL,
  `TIME_BWT_EVN_MILLIS` varchar(20) DEFAULT NULL,
  `TEST_WHILE_IDLE` varchar(20) DEFAULT NULL,
  `VALIDATION_QUERY` varchar(200) DEFAULT NULL,
  `STATUS` varchar(20) DEFAULT NULL,
  `CREATE_TIME` varchar(20) DEFAULT NULL,
  `CREATE_USER` varchar(20) DEFAULT NULL
) ENGINE=InnoDB DEFAULT CHARSET=utf8;

/*Data for the table `e_ext_datasource` */

insert  into `e_ext_datasource`(`DS_CN_NAME`,`DS_NAME`,`DB_TYPE`,`DS_TYPE`,`DRIVER_CLASS_NAME`,`URL`,`USER_NAME`,`PASSWORD`,`INITIAL_SIZE`,`MIN_IDLE`,`MAX_IDLE`,`MAX_ACTIVE`,`MAX_WAIT`,`REMOVE_ABANDONED`,`REMOVE_ABANDONED_TIMEOUT`,`TIME_BWT_EVN_MILLIS`,`TEST_WHILE_IDLE`,`VALIDATION_QUERY`,`STATUS`,`CREATE_TIME`,`CREATE_USER`) values ('oracle','oracle','oracle','dbcp','oracle.jdbc.driver.OracleDriver','jdbc:oracle:thin:@(DESCRIPTION =(ADDRESS = (PROTOCOL = TCP)(HOST = 192.168.199.170)(PORT = 1521))(LOAD_BALANCE = yes)(CONNECT_DATA =	(SERVER = DEDICATED)(SERVICE_NAME = bfzcdb)))','DXFRAMEWORK','1q2w3e','10','5','50','50','600000','true','300','3600000','true','select 1 from dual','1','20161215091907','101');

/*Table structure for table `e_home_kpi_info` */

DROP TABLE IF EXISTS `e_home_kpi_info`;

CREATE TABLE `e_home_kpi_info` (
  `KPI_CODE` varchar(20) DEFAULT NULL COMMENT '指标编码，编码是唯一的，',
  `KPI_NAME` varchar(60) DEFAULT NULL COMMENT '指标名称',
  `CATEGORY_CODE` varchar(20) DEFAULT NULL COMMENT '指标类别',
  `KPI_CYCLE` varchar(2) DEFAULT NULL COMMENT '0日，1月',
  `UNIT` varchar(10) DEFAULT NULL COMMENT '指标单位',
  `RATIO` varchar(12) DEFAULT NULL COMMENT '单位比率',
  `WARNING_MIN` varchar(20) DEFAULT NULL COMMENT '告警最小值',
  `WARNING_MAX` varchar(20) DEFAULT NULL COMMENT '告警最大值',
  `CREATE_USER` varchar(20) DEFAULT NULL COMMENT '提出人',
  `CREATE_USER_DEPT` varchar(20) DEFAULT NULL COMMENT '提出人部门',
  `TECHNOLOGY_DEMO` varchar(4000) DEFAULT NULL COMMENT '技术口径',
  `BUSINESS_DEMO` varchar(4000) DEFAULT NULL COMMENT '业务口径',
  `INSERT_USER` varchar(20) DEFAULT NULL COMMENT '添加人',
  `INSERT_TIME` varchar(20) DEFAULT NULL COMMENT '添加时间',
  `UPDATE_USER` varchar(20) DEFAULT NULL COMMENT '修改人',
  `UPDATE_TIME` varchar(20) DEFAULT NULL COMMENT '修改时间',
  `IDX` varchar(10) DEFAULT NULL COMMENT '排序序号'
) ENGINE=InnoDB DEFAULT CHARSET=utf8 COMMENT='指标信息码表';

/*Data for the table `e_home_kpi_info` */

insert  into `e_home_kpi_info`(`KPI_CODE`,`KPI_NAME`,`CATEGORY_CODE`,`KPI_CYCLE`,`UNIT`,`RATIO`,`WARNING_MIN`,`WARNING_MAX`,`CREATE_USER`,`CREATE_USER_DEPT`,`TECHNOLOGY_DEMO`,`BUSINESS_DEMO`,`INSERT_USER`,`INSERT_TIME`,`UPDATE_USER`,`UPDATE_TIME`,`IDX`) values ('01','用户',NULL,NULL,'户',NULL,NULL,NULL,NULL,NULL,NULL,NULL,NULL,NULL,NULL,NULL,NULL),('02','收入',NULL,NULL,'元',NULL,NULL,NULL,NULL,NULL,NULL,NULL,NULL,NULL,NULL,NULL,NULL),('03','使用',NULL,NULL,NULL,NULL,NULL,NULL,NULL,NULL,NULL,NULL,NULL,NULL,NULL,NULL,NULL),('0101','网上用户',NULL,NULL,'户',NULL,NULL,NULL,NULL,NULL,NULL,NULL,NULL,NULL,NULL,NULL,NULL),('0102','新发展用户',NULL,NULL,'户',NULL,NULL,NULL,NULL,NULL,NULL,NULL,NULL,NULL,NULL,NULL,NULL),('0103','回归用户',NULL,NULL,'户',NULL,NULL,NULL,NULL,NULL,NULL,NULL,NULL,NULL,NULL,NULL,NULL),('0104','流失用户',NULL,NULL,'户',NULL,NULL,NULL,NULL,NULL,NULL,NULL,NULL,NULL,NULL,NULL,NULL),('0105','净增用户',NULL,NULL,'户',NULL,NULL,NULL,NULL,NULL,NULL,NULL,NULL,NULL,NULL,NULL,NULL),('0106','拆机用户',NULL,NULL,'户',NULL,NULL,NULL,NULL,NULL,NULL,NULL,NULL,NULL,NULL,NULL,NULL),('0107','活跃用户',NULL,NULL,'户',NULL,NULL,NULL,NULL,NULL,NULL,NULL,NULL,NULL,NULL,NULL,NULL),('0108','租机用户',NULL,NULL,'户',NULL,NULL,NULL,NULL,NULL,NULL,NULL,NULL,NULL,NULL,NULL,NULL),('0109','三无用户',NULL,NULL,'户',NULL,NULL,NULL,NULL,NULL,NULL,NULL,NULL,NULL,NULL,NULL,NULL),('0201','总收入',NULL,NULL,'元',NULL,NULL,NULL,NULL,NULL,NULL,NULL,NULL,NULL,NULL,NULL,NULL),('0301','移动语音计费时长',NULL,NULL,'分钟',NULL,NULL,NULL,NULL,NULL,NULL,NULL,NULL,NULL,NULL,NULL,NULL),('0302','短信条数',NULL,NULL,'条',NULL,NULL,NULL,NULL,NULL,NULL,NULL,NULL,NULL,NULL,NULL,NULL),('0303','移动数据',NULL,NULL,'KB',NULL,NULL,NULL,NULL,NULL,NULL,NULL,NULL,NULL,NULL,NULL,NULL),('0304','固网计费时长',NULL,NULL,'分钟',NULL,NULL,NULL,NULL,NULL,NULL,NULL,NULL,NULL,NULL,NULL,NULL),('010101','移动网上用户',NULL,NULL,'户',NULL,NULL,NULL,NULL,NULL,NULL,NULL,NULL,NULL,NULL,NULL,NULL),('010102','固网网上用户',NULL,NULL,'户',NULL,NULL,NULL,NULL,NULL,NULL,NULL,NULL,NULL,NULL,NULL,NULL),('010201','移动新发展用户',NULL,NULL,'户',NULL,NULL,NULL,NULL,NULL,NULL,NULL,NULL,NULL,NULL,NULL,NULL),('010202','固网新发展用户 ',NULL,NULL,'户',NULL,NULL,NULL,NULL,NULL,NULL,NULL,NULL,NULL,NULL,NULL,NULL),('010301','移动回归用户',NULL,NULL,'户',NULL,NULL,NULL,NULL,NULL,NULL,NULL,NULL,NULL,NULL,NULL,NULL),('010302','固网回归用户',NULL,NULL,'户',NULL,NULL,NULL,NULL,NULL,NULL,NULL,NULL,NULL,NULL,NULL,NULL),('010401','移动流失用户',NULL,NULL,'户',NULL,NULL,NULL,NULL,NULL,NULL,NULL,NULL,NULL,NULL,NULL,NULL),('010402','固网流失用户',NULL,NULL,'户',NULL,NULL,NULL,NULL,NULL,NULL,NULL,NULL,NULL,NULL,NULL,NULL),('010501','移动净增用户',NULL,NULL,'户',NULL,NULL,NULL,NULL,NULL,NULL,NULL,NULL,NULL,NULL,NULL,NULL),('010502','固网净增用户',NULL,NULL,'户',NULL,NULL,NULL,NULL,NULL,NULL,NULL,NULL,NULL,NULL,NULL,NULL),('010601','移动新拆机用户',NULL,NULL,'户',NULL,NULL,NULL,NULL,NULL,NULL,NULL,NULL,NULL,NULL,NULL,NULL),('010602','固网拆机用户',NULL,NULL,'户',NULL,NULL,NULL,NULL,NULL,NULL,NULL,NULL,NULL,NULL,NULL,NULL),('010701','移动活跃用户',NULL,NULL,'户',NULL,NULL,NULL,NULL,NULL,NULL,NULL,NULL,NULL,NULL,NULL,NULL),('010702','固网活跃用户',NULL,NULL,'户',NULL,NULL,NULL,NULL,NULL,NULL,NULL,NULL,NULL,NULL,NULL,NULL),('010801','逆价租机用户',NULL,NULL,'户',NULL,NULL,NULL,NULL,NULL,NULL,NULL,NULL,NULL,NULL,NULL,NULL),('010802','顺价租机用户',NULL,NULL,'户',NULL,NULL,NULL,NULL,NULL,NULL,NULL,NULL,NULL,NULL,NULL,NULL),('010901','后付费三无用户',NULL,NULL,'户',NULL,NULL,NULL,NULL,NULL,NULL,NULL,NULL,NULL,NULL,NULL,NULL),('010902','OCS三无用户',NULL,NULL,'户',NULL,NULL,NULL,NULL,NULL,NULL,NULL,NULL,NULL,NULL,NULL,NULL),('020101','移动业务收入',NULL,NULL,'元',NULL,NULL,NULL,NULL,NULL,NULL,NULL,NULL,NULL,NULL,NULL,NULL),('020102','固网业务收入',NULL,NULL,'元',NULL,NULL,NULL,NULL,NULL,NULL,NULL,NULL,NULL,NULL,NULL,NULL),('030101','本地计费时长',NULL,NULL,'分钟',NULL,NULL,NULL,NULL,NULL,NULL,NULL,NULL,NULL,NULL,NULL,NULL),('030102','长途计费时长',NULL,NULL,'分钟',NULL,NULL,NULL,NULL,NULL,NULL,NULL,NULL,NULL,NULL,NULL,NULL),('030103','漫游计费时长',NULL,NULL,'分钟',NULL,NULL,NULL,NULL,NULL,NULL,NULL,NULL,NULL,NULL,NULL,NULL),('030201','点对点短信条数',NULL,NULL,'条',NULL,NULL,NULL,NULL,NULL,NULL,NULL,NULL,NULL,NULL,NULL,NULL),('030202','SP短信条数',NULL,NULL,'条',NULL,NULL,NULL,NULL,NULL,NULL,NULL,NULL,NULL,NULL,NULL,NULL),('030301','evdo流量',NULL,NULL,'KB',NULL,NULL,NULL,NULL,NULL,NULL,NULL,NULL,NULL,NULL,NULL,NULL),('030302','WLAN流量',NULL,NULL,'KB',NULL,NULL,NULL,NULL,NULL,NULL,NULL,NULL,NULL,NULL,NULL,NULL),('030303','1x流量',NULL,NULL,'KB',NULL,NULL,NULL,NULL,NULL,NULL,NULL,NULL,NULL,NULL,NULL,NULL),('030401','固话计费时长',NULL,NULL,'分钟',NULL,NULL,NULL,NULL,NULL,NULL,NULL,NULL,NULL,NULL,NULL,NULL),('030402','宽带计费时长',NULL,NULL,'分钟',NULL,NULL,NULL,NULL,NULL,NULL,NULL,NULL,NULL,NULL,NULL,NULL),('01010101','移动后付费网上用户',NULL,NULL,'户',NULL,NULL,NULL,NULL,NULL,NULL,NULL,NULL,NULL,NULL,NULL,NULL),('01010102','移动OCS网上用户',NULL,NULL,'户',NULL,NULL,NULL,NULL,NULL,NULL,NULL,NULL,NULL,NULL,NULL,NULL),('01010201','固话网上用户',NULL,NULL,'户',NULL,NULL,NULL,NULL,NULL,NULL,NULL,NULL,NULL,NULL,NULL,NULL),('01010202','宽带网上用户',NULL,NULL,'户',NULL,NULL,NULL,NULL,NULL,NULL,NULL,NULL,NULL,NULL,NULL,NULL),('01010203','数据专线网上用户',NULL,NULL,'户',NULL,NULL,NULL,NULL,NULL,NULL,NULL,NULL,NULL,NULL,NULL,NULL),('01010204','固网其他网上用户',NULL,NULL,'户',NULL,NULL,NULL,NULL,NULL,NULL,NULL,NULL,NULL,NULL,NULL,NULL),('01020101','移动后付费新发展用户',NULL,NULL,'户',NULL,NULL,NULL,NULL,NULL,NULL,NULL,NULL,NULL,NULL,NULL,NULL),('01020102','移动OCS新发展用户',NULL,NULL,'户',NULL,NULL,NULL,NULL,NULL,NULL,NULL,NULL,NULL,NULL,NULL,NULL),('01020201','固话新发展用户',NULL,NULL,'户',NULL,NULL,NULL,NULL,NULL,NULL,NULL,NULL,NULL,NULL,NULL,NULL),('01020202','宽带新发展用户',NULL,NULL,'户',NULL,NULL,NULL,NULL,NULL,NULL,NULL,NULL,NULL,NULL,NULL,NULL),('01020203','数据专线新发展用户',NULL,NULL,'户',NULL,NULL,NULL,NULL,NULL,NULL,NULL,NULL,NULL,NULL,NULL,NULL),('01020204','固网其他新发展用户',NULL,NULL,'户',NULL,NULL,NULL,NULL,NULL,NULL,NULL,NULL,NULL,NULL,NULL,NULL),('01030101','移动后付费回归用户',NULL,NULL,'户',NULL,NULL,NULL,NULL,NULL,NULL,NULL,NULL,NULL,NULL,NULL,NULL),('01030102','移动OCS回归用户',NULL,NULL,'户',NULL,NULL,NULL,NULL,NULL,NULL,NULL,NULL,NULL,NULL,NULL,NULL),('01030201','固话回归用户',NULL,NULL,'户',NULL,NULL,NULL,NULL,NULL,NULL,NULL,NULL,NULL,NULL,NULL,NULL),('01030202','宽带回归用户',NULL,NULL,'户',NULL,NULL,NULL,NULL,NULL,NULL,NULL,NULL,NULL,NULL,NULL,NULL),('01030203','数据专线回归用户',NULL,NULL,'户',NULL,NULL,NULL,NULL,NULL,NULL,NULL,NULL,NULL,NULL,NULL,NULL),('01030204','固网其他回归用户',NULL,NULL,'户',NULL,NULL,NULL,NULL,NULL,NULL,NULL,NULL,NULL,NULL,NULL,NULL),('01040101','移动后付费流失用户',NULL,NULL,'户',NULL,NULL,NULL,NULL,NULL,NULL,NULL,NULL,NULL,NULL,NULL,NULL),('01040102','移动OCS流失用户',NULL,NULL,'户',NULL,NULL,NULL,NULL,NULL,NULL,NULL,NULL,NULL,NULL,NULL,NULL),('01040201','固话流失用户',NULL,NULL,'户',NULL,NULL,NULL,NULL,NULL,NULL,NULL,NULL,NULL,NULL,NULL,NULL),('01040202','宽带流失用户',NULL,NULL,'户',NULL,NULL,NULL,NULL,NULL,NULL,NULL,NULL,NULL,NULL,NULL,NULL),('01040203','数据专线流失用户',NULL,NULL,'户',NULL,NULL,NULL,NULL,NULL,NULL,NULL,NULL,NULL,NULL,NULL,NULL),('01040204','固网其他流失用户',NULL,NULL,'户',NULL,NULL,NULL,NULL,NULL,NULL,NULL,NULL,NULL,NULL,NULL,NULL),('01050101','移动后付费净增用户',NULL,NULL,'户',NULL,NULL,NULL,NULL,NULL,NULL,NULL,NULL,NULL,NULL,NULL,NULL),('01050102','移动OCS净增用户',NULL,NULL,'户',NULL,NULL,NULL,NULL,NULL,NULL,NULL,NULL,NULL,NULL,NULL,NULL),('01050201','固话净增用户',NULL,NULL,'户',NULL,NULL,NULL,NULL,NULL,NULL,NULL,NULL,NULL,NULL,NULL,NULL),('01050202','宽带净增用户',NULL,NULL,'户',NULL,NULL,NULL,NULL,NULL,NULL,NULL,NULL,NULL,NULL,NULL,NULL),('01050203','数据专线净增用户',NULL,NULL,'户',NULL,NULL,NULL,NULL,NULL,NULL,NULL,NULL,NULL,NULL,NULL,NULL),('01050204','固网其他净增用户',NULL,NULL,'户',NULL,NULL,NULL,NULL,NULL,NULL,NULL,NULL,NULL,NULL,NULL,NULL),('01060101','移动后付费拆机用户',NULL,NULL,'户',NULL,NULL,NULL,NULL,NULL,NULL,NULL,NULL,NULL,NULL,NULL,NULL),('01060102','移动OCS拆机用户',NULL,NULL,'户',NULL,NULL,NULL,NULL,NULL,NULL,NULL,NULL,NULL,NULL,NULL,NULL),('01060201','固话拆机用户',NULL,NULL,'户',NULL,NULL,NULL,NULL,NULL,NULL,NULL,NULL,NULL,NULL,NULL,NULL),('01060202','宽带拆机用户',NULL,NULL,'户',NULL,NULL,NULL,NULL,NULL,NULL,NULL,NULL,NULL,NULL,NULL,NULL),('01060203','数据专线拆机用户',NULL,NULL,'户',NULL,NULL,NULL,NULL,NULL,NULL,NULL,NULL,NULL,NULL,NULL,NULL),('01060204','固网其他拆机用户',NULL,NULL,'户',NULL,NULL,NULL,NULL,NULL,NULL,NULL,NULL,NULL,NULL,NULL,NULL),('01070101','移动后付费活跃用户',NULL,NULL,'户',NULL,NULL,NULL,NULL,NULL,NULL,NULL,NULL,NULL,NULL,NULL,NULL),('01070102','移动OCS活跃用户',NULL,NULL,'户',NULL,NULL,NULL,NULL,NULL,NULL,NULL,NULL,NULL,NULL,NULL,NULL),('01070201','固话活跃用户',NULL,NULL,'户',NULL,NULL,NULL,NULL,NULL,NULL,NULL,NULL,NULL,NULL,NULL,NULL),('01070202','宽带活跃用户',NULL,NULL,'户',NULL,NULL,NULL,NULL,NULL,NULL,NULL,NULL,NULL,NULL,NULL,NULL),('01070203','数据专线活跃用户',NULL,NULL,'户',NULL,NULL,NULL,NULL,NULL,NULL,NULL,NULL,NULL,NULL,NULL,NULL),('01070204','固网其他活跃用户',NULL,NULL,'户',NULL,NULL,NULL,NULL,NULL,NULL,NULL,NULL,NULL,NULL,NULL,NULL),('01080101','存量逆价租机用户',NULL,NULL,'户',NULL,NULL,NULL,NULL,NULL,NULL,NULL,NULL,NULL,NULL,NULL,NULL),('01080102','新增逆价租机用户',NULL,NULL,'户',NULL,NULL,NULL,NULL,NULL,NULL,NULL,NULL,NULL,NULL,NULL,NULL),('01080201','新增顺价租机用户',NULL,NULL,'户',NULL,NULL,NULL,NULL,NULL,NULL,NULL,NULL,NULL,NULL,NULL,NULL),('01080202','存量顺价租机用户',NULL,NULL,'户',NULL,NULL,NULL,NULL,NULL,NULL,NULL,NULL,NULL,NULL,NULL,NULL),('02010101','移动语音业务收入',NULL,NULL,'元',NULL,NULL,NULL,NULL,NULL,NULL,NULL,NULL,NULL,NULL,NULL,NULL),('02010102','移动短信业务收入',NULL,NULL,'元',NULL,NULL,NULL,NULL,NULL,NULL,NULL,NULL,NULL,NULL,NULL,NULL),('02010103','移动数据业务收入',NULL,NULL,'元',NULL,NULL,NULL,NULL,NULL,NULL,NULL,NULL,NULL,NULL,NULL,NULL),('02010104','移动增值业务收入',NULL,NULL,'元',NULL,NULL,NULL,NULL,NULL,NULL,NULL,NULL,NULL,NULL,NULL,NULL),('02010105','移动日租收入',NULL,NULL,'元',NULL,NULL,NULL,NULL,NULL,NULL,NULL,NULL,NULL,NULL,NULL,NULL),('02010201','固话业务收入',NULL,NULL,'元',NULL,NULL,NULL,NULL,NULL,NULL,NULL,NULL,NULL,NULL,NULL,NULL),('02010202','宽带业务收入',NULL,NULL,'元',NULL,NULL,NULL,NULL,NULL,NULL,NULL,NULL,NULL,NULL,NULL,NULL),('02010203','数据计费总收入',NULL,NULL,'元',NULL,NULL,NULL,NULL,NULL,NULL,NULL,NULL,NULL,NULL,NULL,NULL),('02010204','固网卡类计费总收入',NULL,NULL,'元',NULL,NULL,NULL,NULL,NULL,NULL,NULL,NULL,NULL,NULL,NULL,NULL),('02010205','固网其他计费总收入',NULL,NULL,'元',NULL,NULL,NULL,NULL,NULL,NULL,NULL,NULL,NULL,NULL,NULL,NULL),('03020101','网内短信条数',NULL,NULL,'条',NULL,NULL,NULL,NULL,NULL,NULL,NULL,NULL,NULL,NULL,NULL,NULL),('03020102','网间短信条数',NULL,NULL,'条',NULL,NULL,NULL,NULL,NULL,NULL,NULL,NULL,NULL,NULL,NULL,NULL),('03040101','固话本地通话计费时长',NULL,NULL,'分钟',NULL,NULL,NULL,NULL,NULL,NULL,NULL,NULL,NULL,NULL,NULL,NULL),('03040102','固话长途通话计费时长',NULL,NULL,'分钟',NULL,NULL,NULL,NULL,NULL,NULL,NULL,NULL,NULL,NULL,NULL,NULL),('0101010101','无线上网卡网上用户',NULL,NULL,'户',NULL,NULL,NULL,NULL,NULL,NULL,NULL,NULL,NULL,NULL,NULL,NULL),('0101010102','非无线上网卡网上用户',NULL,NULL,'户',NULL,NULL,NULL,NULL,NULL,NULL,NULL,NULL,NULL,NULL,NULL,NULL),('0101020201','LAN终端网上用户',NULL,NULL,'户',NULL,NULL,NULL,NULL,NULL,NULL,NULL,NULL,NULL,NULL,NULL,NULL),('0101020202','LAN专线网上用户',NULL,NULL,'户',NULL,NULL,NULL,NULL,NULL,NULL,NULL,NULL,NULL,NULL,NULL,NULL),('0101020203','FTTH/O网上用户',NULL,NULL,'户',NULL,NULL,NULL,NULL,NULL,NULL,NULL,NULL,NULL,NULL,NULL,NULL),('0101020204','DSL网上用户',NULL,NULL,'户',NULL,NULL,NULL,NULL,NULL,NULL,NULL,NULL,NULL,NULL,NULL,NULL),('0101020205','其他网上用户',NULL,NULL,'户',NULL,NULL,NULL,NULL,NULL,NULL,NULL,NULL,NULL,NULL,NULL,NULL),('0102010101','无线上网卡新发展用户',NULL,NULL,'户',NULL,NULL,NULL,NULL,NULL,NULL,NULL,NULL,NULL,NULL,NULL,NULL),('0102010102','非无线上网卡新发展用户',NULL,NULL,'户',NULL,NULL,NULL,NULL,NULL,NULL,NULL,NULL,NULL,NULL,NULL,NULL),('0102020201','LAN终端新发展用户',NULL,NULL,'户',NULL,NULL,NULL,NULL,NULL,NULL,NULL,NULL,NULL,NULL,NULL,NULL),('0102020202','LAN专线新发展用户',NULL,NULL,'户',NULL,NULL,NULL,NULL,NULL,NULL,NULL,NULL,NULL,NULL,NULL,NULL),('0102020203','FTTH/O新发展用户',NULL,NULL,'户',NULL,NULL,NULL,NULL,NULL,NULL,NULL,NULL,NULL,NULL,NULL,NULL),('0102020204','DSL新发展用户',NULL,NULL,'户',NULL,NULL,NULL,NULL,NULL,NULL,NULL,NULL,NULL,NULL,NULL,NULL),('0102020205','其他新发展用户',NULL,NULL,'户',NULL,NULL,NULL,NULL,NULL,NULL,NULL,NULL,NULL,NULL,NULL,NULL),('0103010101','无线上网卡回归用户',NULL,NULL,'户',NULL,NULL,NULL,NULL,NULL,NULL,NULL,NULL,NULL,NULL,NULL,NULL),('0103010102','非无线上网卡回归用户',NULL,NULL,'户',NULL,NULL,NULL,NULL,NULL,NULL,NULL,NULL,NULL,NULL,NULL,NULL),('0103020201','LAN终端回归用户',NULL,NULL,'户',NULL,NULL,NULL,NULL,NULL,NULL,NULL,NULL,NULL,NULL,NULL,NULL),('0103020202','LAN专线回归用户',NULL,NULL,'户',NULL,NULL,NULL,NULL,NULL,NULL,NULL,NULL,NULL,NULL,NULL,NULL),('0103020203','FTTH/O回归用户',NULL,NULL,'户',NULL,NULL,NULL,NULL,NULL,NULL,NULL,NULL,NULL,NULL,NULL,NULL),('0103020204','DSL回归用户',NULL,NULL,'户',NULL,NULL,NULL,NULL,NULL,NULL,NULL,NULL,NULL,NULL,NULL,NULL),('0103020205','其他回归用户',NULL,NULL,'户',NULL,NULL,NULL,NULL,NULL,NULL,NULL,NULL,NULL,NULL,NULL,NULL),('0104010101','无线上网卡流失用户',NULL,NULL,'户',NULL,NULL,NULL,NULL,NULL,NULL,NULL,NULL,NULL,NULL,NULL,NULL),('0104010102','非无线上网卡流失用户',NULL,NULL,'户',NULL,NULL,NULL,NULL,NULL,NULL,NULL,NULL,NULL,NULL,NULL,NULL),('0104020201','LAN终端流失用户',NULL,NULL,'户',NULL,NULL,NULL,NULL,NULL,NULL,NULL,NULL,NULL,NULL,NULL,NULL),('0104020202','LAN专线流失用户',NULL,NULL,'户',NULL,NULL,NULL,NULL,NULL,NULL,NULL,NULL,NULL,NULL,NULL,NULL),('0104020203','FTTH/O流失用户',NULL,NULL,'户',NULL,NULL,NULL,NULL,NULL,NULL,NULL,NULL,NULL,NULL,NULL,NULL),('0104020204','DSL流失用户',NULL,NULL,'户',NULL,NULL,NULL,NULL,NULL,NULL,NULL,NULL,NULL,NULL,NULL,NULL),('0104020205','其他流失用户',NULL,NULL,'户',NULL,NULL,NULL,NULL,NULL,NULL,NULL,NULL,NULL,NULL,NULL,NULL),('0105010101','无线上网卡净增用户',NULL,NULL,'户',NULL,NULL,NULL,NULL,NULL,NULL,NULL,NULL,NULL,NULL,NULL,NULL),('0105010102','非无线上网卡净增用户',NULL,NULL,'户',NULL,NULL,NULL,NULL,NULL,NULL,NULL,NULL,NULL,NULL,NULL,NULL),('0105020201','LAN终端净增用户',NULL,NULL,'户',NULL,NULL,NULL,NULL,NULL,NULL,NULL,NULL,NULL,NULL,NULL,NULL),('0105020202','LAN专线净增用户',NULL,NULL,'户',NULL,NULL,NULL,NULL,NULL,NULL,NULL,NULL,NULL,NULL,NULL,NULL),('0105020203','FTTH/O净增用户',NULL,NULL,'户',NULL,NULL,NULL,NULL,NULL,NULL,NULL,NULL,NULL,NULL,NULL,NULL),('0105020204','DSL净增用户',NULL,NULL,'户',NULL,NULL,NULL,NULL,NULL,NULL,NULL,NULL,NULL,NULL,NULL,NULL),('0105020205','其他净增用户',NULL,NULL,'户',NULL,NULL,NULL,NULL,NULL,NULL,NULL,NULL,NULL,NULL,NULL,NULL),('0106010101','无线上网卡拆机用户',NULL,NULL,'户',NULL,NULL,NULL,NULL,NULL,NULL,NULL,NULL,NULL,NULL,NULL,NULL),('0106010102','非无线上网卡拆机用户',NULL,NULL,'户',NULL,NULL,NULL,NULL,NULL,NULL,NULL,NULL,NULL,NULL,NULL,NULL),('0106020201','LAN终端拆机用户',NULL,NULL,'户',NULL,NULL,NULL,NULL,NULL,NULL,NULL,NULL,NULL,NULL,NULL,NULL),('0106020202','LAN专线拆机用户',NULL,NULL,'户',NULL,NULL,NULL,NULL,NULL,NULL,NULL,NULL,NULL,NULL,NULL,NULL),('0106020203','FTTH/O拆机用户',NULL,NULL,'户',NULL,NULL,NULL,NULL,NULL,NULL,NULL,NULL,NULL,NULL,NULL,NULL),('0106020204','DSL拆机用户',NULL,NULL,'户',NULL,NULL,NULL,NULL,NULL,NULL,NULL,NULL,NULL,NULL,NULL,NULL),('0106020205','其他拆机用户',NULL,NULL,'户',NULL,NULL,NULL,NULL,NULL,NULL,NULL,NULL,NULL,NULL,NULL,NULL),('0107010101','无线上网卡活跃用户',NULL,NULL,'户',NULL,NULL,NULL,NULL,NULL,NULL,NULL,NULL,NULL,NULL,NULL,NULL),('0107010102','非无线上网卡活跃用户',NULL,NULL,'户',NULL,NULL,NULL,NULL,NULL,NULL,NULL,NULL,NULL,NULL,NULL,NULL),('0107020201','LAN终端活跃用户',NULL,NULL,'户',NULL,NULL,NULL,NULL,NULL,NULL,NULL,NULL,NULL,NULL,NULL,NULL),('0107020202','LAN专线活跃用户',NULL,NULL,'户',NULL,NULL,NULL,NULL,NULL,NULL,NULL,NULL,NULL,NULL,NULL,NULL),('0107020203','FTTH/O活跃用户',NULL,NULL,'户',NULL,NULL,NULL,NULL,NULL,NULL,NULL,NULL,NULL,NULL,NULL,NULL),('0107020204','DSL活跃用户',NULL,NULL,'户',NULL,NULL,NULL,NULL,NULL,NULL,NULL,NULL,NULL,NULL,NULL,NULL),('0107020205','其他活跃用户',NULL,NULL,'户',NULL,NULL,NULL,NULL,NULL,NULL,NULL,NULL,NULL,NULL,NULL,NULL),('0108010201','办理逆价租机的老用户',NULL,NULL,'户',NULL,NULL,NULL,NULL,NULL,NULL,NULL,NULL,NULL,NULL,NULL,NULL),('0108010202','办理逆价租机的新用户',NULL,NULL,'户',NULL,NULL,NULL,NULL,NULL,NULL,NULL,NULL,NULL,NULL,NULL,NULL),('0108020101','办理顺价租机的老用户',NULL,NULL,'户',NULL,NULL,NULL,NULL,NULL,NULL,NULL,NULL,NULL,NULL,NULL,NULL),('0108020102','办理顺价租机的新用户',NULL,NULL,'户',NULL,NULL,NULL,NULL,NULL,NULL,NULL,NULL,NULL,NULL,NULL,NULL),('0201010101','移动本地通话费收入',NULL,NULL,'元',NULL,NULL,NULL,NULL,NULL,NULL,NULL,NULL,NULL,NULL,NULL,NULL),('0201010102','移动长途通话费收入 ',NULL,NULL,'元',NULL,NULL,NULL,NULL,NULL,NULL,NULL,NULL,NULL,NULL,NULL,NULL),('0201010103','移动漫游通话费收入',NULL,NULL,'元',NULL,NULL,NULL,NULL,NULL,NULL,NULL,NULL,NULL,NULL,NULL,NULL),('0201010201','移动点对点通信费',NULL,NULL,'元',NULL,NULL,NULL,NULL,NULL,NULL,NULL,NULL,NULL,NULL,NULL,NULL),('0201010202','移动SP通信费',NULL,NULL,'元',NULL,NULL,NULL,NULL,NULL,NULL,NULL,NULL,NULL,NULL,NULL,NULL),('0201010301','evdo收入',NULL,NULL,'元',NULL,NULL,NULL,NULL,NULL,NULL,NULL,NULL,NULL,NULL,NULL,NULL),('0201010302','1X收入',NULL,NULL,'元',NULL,NULL,NULL,NULL,NULL,NULL,NULL,NULL,NULL,NULL,NULL,NULL),('0201010303','WLAN收入',NULL,NULL,'元',NULL,NULL,NULL,NULL,NULL,NULL,NULL,NULL,NULL,NULL,NULL,NULL),('0201020101','固话本地通话收入',NULL,NULL,'元',NULL,NULL,NULL,NULL,NULL,NULL,NULL,NULL,NULL,NULL,NULL,NULL),('0201020102','固话长途通话收入',NULL,NULL,'元',NULL,NULL,NULL,NULL,NULL,NULL,NULL,NULL,NULL,NULL,NULL,NULL),('0201020103','固话日租费',NULL,NULL,'元',NULL,NULL,NULL,NULL,NULL,NULL,NULL,NULL,NULL,NULL,NULL,NULL),('01','用户',NULL,NULL,'户',NULL,NULL,NULL,NULL,NULL,NULL,NULL,NULL,NULL,NULL,NULL,NULL),('02','收入',NULL,NULL,'元',NULL,NULL,NULL,NULL,NULL,NULL,NULL,NULL,NULL,NULL,NULL,NULL),('03','使用',NULL,NULL,NULL,NULL,NULL,NULL,NULL,NULL,NULL,NULL,NULL,NULL,NULL,NULL,NULL),('0101','网上用户',NULL,NULL,'户',NULL,NULL,NULL,NULL,NULL,NULL,NULL,NULL,NULL,NULL,NULL,NULL),('0102','新发展用户',NULL,NULL,'户',NULL,NULL,NULL,NULL,NULL,NULL,NULL,NULL,NULL,NULL,NULL,NULL),('0103','回归用户',NULL,NULL,'户',NULL,NULL,NULL,NULL,NULL,NULL,NULL,NULL,NULL,NULL,NULL,NULL),('0104','流失用户',NULL,NULL,'户',NULL,NULL,NULL,NULL,NULL,NULL,NULL,NULL,NULL,NULL,NULL,NULL),('0105','净增用户',NULL,NULL,'户',NULL,NULL,NULL,NULL,NULL,NULL,NULL,NULL,NULL,NULL,NULL,NULL),('0106','拆机用户',NULL,NULL,'户',NULL,NULL,NULL,NULL,NULL,NULL,NULL,NULL,NULL,NULL,NULL,NULL),('0107','活跃用户',NULL,NULL,'户',NULL,NULL,NULL,NULL,NULL,NULL,NULL,NULL,NULL,NULL,NULL,NULL),('0108','租机用户',NULL,NULL,'户',NULL,NULL,NULL,NULL,NULL,NULL,NULL,NULL,NULL,NULL,NULL,NULL),('0109','三无用户',NULL,NULL,'户',NULL,NULL,NULL,NULL,NULL,NULL,NULL,NULL,NULL,NULL,NULL,NULL),('0201','总收入',NULL,NULL,'元',NULL,NULL,NULL,NULL,NULL,NULL,NULL,NULL,NULL,NULL,NULL,NULL),('0301','移动语音计费时长',NULL,NULL,'分钟',NULL,NULL,NULL,NULL,NULL,NULL,NULL,NULL,NULL,NULL,NULL,NULL),('0302','短信条数',NULL,NULL,'条',NULL,NULL,NULL,NULL,NULL,NULL,NULL,NULL,NULL,NULL,NULL,NULL),('0303','移动数据',NULL,NULL,'KB',NULL,NULL,NULL,NULL,NULL,NULL,NULL,NULL,NULL,NULL,NULL,NULL),('0304','固网计费时长',NULL,NULL,'分钟',NULL,NULL,NULL,NULL,NULL,NULL,NULL,NULL,NULL,NULL,NULL,NULL),('010101','移动网上用户',NULL,NULL,'户',NULL,NULL,NULL,NULL,NULL,NULL,NULL,NULL,NULL,NULL,NULL,NULL),('010102','固网网上用户',NULL,NULL,'户',NULL,NULL,NULL,NULL,NULL,NULL,NULL,NULL,NULL,NULL,NULL,NULL),('010201','移动新发展用户',NULL,NULL,'户',NULL,NULL,NULL,NULL,NULL,NULL,NULL,NULL,NULL,NULL,NULL,NULL),('010202','固网新发展用户 ',NULL,NULL,'户',NULL,NULL,NULL,NULL,NULL,NULL,NULL,NULL,NULL,NULL,NULL,NULL),('010301','移动回归用户',NULL,NULL,'户',NULL,NULL,NULL,NULL,NULL,NULL,NULL,NULL,NULL,NULL,NULL,NULL),('010302','固网回归用户',NULL,NULL,'户',NULL,NULL,NULL,NULL,NULL,NULL,NULL,NULL,NULL,NULL,NULL,NULL),('010401','移动流失用户',NULL,NULL,'户',NULL,NULL,NULL,NULL,NULL,NULL,NULL,NULL,NULL,NULL,NULL,NULL),('010402','固网流失用户',NULL,NULL,'户',NULL,NULL,NULL,NULL,NULL,NULL,NULL,NULL,NULL,NULL,NULL,NULL),('010501','移动净增用户',NULL,NULL,'户',NULL,NULL,NULL,NULL,NULL,NULL,NULL,NULL,NULL,NULL,NULL,NULL),('010502','固网净增用户',NULL,NULL,'户',NULL,NULL,NULL,NULL,NULL,NULL,NULL,NULL,NULL,NULL,NULL,NULL),('010601','移动新拆机用户',NULL,NULL,'户',NULL,NULL,NULL,NULL,NULL,NULL,NULL,NULL,NULL,NULL,NULL,NULL),('010602','固网拆机用户',NULL,NULL,'户',NULL,NULL,NULL,NULL,NULL,NULL,NULL,NULL,NULL,NULL,NULL,NULL),('010701','移动活跃用户',NULL,NULL,'户',NULL,NULL,NULL,NULL,NULL,NULL,NULL,NULL,NULL,NULL,NULL,NULL),('010702','固网活跃用户',NULL,NULL,'户',NULL,NULL,NULL,NULL,NULL,NULL,NULL,NULL,NULL,NULL,NULL,NULL),('010801','逆价租机用户',NULL,NULL,'户',NULL,NULL,NULL,NULL,NULL,NULL,NULL,NULL,NULL,NULL,NULL,NULL),('010802','顺价租机用户',NULL,NULL,'户',NULL,NULL,NULL,NULL,NULL,NULL,NULL,NULL,NULL,NULL,NULL,NULL),('010901','后付费三无用户',NULL,NULL,'户',NULL,NULL,NULL,NULL,NULL,NULL,NULL,NULL,NULL,NULL,NULL,NULL),('010902','OCS三无用户',NULL,NULL,'户',NULL,NULL,NULL,NULL,NULL,NULL,NULL,NULL,NULL,NULL,NULL,NULL),('020101','移动业务收入',NULL,NULL,'元',NULL,NULL,NULL,NULL,NULL,NULL,NULL,NULL,NULL,NULL,NULL,NULL),('020102','固网业务收入',NULL,NULL,'元',NULL,NULL,NULL,NULL,NULL,NULL,NULL,NULL,NULL,NULL,NULL,NULL),('030101','本地计费时长',NULL,NULL,'分钟',NULL,NULL,NULL,NULL,NULL,NULL,NULL,NULL,NULL,NULL,NULL,NULL),('030102','长途计费时长',NULL,NULL,'分钟',NULL,NULL,NULL,NULL,NULL,NULL,NULL,NULL,NULL,NULL,NULL,NULL),('030103','漫游计费时长',NULL,NULL,'分钟',NULL,NULL,NULL,NULL,NULL,NULL,NULL,NULL,NULL,NULL,NULL,NULL),('030201','点对点短信条数',NULL,NULL,'条',NULL,NULL,NULL,NULL,NULL,NULL,NULL,NULL,NULL,NULL,NULL,NULL),('030202','SP短信条数',NULL,NULL,'条',NULL,NULL,NULL,NULL,NULL,NULL,NULL,NULL,NULL,NULL,NULL,NULL),('030301','evdo流量',NULL,NULL,'KB',NULL,NULL,NULL,NULL,NULL,NULL,NULL,NULL,NULL,NULL,NULL,NULL),('030302','WLAN流量',NULL,NULL,'KB',NULL,NULL,NULL,NULL,NULL,NULL,NULL,NULL,NULL,NULL,NULL,NULL),('030303','1x流量',NULL,NULL,'KB',NULL,NULL,NULL,NULL,NULL,NULL,NULL,NULL,NULL,NULL,NULL,NULL),('030401','固话计费时长',NULL,NULL,'分钟',NULL,NULL,NULL,NULL,NULL,NULL,NULL,NULL,NULL,NULL,NULL,NULL),('030402','宽带计费时长',NULL,NULL,'分钟',NULL,NULL,NULL,NULL,NULL,NULL,NULL,NULL,NULL,NULL,NULL,NULL),('01010101','移动后付费网上用户',NULL,NULL,'户',NULL,NULL,NULL,NULL,NULL,NULL,NULL,NULL,NULL,NULL,NULL,NULL),('01010102','移动OCS网上用户',NULL,NULL,'户',NULL,NULL,NULL,NULL,NULL,NULL,NULL,NULL,NULL,NULL,NULL,NULL),('01010201','固话网上用户',NULL,NULL,'户',NULL,NULL,NULL,NULL,NULL,NULL,NULL,NULL,NULL,NULL,NULL,NULL),('01010202','宽带网上用户',NULL,NULL,'户',NULL,NULL,NULL,NULL,NULL,NULL,NULL,NULL,NULL,NULL,NULL,NULL),('01010203','数据专线网上用户',NULL,NULL,'户',NULL,NULL,NULL,NULL,NULL,NULL,NULL,NULL,NULL,NULL,NULL,NULL),('01010204','固网其他网上用户',NULL,NULL,'户',NULL,NULL,NULL,NULL,NULL,NULL,NULL,NULL,NULL,NULL,NULL,NULL),('01020101','移动后付费新发展用户',NULL,NULL,'户',NULL,NULL,NULL,NULL,NULL,NULL,NULL,NULL,NULL,NULL,NULL,NULL),('01020102','移动OCS新发展用户',NULL,NULL,'户',NULL,NULL,NULL,NULL,NULL,NULL,NULL,NULL,NULL,NULL,NULL,NULL),('01020201','固话新发展用户',NULL,NULL,'户',NULL,NULL,NULL,NULL,NULL,NULL,NULL,NULL,NULL,NULL,NULL,NULL),('01020202','宽带新发展用户',NULL,NULL,'户',NULL,NULL,NULL,NULL,NULL,NULL,NULL,NULL,NULL,NULL,NULL,NULL),('01020203','数据专线新发展用户',NULL,NULL,'户',NULL,NULL,NULL,NULL,NULL,NULL,NULL,NULL,NULL,NULL,NULL,NULL),('01020204','固网其他新发展用户',NULL,NULL,'户',NULL,NULL,NULL,NULL,NULL,NULL,NULL,NULL,NULL,NULL,NULL,NULL),('01030101','移动后付费回归用户',NULL,NULL,'户',NULL,NULL,NULL,NULL,NULL,NULL,NULL,NULL,NULL,NULL,NULL,NULL),('01030102','移动OCS回归用户',NULL,NULL,'户',NULL,NULL,NULL,NULL,NULL,NULL,NULL,NULL,NULL,NULL,NULL,NULL),('01030201','固话回归用户',NULL,NULL,'户',NULL,NULL,NULL,NULL,NULL,NULL,NULL,NULL,NULL,NULL,NULL,NULL),('01030202','宽带回归用户',NULL,NULL,'户',NULL,NULL,NULL,NULL,NULL,NULL,NULL,NULL,NULL,NULL,NULL,NULL),('01030203','数据专线回归用户',NULL,NULL,'户',NULL,NULL,NULL,NULL,NULL,NULL,NULL,NULL,NULL,NULL,NULL,NULL),('01030204','固网其他回归用户',NULL,NULL,'户',NULL,NULL,NULL,NULL,NULL,NULL,NULL,NULL,NULL,NULL,NULL,NULL),('01040101','移动后付费流失用户',NULL,NULL,'户',NULL,NULL,NULL,NULL,NULL,NULL,NULL,NULL,NULL,NULL,NULL,NULL),('01040102','移动OCS流失用户',NULL,NULL,'户',NULL,NULL,NULL,NULL,NULL,NULL,NULL,NULL,NULL,NULL,NULL,NULL),('01040201','固话流失用户',NULL,NULL,'户',NULL,NULL,NULL,NULL,NULL,NULL,NULL,NULL,NULL,NULL,NULL,NULL),('01040202','宽带流失用户',NULL,NULL,'户',NULL,NULL,NULL,NULL,NULL,NULL,NULL,NULL,NULL,NULL,NULL,NULL),('01040203','数据专线流失用户',NULL,NULL,'户',NULL,NULL,NULL,NULL,NULL,NULL,NULL,NULL,NULL,NULL,NULL,NULL),('01040204','固网其他流失用户',NULL,NULL,'户',NULL,NULL,NULL,NULL,NULL,NULL,NULL,NULL,NULL,NULL,NULL,NULL),('01050101','移动后付费净增用户',NULL,NULL,'户',NULL,NULL,NULL,NULL,NULL,NULL,NULL,NULL,NULL,NULL,NULL,NULL),('01050102','移动OCS净增用户',NULL,NULL,'户',NULL,NULL,NULL,NULL,NULL,NULL,NULL,NULL,NULL,NULL,NULL,NULL),('01050201','固话净增用户',NULL,NULL,'户',NULL,NULL,NULL,NULL,NULL,NULL,NULL,NULL,NULL,NULL,NULL,NULL),('01050202','宽带净增用户',NULL,NULL,'户',NULL,NULL,NULL,NULL,NULL,NULL,NULL,NULL,NULL,NULL,NULL,NULL),('01050203','数据专线净增用户',NULL,NULL,'户',NULL,NULL,NULL,NULL,NULL,NULL,NULL,NULL,NULL,NULL,NULL,NULL),('01050204','固网其他净增用户',NULL,NULL,'户',NULL,NULL,NULL,NULL,NULL,NULL,NULL,NULL,NULL,NULL,NULL,NULL),('01060101','移动后付费拆机用户',NULL,NULL,'户',NULL,NULL,NULL,NULL,NULL,NULL,NULL,NULL,NULL,NULL,NULL,NULL),('01060102','移动OCS拆机用户',NULL,NULL,'户',NULL,NULL,NULL,NULL,NULL,NULL,NULL,NULL,NULL,NULL,NULL,NULL),('01060201','固话拆机用户',NULL,NULL,'户',NULL,NULL,NULL,NULL,NULL,NULL,NULL,NULL,NULL,NULL,NULL,NULL),('01060202','宽带拆机用户',NULL,NULL,'户',NULL,NULL,NULL,NULL,NULL,NULL,NULL,NULL,NULL,NULL,NULL,NULL),('01060203','数据专线拆机用户',NULL,NULL,'户',NULL,NULL,NULL,NULL,NULL,NULL,NULL,NULL,NULL,NULL,NULL,NULL),('01060204','固网其他拆机用户',NULL,NULL,'户',NULL,NULL,NULL,NULL,NULL,NULL,NULL,NULL,NULL,NULL,NULL,NULL),('01070101','移动后付费活跃用户',NULL,NULL,'户',NULL,NULL,NULL,NULL,NULL,NULL,NULL,NULL,NULL,NULL,NULL,NULL),('01070102','移动OCS活跃用户',NULL,NULL,'户',NULL,NULL,NULL,NULL,NULL,NULL,NULL,NULL,NULL,NULL,NULL,NULL),('01070201','固话活跃用户',NULL,NULL,'户',NULL,NULL,NULL,NULL,NULL,NULL,NULL,NULL,NULL,NULL,NULL,NULL),('01070202','宽带活跃用户',NULL,NULL,'户',NULL,NULL,NULL,NULL,NULL,NULL,NULL,NULL,NULL,NULL,NULL,NULL),('01070203','数据专线活跃用户',NULL,NULL,'户',NULL,NULL,NULL,NULL,NULL,NULL,NULL,NULL,NULL,NULL,NULL,NULL),('01070204','固网其他活跃用户',NULL,NULL,'户',NULL,NULL,NULL,NULL,NULL,NULL,NULL,NULL,NULL,NULL,NULL,NULL),('01080101','存量逆价租机用户',NULL,NULL,'户',NULL,NULL,NULL,NULL,NULL,NULL,NULL,NULL,NULL,NULL,NULL,NULL),('01080102','新增逆价租机用户',NULL,NULL,'户',NULL,NULL,NULL,NULL,NULL,NULL,NULL,NULL,NULL,NULL,NULL,NULL),('01080201','新增顺价租机用户',NULL,NULL,'户',NULL,NULL,NULL,NULL,NULL,NULL,NULL,NULL,NULL,NULL,NULL,NULL),('01080202','存量顺价租机用户',NULL,NULL,'户',NULL,NULL,NULL,NULL,NULL,NULL,NULL,NULL,NULL,NULL,NULL,NULL),('02010101','移动语音业务收入',NULL,NULL,'元',NULL,NULL,NULL,NULL,NULL,NULL,NULL,NULL,NULL,NULL,NULL,NULL),('02010102','移动短信业务收入',NULL,NULL,'元',NULL,NULL,NULL,NULL,NULL,NULL,NULL,NULL,NULL,NULL,NULL,NULL),('02010103','移动数据业务收入',NULL,NULL,'元',NULL,NULL,NULL,NULL,NULL,NULL,NULL,NULL,NULL,NULL,NULL,NULL),('02010104','移动增值业务收入',NULL,NULL,'元',NULL,NULL,NULL,NULL,NULL,NULL,NULL,NULL,NULL,NULL,NULL,NULL),('02010105','移动日租收入',NULL,NULL,'元',NULL,NULL,NULL,NULL,NULL,NULL,NULL,NULL,NULL,NULL,NULL,NULL),('02010201','固话业务收入',NULL,NULL,'元',NULL,NULL,NULL,NULL,NULL,NULL,NULL,NULL,NULL,NULL,NULL,NULL),('02010202','宽带业务收入',NULL,NULL,'元',NULL,NULL,NULL,NULL,NULL,NULL,NULL,NULL,NULL,NULL,NULL,NULL),('02010203','数据计费总收入',NULL,NULL,'元',NULL,NULL,NULL,NULL,NULL,NULL,NULL,NULL,NULL,NULL,NULL,NULL),('02010204','固网卡类计费总收入',NULL,NULL,'元',NULL,NULL,NULL,NULL,NULL,NULL,NULL,NULL,NULL,NULL,NULL,NULL),('02010205','固网其他计费总收入',NULL,NULL,'元',NULL,NULL,NULL,NULL,NULL,NULL,NULL,NULL,NULL,NULL,NULL,NULL),('03020101','网内短信条数',NULL,NULL,'条',NULL,NULL,NULL,NULL,NULL,NULL,NULL,NULL,NULL,NULL,NULL,NULL),('03020102','网间短信条数',NULL,NULL,'条',NULL,NULL,NULL,NULL,NULL,NULL,NULL,NULL,NULL,NULL,NULL,NULL),('03040101','固话本地通话计费时长',NULL,NULL,'分钟',NULL,NULL,NULL,NULL,NULL,NULL,NULL,NULL,NULL,NULL,NULL,NULL),('03040102','固话长途通话计费时长',NULL,NULL,'分钟',NULL,NULL,NULL,NULL,NULL,NULL,NULL,NULL,NULL,NULL,NULL,NULL),('0101010101','无线上网卡网上用户',NULL,NULL,'户',NULL,NULL,NULL,NULL,NULL,NULL,NULL,NULL,NULL,NULL,NULL,NULL),('0101010102','非无线上网卡网上用户',NULL,NULL,'户',NULL,NULL,NULL,NULL,NULL,NULL,NULL,NULL,NULL,NULL,NULL,NULL),('0101020201','LAN终端网上用户',NULL,NULL,'户',NULL,NULL,NULL,NULL,NULL,NULL,NULL,NULL,NULL,NULL,NULL,NULL),('0101020202','LAN专线网上用户',NULL,NULL,'户',NULL,NULL,NULL,NULL,NULL,NULL,NULL,NULL,NULL,NULL,NULL,NULL),('0101020203','FTTH/O网上用户',NULL,NULL,'户',NULL,NULL,NULL,NULL,NULL,NULL,NULL,NULL,NULL,NULL,NULL,NULL),('0101020204','DSL网上用户',NULL,NULL,'户',NULL,NULL,NULL,NULL,NULL,NULL,NULL,NULL,NULL,NULL,NULL,NULL),('0101020205','其他网上用户',NULL,NULL,'户',NULL,NULL,NULL,NULL,NULL,NULL,NULL,NULL,NULL,NULL,NULL,NULL),('0102010101','无线上网卡新发展用户',NULL,NULL,'户',NULL,NULL,NULL,NULL,NULL,NULL,NULL,NULL,NULL,NULL,NULL,NULL),('0102010102','非无线上网卡新发展用户',NULL,NULL,'户',NULL,NULL,NULL,NULL,NULL,NULL,NULL,NULL,NULL,NULL,NULL,NULL),('0102020201','LAN终端新发展用户',NULL,NULL,'户',NULL,NULL,NULL,NULL,NULL,NULL,NULL,NULL,NULL,NULL,NULL,NULL),('0102020202','LAN专线新发展用户',NULL,NULL,'户',NULL,NULL,NULL,NULL,NULL,NULL,NULL,NULL,NULL,NULL,NULL,NULL),('0102020203','FTTH/O新发展用户',NULL,NULL,'户',NULL,NULL,NULL,NULL,NULL,NULL,NULL,NULL,NULL,NULL,NULL,NULL),('0102020204','DSL新发展用户',NULL,NULL,'户',NULL,NULL,NULL,NULL,NULL,NULL,NULL,NULL,NULL,NULL,NULL,NULL),('0102020205','其他新发展用户',NULL,NULL,'户',NULL,NULL,NULL,NULL,NULL,NULL,NULL,NULL,NULL,NULL,NULL,NULL),('0103010101','无线上网卡回归用户',NULL,NULL,'户',NULL,NULL,NULL,NULL,NULL,NULL,NULL,NULL,NULL,NULL,NULL,NULL),('0103010102','非无线上网卡回归用户',NULL,NULL,'户',NULL,NULL,NULL,NULL,NULL,NULL,NULL,NULL,NULL,NULL,NULL,NULL),('0103020201','LAN终端回归用户',NULL,NULL,'户',NULL,NULL,NULL,NULL,NULL,NULL,NULL,NULL,NULL,NULL,NULL,NULL),('0103020202','LAN专线回归用户',NULL,NULL,'户',NULL,NULL,NULL,NULL,NULL,NULL,NULL,NULL,NULL,NULL,NULL,NULL),('0103020203','FTTH/O回归用户',NULL,NULL,'户',NULL,NULL,NULL,NULL,NULL,NULL,NULL,NULL,NULL,NULL,NULL,NULL),('0103020204','DSL回归用户',NULL,NULL,'户',NULL,NULL,NULL,NULL,NULL,NULL,NULL,NULL,NULL,NULL,NULL,NULL),('0103020205','其他回归用户',NULL,NULL,'户',NULL,NULL,NULL,NULL,NULL,NULL,NULL,NULL,NULL,NULL,NULL,NULL),('0104010101','无线上网卡流失用户',NULL,NULL,'户',NULL,NULL,NULL,NULL,NULL,NULL,NULL,NULL,NULL,NULL,NULL,NULL),('0104010102','非无线上网卡流失用户',NULL,NULL,'户',NULL,NULL,NULL,NULL,NULL,NULL,NULL,NULL,NULL,NULL,NULL,NULL),('0104020201','LAN终端流失用户',NULL,NULL,'户',NULL,NULL,NULL,NULL,NULL,NULL,NULL,NULL,NULL,NULL,NULL,NULL),('0104020202','LAN专线流失用户',NULL,NULL,'户',NULL,NULL,NULL,NULL,NULL,NULL,NULL,NULL,NULL,NULL,NULL,NULL),('0104020203','FTTH/O流失用户',NULL,NULL,'户',NULL,NULL,NULL,NULL,NULL,NULL,NULL,NULL,NULL,NULL,NULL,NULL),('0104020204','DSL流失用户',NULL,NULL,'户',NULL,NULL,NULL,NULL,NULL,NULL,NULL,NULL,NULL,NULL,NULL,NULL),('0104020205','其他流失用户',NULL,NULL,'户',NULL,NULL,NULL,NULL,NULL,NULL,NULL,NULL,NULL,NULL,NULL,NULL),('0105010101','无线上网卡净增用户',NULL,NULL,'户',NULL,NULL,NULL,NULL,NULL,NULL,NULL,NULL,NULL,NULL,NULL,NULL),('0105010102','非无线上网卡净增用户',NULL,NULL,'户',NULL,NULL,NULL,NULL,NULL,NULL,NULL,NULL,NULL,NULL,NULL,NULL),('0105020201','LAN终端净增用户',NULL,NULL,'户',NULL,NULL,NULL,NULL,NULL,NULL,NULL,NULL,NULL,NULL,NULL,NULL),('0105020202','LAN专线净增用户',NULL,NULL,'户',NULL,NULL,NULL,NULL,NULL,NULL,NULL,NULL,NULL,NULL,NULL,NULL),('0105020203','FTTH/O净增用户',NULL,NULL,'户',NULL,NULL,NULL,NULL,NULL,NULL,NULL,NULL,NULL,NULL,NULL,NULL),('0105020204','DSL净增用户',NULL,NULL,'户',NULL,NULL,NULL,NULL,NULL,NULL,NULL,NULL,NULL,NULL,NULL,NULL),('0105020205','其他净增用户',NULL,NULL,'户',NULL,NULL,NULL,NULL,NULL,NULL,NULL,NULL,NULL,NULL,NULL,NULL),('0106010101','无线上网卡拆机用户',NULL,NULL,'户',NULL,NULL,NULL,NULL,NULL,NULL,NULL,NULL,NULL,NULL,NULL,NULL),('0106010102','非无线上网卡拆机用户',NULL,NULL,'户',NULL,NULL,NULL,NULL,NULL,NULL,NULL,NULL,NULL,NULL,NULL,NULL),('0106020201','LAN终端拆机用户',NULL,NULL,'户',NULL,NULL,NULL,NULL,NULL,NULL,NULL,NULL,NULL,NULL,NULL,NULL),('0106020202','LAN专线拆机用户',NULL,NULL,'户',NULL,NULL,NULL,NULL,NULL,NULL,NULL,NULL,NULL,NULL,NULL,NULL),('0106020203','FTTH/O拆机用户',NULL,NULL,'户',NULL,NULL,NULL,NULL,NULL,NULL,NULL,NULL,NULL,NULL,NULL,NULL),('0106020204','DSL拆机用户',NULL,NULL,'户',NULL,NULL,NULL,NULL,NULL,NULL,NULL,NULL,NULL,NULL,NULL,NULL),('0106020205','其他拆机用户',NULL,NULL,'户',NULL,NULL,NULL,NULL,NULL,NULL,NULL,NULL,NULL,NULL,NULL,NULL),('0107010101','无线上网卡活跃用户',NULL,NULL,'户',NULL,NULL,NULL,NULL,NULL,NULL,NULL,NULL,NULL,NULL,NULL,NULL),('0107010102','非无线上网卡活跃用户',NULL,NULL,'户',NULL,NULL,NULL,NULL,NULL,NULL,NULL,NULL,NULL,NULL,NULL,NULL),('0107020201','LAN终端活跃用户',NULL,NULL,'户',NULL,NULL,NULL,NULL,NULL,NULL,NULL,NULL,NULL,NULL,NULL,NULL),('0107020202','LAN专线活跃用户',NULL,NULL,'户',NULL,NULL,NULL,NULL,NULL,NULL,NULL,NULL,NULL,NULL,NULL,NULL),('0107020203','FTTH/O活跃用户',NULL,NULL,'户',NULL,NULL,NULL,NULL,NULL,NULL,NULL,NULL,NULL,NULL,NULL,NULL),('0107020204','DSL活跃用户',NULL,NULL,'户',NULL,NULL,NULL,NULL,NULL,NULL,NULL,NULL,NULL,NULL,NULL,NULL),('0107020205','其他活跃用户',NULL,NULL,'户',NULL,NULL,NULL,NULL,NULL,NULL,NULL,NULL,NULL,NULL,NULL,NULL),('0108010201','办理逆价租机的老用户',NULL,NULL,'户',NULL,NULL,NULL,NULL,NULL,NULL,NULL,NULL,NULL,NULL,NULL,NULL),('0108010202','办理逆价租机的新用户',NULL,NULL,'户',NULL,NULL,NULL,NULL,NULL,NULL,NULL,NULL,NULL,NULL,NULL,NULL),('0108020101','办理顺价租机的老用户',NULL,NULL,'户',NULL,NULL,NULL,NULL,NULL,NULL,NULL,NULL,NULL,NULL,NULL,NULL),('0108020102','办理顺价租机的新用户',NULL,NULL,'户',NULL,NULL,NULL,NULL,NULL,NULL,NULL,NULL,NULL,NULL,NULL,NULL),('0201010101','移动本地通话费收入',NULL,NULL,'元',NULL,NULL,NULL,NULL,NULL,NULL,NULL,NULL,NULL,NULL,NULL,NULL),('0201010102','移动长途通话费收入 ',NULL,NULL,'元',NULL,NULL,NULL,NULL,NULL,NULL,NULL,NULL,NULL,NULL,NULL,NULL),('0201010103','移动漫游通话费收入',NULL,NULL,'元',NULL,NULL,NULL,NULL,NULL,NULL,NULL,NULL,NULL,NULL,NULL,NULL),('0201010201','移动点对点通信费',NULL,NULL,'元',NULL,NULL,NULL,NULL,NULL,NULL,NULL,NULL,NULL,NULL,NULL,NULL),('0201010202','移动SP通信费',NULL,NULL,'元',NULL,NULL,NULL,NULL,NULL,NULL,NULL,NULL,NULL,NULL,NULL,NULL),('0201010301','evdo收入',NULL,NULL,'元',NULL,NULL,NULL,NULL,NULL,NULL,NULL,NULL,NULL,NULL,NULL,NULL),('0201010302','1X收入',NULL,NULL,'元',NULL,NULL,NULL,NULL,NULL,NULL,NULL,NULL,NULL,NULL,NULL,NULL),('0201010303','WLAN收入',NULL,NULL,'元',NULL,NULL,NULL,NULL,NULL,NULL,NULL,NULL,NULL,NULL,NULL,NULL),('0201020101','固话本地通话收入',NULL,NULL,'元',NULL,NULL,NULL,NULL,NULL,NULL,NULL,NULL,NULL,NULL,NULL,NULL),('0201020102','固话长途通话收入',NULL,NULL,'元',NULL,NULL,NULL,NULL,NULL,NULL,NULL,NULL,NULL,NULL,NULL,NULL),('0201020103','固话日租费',NULL,NULL,'元',NULL,NULL,NULL,NULL,NULL,NULL,NULL,NULL,NULL,NULL,NULL,NULL);

/*Table structure for table `e_important_kpi_influence` */

DROP TABLE IF EXISTS `e_important_kpi_influence`;

CREATE TABLE `e_important_kpi_influence` (
  `KPI_CODE` varchar(20) DEFAULT NULL COMMENT '指标编号',
  `USER_ID` varchar(20) DEFAULT NULL COMMENT '用户编号',
  `INFLUENCE_TYPE` varchar(2) DEFAULT NULL COMMENT '关系类型,1系统的，2自定义'
) ENGINE=InnoDB DEFAULT CHARSET=utf8 COMMENT='重点指标关联表 ';

/*Data for the table `e_important_kpi_influence` */

insert  into `e_important_kpi_influence`(`KPI_CODE`,`USER_ID`,`INFLUENCE_TYPE`) values ('0106020201','181','2'),('0106020201','181','2'),('01010102','181','2'),('01010201','181','2'),('01010203','181','2'),('0101020201','181','2'),('0101020203','181','2'),('0101020205','181','2'),('0101020204','181','2'),('0101020202','181','2'),('01010202','181','2'),('01','181','2'),('0101','181','1'),('0102','181','1'),('0103','181','1'),('0104','181','1'),('01010102','181','2'),('01010201','181','2'),('01010203','181','2'),('0101020201','181','2'),('0101020203','181','2'),('0101020205','181','2'),('0101020204','181','2'),('0101020202','181','2'),('01010202','181','2'),('01','181','2'),('0101','181','1'),('0102','181','1'),('0103','181','1'),('0104','181','1');

/*Table structure for table `e_ind_exp` */

DROP TABLE IF EXISTS `e_ind_exp`;

CREATE TABLE `e_ind_exp` (
  `IND_ID` int(20) NOT NULL AUTO_INCREMENT COMMENT '指标编码',
  `IND_NAME` varchar(20) DEFAULT NULL COMMENT '指标名称',
  PRIMARY KEY (`IND_ID`)
) ENGINE=MyISAM AUTO_INCREMENT=259 DEFAULT CHARSET=utf8 COMMENT='指标';

/*Data for the table `e_ind_exp` */

insert  into `e_ind_exp`(`IND_ID`,`IND_NAME`) values (258,'上网用户数1');

/*Table structure for table `e_ind_exp_details` */

DROP TABLE IF EXISTS `e_ind_exp_details`;

CREATE TABLE `e_ind_exp_details` (
  `ID` int(20) NOT NULL AUTO_INCREMENT COMMENT 'ID',
  `IND_ID` varchar(20) DEFAULT NULL COMMENT '指标序号',
  `IND_TYPE_CODE` varchar(20) DEFAULT NULL COMMENT '指标类型编码',
  `BUS_EXP` varchar(2000) DEFAULT NULL COMMENT '业务解释',
  `SKILL_EXP` varchar(2000) DEFAULT NULL COMMENT '技术解释',
  `OTHER_EXP` varchar(2000) DEFAULT NULL COMMENT '其他解释',
  `ORD` varchar(20) DEFAULT NULL COMMENT '排序',
  `DEPARTMENT_CODE` varchar(20) DEFAULT NULL COMMENT '局方提出部门编号',
  `FACTORY_CON` varchar(20) DEFAULT NULL COMMENT '厂家确认人',
  `MAINTE_MAN` varchar(20) DEFAULT NULL COMMENT '维护人',
  `CREATE_MAN` varchar(20) DEFAULT NULL COMMENT '创建人',
  `CREATE_TIME` varchar(20) DEFAULT NULL COMMENT '创建时间',
  `UPDATE_MAN` varchar(20) DEFAULT NULL COMMENT '修改人',
  `UPDATE_TIME` varchar(20) DEFAULT NULL COMMENT '修改时间',
  `IND_CODE` varchar(20) DEFAULT NULL COMMENT '指标编号',
  PRIMARY KEY (`ID`)
) ENGINE=MyISAM AUTO_INCREMENT=260 DEFAULT CHARSET=utf8 COMMENT='指标解释详情';

/*Data for the table `e_ind_exp_details` */

insert  into `e_ind_exp_details`(`ID`,`IND_ID`,`IND_TYPE_CODE`,`BUS_EXP`,`SKILL_EXP`,`OTHER_EXP`,`ORD`,`DEPARTMENT_CODE`,`FACTORY_CON`,`MAINTE_MAN`,`CREATE_MAN`,`CREATE_TIME`,`UPDATE_MAN`,`UPDATE_TIME`,`IND_CODE`) values (259,'258','1','上网用户数1','上网用户数1','上网用户数1','0','2','a1','a1','101','20161214161404','101','20161214161825','257');

/*Table structure for table `e_ind_type` */

DROP TABLE IF EXISTS `e_ind_type`;

CREATE TABLE `e_ind_type` (
  `IND_TYPE_CODE` varchar(20) DEFAULT NULL COMMENT '指标类型编码',
  `IND_TYPE_DESC` varchar(20) DEFAULT NULL COMMENT '指标类型描述'
) ENGINE=InnoDB DEFAULT CHARSET=utf8 COMMENT='指标类型';

/*Data for the table `e_ind_type` */

insert  into `e_ind_type`(`IND_TYPE_CODE`,`IND_TYPE_DESC`) values ('1','用户数'),('2','收入类'),('3','业务量');

/*Table structure for table `e_kpi_constitute` */

DROP TABLE IF EXISTS `e_kpi_constitute`;

CREATE TABLE `e_kpi_constitute` (
  `KPI_CODE` varchar(20) DEFAULT NULL COMMENT '指标编号',
  `PARENT_KPI_CODE` varchar(100) DEFAULT NULL COMMENT '父指标编号',
  `ORD` int(3) DEFAULT NULL COMMENT '排序'
) ENGINE=InnoDB DEFAULT CHARSET=utf8 COMMENT='指标构成表';

/*Data for the table `e_kpi_constitute` */

/*Table structure for table `e_kpi_influence` */

DROP TABLE IF EXISTS `e_kpi_influence`;

CREATE TABLE `e_kpi_influence` (
  `KPI_CODE` varchar(20) DEFAULT NULL COMMENT '指标编号',
  `INFLUENCE_KPI_CODE` varchar(100) DEFAULT NULL COMMENT '影响的指标编号',
  `TYPE` varchar(2) DEFAULT NULL COMMENT '1，影响我的，2我影响的',
  `INFLUENCE_TYPE` varchar(2) DEFAULT NULL COMMENT '关系类型,1系统的，2自定义',
  `USER_ID` varchar(20) DEFAULT NULL
) ENGINE=InnoDB DEFAULT CHARSET=utf8 COMMENT='指标关联表';

/*Data for the table `e_kpi_influence` */

insert  into `e_kpi_influence`(`KPI_CODE`,`INFLUENCE_KPI_CODE`,`TYPE`,`INFLUENCE_TYPE`,`USER_ID`) values ('01010203','01010202','1','1','181'),('01010203','01010204','2','1','181'),('0303','030101','1','2','181'),('01010203','0107020205','1','2','181'),('0303','0201010102','2','2','181'),('0304','0107020205','2','2','181'),('01010203','01010202','1','1','181'),('01010203','01010204','2','1','181'),('0303','030101','1','2','181'),('01010203','0107020205','1','2','181'),('0303','0201010102','2','2','181'),('0304','0107020205','2','2','181'),('0303','030202','1','2','181'),('01010203','03040101','2','2','181'),('01010203','0201010102','2','2','181'),('01010203','030101','2','2','181'),('01010203','0102020204','2','2','181'),('0304','03040101','1','2','181'),('01010203','0101020202','2','2','181'),('0304','0201010201','1','2','181'),('0303','030202','1','2','181'),('01010203','03040101','2','2','181'),('01010203','0201010102','2','2','181'),('01010203','030101','2','2','181'),('01010203','0102020204','2','2','181'),('0304','03040101','1','2','181'),('01010203','0101020202','2','2','181'),('0304','0201010201','1','2','181'),('01010203','01010202','1','1','181'),('01010203','01010204','2','1','181'),('0303','030101','1','2','181'),('01010203','0107020205','1','2','181'),('0303','0201010102','2','2','181'),('0304','0107020205','2','2','181'),('01010203','01010202','1','1','181'),('01010203','01010204','2','1','181'),('0303','030101','1','2','181'),('01010203','0107020205','1','2','181'),('0303','0201010102','2','2','181'),('0304','0107020205','2','2','181'),('0303','030202','1','2','181'),('01010203','03040101','2','2','181'),('01010203','0201010102','2','2','181'),('01010203','030101','2','2','181'),('01010203','0102020204','2','2','181'),('0304','03040101','1','2','181'),('01010203','0101020202','2','2','181'),('0304','0201010201','1','2','181'),('0303','030202','1','2','181'),('01010203','03040101','2','2','181'),('01010203','0201010102','2','2','181'),('01010203','030101','2','2','181'),('01010203','0102020204','2','2','181'),('0304','03040101','1','2','181'),('01010203','0101020202','2','2','181'),('0304','0201010201','1','2','181');

/*Table structure for table `e_log_online_user` */

DROP TABLE IF EXISTS `e_log_online_user`;

CREATE TABLE `e_log_online_user` (
  `SESSION_ID` varchar(200) DEFAULT NULL COMMENT 'session ID',
  `LOGIN_ID` varchar(30) DEFAULT NULL COMMENT '登录ID',
  `LOGIN_DATE` varchar(20) DEFAULT NULL COMMENT '登录时间',
  `ACTIVATE_DATE` varchar(20) DEFAULT NULL COMMENT '最后访问时间',
  `LOGOUT_DATE` varchar(20) DEFAULT NULL COMMENT '登出时间'
) ENGINE=InnoDB DEFAULT CHARSET=utf8;

/*Data for the table `e_log_online_user` */

/*Table structure for table `e_login_log` */

DROP TABLE IF EXISTS `e_login_log`;

CREATE TABLE `e_login_log` (
  `SESSION_ID` varchar(100) DEFAULT NULL COMMENT '会话ID',
  `STATE` int(1) DEFAULT NULL COMMENT '状态,0：活动，1：非活动',
  `USER_ID` varchar(30) DEFAULT NULL COMMENT '用户ID',
  `CLIENT_IP` varchar(50) DEFAULT NULL COMMENT '用户客户端IP',
  `LOGIN_DATE` varchar(20) DEFAULT NULL COMMENT '登录时间',
  `LOGOUT_DATE` varchar(20) DEFAULT NULL COMMENT '登出时间',
  `CLIENT_BROWSOR` varchar(1000) DEFAULT NULL COMMENT '用户客户端浏览器'
) ENGINE=InnoDB DEFAULT CHARSET=utf8 COMMENT='登录日志';

/*Data for the table `e_login_log` */

insert  into `e_login_log`(`SESSION_ID`,`STATE`,`USER_ID`,`CLIENT_IP`,`LOGIN_DATE`,`LOGOUT_DATE`,`CLIENT_BROWSOR`) values ('572FA04F0F2DEAE116DE32D1A62B6E1E',0,'101','127.0.0.1','2016-11-17','2016-11-17','Mozilla/5.0 (Windows NT 10.0; WOW64) AppleWebKit/537.36 (KHTML, like Gecko) Chrome/51.0.2704.106 Safari/537.36'),('96EBB278EFA0318F1D3877EBAFAE0FCB',0,'101','127.0.0.1','20161214121807','','Mozilla/5.0 (Macintosh; Intel Mac OS X 10_10_5) AppleWebKit/537.36 (KHTML, like Gecko) Chrome/54.0.2840.71 Safari/537.36'),('4BEDB0B3493B3D84608A7E98615E5EEC',0,'101','127.0.0.1','20161214123718','','Mozilla/5.0 (Macintosh; Intel Mac OS X 10_10_5) AppleWebKit/537.36 (KHTML, like Gecko) Chrome/54.0.2840.71 Safari/537.36'),('A78184C1EE7BAC13EC5DF68443E938EF',0,'101','127.0.0.1','20161214135902','','Mozilla/5.0 (Macintosh; Intel Mac OS X 10_10_5) AppleWebKit/537.36 (KHTML, like Gecko) Chrome/54.0.2840.71 Safari/537.36'),('CDA6B6841FE582DF31569A321708B849',0,'101','127.0.0.1','20161215090935','','Mozilla/5.0 (Macintosh; Intel Mac OS X 10_10_5) AppleWebKit/537.36 (KHTML, like Gecko) Chrome/54.0.2840.71 Safari/537.36'),('CDA6B6841FE582DF31569A321708B849',0,'101','127.0.0.1','20161215091134','','Mozilla/5.0 (Macintosh; Intel Mac OS X 10_10_5) AppleWebKit/537.36 (KHTML, like Gecko) Chrome/54.0.2840.71 Safari/537.36'),('F12D4812194935B2144E22CC090B41A1',0,'101','127.0.0.1','20161215091713','','Mozilla/5.0 (Macintosh; Intel Mac OS X 10_10_5) AppleWebKit/537.36 (KHTML, like Gecko) Chrome/54.0.2840.71 Safari/537.36');

/*Table structure for table `e_menu` */

DROP TABLE IF EXISTS `e_menu`;

CREATE TABLE `e_menu` (
  `RESOURCES_ID` varchar(30) NOT NULL COMMENT '菜单编码',
  `RESOURCES_NAME` varchar(30) DEFAULT NULL COMMENT '菜单名称',
  `RESOURCES_TYPE` varchar(50) DEFAULT NULL COMMENT '菜单类型',
  `PARENT_ID` varchar(30) DEFAULT NULL COMMENT '上级菜单编码',
  `URL` varchar(500) DEFAULT NULL COMMENT '菜单地址',
  `EXT1` varchar(500) DEFAULT NULL COMMENT '扩展字段1',
  `EXT2` varchar(500) DEFAULT NULL COMMENT '扩展字段1',
  `EXT3` varchar(500) DEFAULT NULL COMMENT '扩展字段1',
  `EXT4` varchar(500) DEFAULT NULL COMMENT '扩展字段1',
  `MEMO` varchar(500) DEFAULT NULL COMMENT '注释',
  `ORD` int(11) DEFAULT NULL COMMENT '排序',
  `ATTACHMENT` varchar(500) DEFAULT NULL COMMENT '附件地址',
  `RESOURCE_STATE` char(1) DEFAULT NULL COMMENT '菜单状态，1：数据开发中，2：程序开发中，3：正式（默认）',
  PRIMARY KEY (`RESOURCES_ID`)
) ENGINE=MyISAM AUTO_INCREMENT=3215 DEFAULT CHARSET=utf8;

/*Data for the table `e_menu` */

insert  into `e_menu`(`RESOURCES_ID`,`RESOURCES_NAME`,`RESOURCES_TYPE`,`PARENT_ID`,`URL`,`EXT1`,`EXT2`,`EXT3`,`EXT4`,`MEMO`,`ORD`,`ATTACHMENT`,`RESOURCE_STATE`) values ('3141','菜单下用户与角色查看','1','1262','pages/frame/portal/menu/MenuUserManager.jsp','chen_efw','','','','',15,NULL,'3'),('3190','报表管理_企业账号','1','3187','pages/xbuilder/pagemanager/ReportManagerAccount.jsp','chen_efw','','','','',3,'','3'),('3191','公式管理','1','3187','pages/xbuilder/formulate/formulate.jsp','chen_efw','','','','',4,'','3'),('3192','数据源授权管理','1','3187','pages/xbuilder/dataset/AuthorizeManager.jsp','chen_efw','','','','',5,'','3'),('3193','XBuilder指标使用情况','1','3187','pages/xbuilder/meta/xmeta.jsp','chen_efw','','','','',6,'','3'),('3194','全局数据集管理','1','3187','pages/xbuilder/dataset/GlobalDataSetManager.jsp','chen_efw','','','','',7,'','3'),('3195','字段描述管理','1','3187','pages/xbuilder/dataset/ExtTableRemarksManager.jsp','chen_efw','','','','',8,'','3'),('3196','集群文件同步','1','3187','pages/xbuilder/pagemanager/SyncJspPage.jsp','chen_efw','','','','',9,'','3'),('3197','集群文件同步日志','1','3187','pages/xbuilder/pagemanager/SyncJspLog.jsp','chen_efw','','','','',10,'','3'),('2322','用户登录排名','1','68','pages/frame/log/userLoginRankList.jsp','-1',NULL,NULL,NULL,NULL,5,NULL,'3'),('1283','子系统管理','1','1262','pages/frame/portal/subsystem/SubsystemManager.jsp','chen_efw','','','','',10,NULL,'3'),('1268','扩展属性管理','1','1262','pages/frame/portal/user/ext/ExtManager.jsp',NULL,NULL,NULL,NULL,NULL,1,NULL,'3'),('3198','导出中心','1','3187','pages/frame/download/exportInfo.jsp','chen_efw','','','','',11,'','3'),('3188','报表管理','1','3187','pages/xbuilder/pagemanager/ReportManager.jsp','chen_efw','','','','',1,'','3'),('3187','XBuilder管理','1','0','','chen_efw','','','','',3,'','3'),('3189','模板管理','1','3187','pages/xbuilder/pagemanager/dimension/dimManager.jsp','chen_efw','','','','',2,'','3'),('70','指标解释管理','1','1262','pages/frame/ind/ind_exp.jsp',NULL,NULL,NULL,NULL,NULL,7,NULL,NULL),('72','访问日志','1','68','pages/frame/log/visitLogList.jsp',NULL,NULL,NULL,NULL,NULL,2,NULL,NULL),('69','登陆日志','1','68','pages/frame/log/loginLogList.jsp',NULL,NULL,NULL,NULL,NULL,1,NULL,NULL),('68','日志管理','1','1262',NULL,NULL,NULL,NULL,NULL,NULL,8,NULL,NULL),('66','发布指标解释','1','1262','pages/frame/menuind/menuindManager.jsp',NULL,NULL,NULL,NULL,NULL,6,NULL,NULL),('71','公告管理','1','1262','pages/frame/notice/NoticeManager.jsp',NULL,NULL,NULL,NULL,NULL,4,NULL,NULL),('81','操作日志','1','68','pages/frame/log/operationLogList.jsp',NULL,NULL,NULL,NULL,NULL,3,NULL,NULL),('581','菜单访问排名','1','68','pages/frame/log/menuLogList.jsp',NULL,NULL,NULL,NULL,NULL,4,NULL,NULL),('1269','用户管理','1','1262','pages/frame/portal/user/UserManager.jsp','chen_efw',NULL,NULL,NULL,NULL,1,NULL,'3'),('1264','角色维护','1','1262','pages/frame/portal/role/RoleManager.jsp','chen_efw',NULL,NULL,NULL,NULL,1,NULL,'3'),('1263','菜单维护','1','1262','pages/frame/portal/menu/menuManager.jsp','chen_efw',NULL,NULL,NULL,NULL,1,NULL,'3'),('1262','安全管理','1','0','','chen_efw','','','','',100,NULL,'3'),('3167','企业账号管理','1','1262','pages/frame/portal/account/accountManager.jsp','chen_efw','','','','',80,'','3'),('3201','我的报表','1','0','','chen_efw','','','','',0,'','3'),('17','基础表格','1','3201','pages/xbuilder/usepage/formal/58b4c559b90c47f994d05cb2ae621220/formal_58b4c559b90c47f994d05cb2ae621220.jsp','','','','','asdfas',1,NULL,'3'),('3202','指标库','1','0','','003','','','','',11,'','3'),('3203','指标库管理','1','3202','pages/kpi/kpiManager/newKpiManager.jsp?managerFlag=manager','003','','','','',11,'','3'),('3204','数据魔方','1','3202','pages/kpi/cube/CubeManager.jsp','chen_efw','','','','',1,'','3'),('3205','维度管理','1','3202','pages/kpi/basedim/dimManager.jsp','chen_efw','','','','',1,'','3'),('3206','我的指标管理','1','3202','pages/kpi/mykpi/myKpi.jsp','chen_efw','','','','',1,'','3'),('3207','技术审核','1','3202','pages/kpi/kpiManager/kpiAuditTechnical .jsp','chen_efw','','','','',1,'','3'),('0','菜单管理','1','-1',NULL,NULL,NULL,NULL,NULL,NULL,0,NULL,NULL),('19','asdfasdf','1','3201','asfdasdf','','','afsdf','','asdf',1,'','3'),('20','扩展数据源管理','1','1262','pages/frame/datasource/datasourceManager.jsp','','','','','',1,'','3');

/*Table structure for table `e_menu_ind` */

DROP TABLE IF EXISTS `e_menu_ind`;

CREATE TABLE `e_menu_ind` (
  `ID` int(20) NOT NULL AUTO_INCREMENT COMMENT 'ID',
  `RESOURCES_ID` varchar(30) DEFAULT NULL COMMENT '菜单编码',
  `IND_ID` varchar(20) DEFAULT NULL COMMENT '指标编码',
  PRIMARY KEY (`ID`)
) ENGINE=MyISAM AUTO_INCREMENT=271 DEFAULT CHARSET=utf8 COMMENT='页面指标';

/*Data for the table `e_menu_ind` */

insert  into `e_menu_ind`(`ID`,`RESOURCES_ID`,`IND_ID`) values (37,'81','81'),(50,'82','84'),(48,'82','81'),(44,'62','81'),(61,'61','81'),(34,'70','81'),(47,'62','84'),(181,'64','84'),(121,'232','81'),(101,'121','81'),(141,'64','81'),(161,'374','81'),(201,'162','121'),(221,'64','121'),(222,'769','81'),(241,'808','81'),(242,'761','81'),(62,'61','84'),(255,'1269',' 8'),(264,'71','153'),(249,'1268',' 11'),(266,'1262','220'),(256,'1269',' 14'),(269,'1262','243'),(268,'1263','220'),(270,'11','251');

/*Table structure for table `e_operate_type` */

DROP TABLE IF EXISTS `e_operate_type`;

CREATE TABLE `e_operate_type` (
  `OPERATE_TYPE_CODE` varchar(30) DEFAULT NULL COMMENT '操作类型编号',
  `OPERATE_TYPE_DESC` varchar(100) DEFAULT NULL COMMENT '操作类型描述',
  `ORD` int(11) DEFAULT NULL COMMENT '排序'
) ENGINE=InnoDB DEFAULT CHARSET=utf8 COMMENT='操作类型码表';

/*Data for the table `e_operate_type` */

insert  into `e_operate_type`(`OPERATE_TYPE_CODE`,`OPERATE_TYPE_DESC`,`ORD`) values ('1','查询',1),('2','新增',2),('3','修改',3),('4','删除',4),('5','下载',5),('6','创建报表',6),('7','预览报表',7),('8','保存报表',8),('9','编辑报表',9);

/*Table structure for table `e_operation_log` */

DROP TABLE IF EXISTS `e_operation_log`;

CREATE TABLE `e_operation_log` (
  `USER_ID` varchar(30) DEFAULT NULL COMMENT '登录ID',
  `MENU_ID` varchar(40) DEFAULT NULL COMMENT '菜单编号',
  `OPERATE_TYPE_CODE` varchar(30) DEFAULT NULL COMMENT '操作类型',
  `OPERATE_RESULT` varchar(100) DEFAULT NULL COMMENT '操作结果',
  `CONTENT` varchar(4000) DEFAULT NULL COMMENT '操作内容',
  `CLIENT_IP` varchar(100) DEFAULT NULL COMMENT 'IP地址',
  `CREATE_DATE` varchar(20) NOT NULL COMMENT '创建时间'
) ENGINE=InnoDB DEFAULT CHARSET=utf8 COMMENT='交互性操作日志';

/*Data for the table `e_operation_log` */

insert  into `e_operation_log`(`USER_ID`,`MENU_ID`,`OPERATE_TYPE_CODE`,`OPERATE_RESULT`,`CONTENT`,`CLIENT_IP`,`CREATE_DATE`) values ('101','70','4','0','指标解释管理>>删除指标','127.0.0.1','20161214160537'),('101','70','4','0','指标解释管理>>删除指标','127.0.0.1','20161214160549'),('101','70','3','2','指标解释管理>>修改指标','127.0.0.1','20161214160610'),('101','70','2','2','指标解释管理>>新增指标','127.0.0.1','20161214161404'),('101','70','3','2','指标解释管理>>修改指标','127.0.0.1','20161214161825'),('101','1269','3','5','修改用户 管理员（admin）','127.0.0.1','20161214163259'),('101','3141','4','1','用户　测试1(ceshi) 添加角色　430(test)','127.0.0.1','20161215091452'),('101','1263','2','1','添加菜单 扩展数据源管理','127.0.0.1','20161215091550');

/*Table structure for table `e_post` */

DROP TABLE IF EXISTS `e_post`;

CREATE TABLE `e_post` (
  `POST_ID` int(30) NOT NULL AUTO_INCREMENT COMMENT '公告ID',
  `POST_TITLE` varchar(100) DEFAULT NULL COMMENT '公告标题',
  `ISSUE_DATE` varchar(20) DEFAULT NULL COMMENT '发布时间',
  `BEGIN_DATE` varchar(20) DEFAULT NULL COMMENT '开始时间',
  `END_DATE` varchar(20) DEFAULT NULL COMMENT '结束时间',
  `POST_STATE` int(3) DEFAULT NULL COMMENT '公告状态:1已发布,0未发布',
  `POST_CONTENT` text COMMENT '公告内容',
  `UPDATE_DATE` varchar(20) DEFAULT NULL COMMENT '操作修改时间',
  `USER_ID` varchar(30) DEFAULT NULL COMMENT '操作人编号',
  PRIMARY KEY (`POST_ID`)
) ENGINE=InnoDB AUTO_INCREMENT=324 DEFAULT CHARSET=utf8 COMMENT='系统公告';

/*Data for the table `e_post` */

insert  into `e_post`(`POST_ID`,`POST_TITLE`,`ISSUE_DATE`,`BEGIN_DATE`,`END_DATE`,`POST_STATE`,`POST_CONTENT`,`UPDATE_DATE`,`USER_ID`) values (2,'2016年年底报销通知','20161214','20161214','20161230',1,'2016年年底报销通知','20161214','101'),(317,'hhhh','20151031','20151031','20151031',0,'hhhhh333','20161214','101'),(318,'3333','20151031','20151031','20151031',1,'ssdfdsf','20161214','101'),(319,'2222','20151031','20151031','20151031',1,'t6666','20161214','101'),(320,'测试','20151031','20151031','20161214',1,'在终身大事是<span style=\"color:#ff6666;\">大师大师的</span>','20161214','101'),(321,'llll','2016-10-10','2016-10-10','2016-10-10',1,'<span style=\"font-size:16px;\">asdasdaaaa</span>','2016-10-10','101'),(322,'tttt','20151031','20151031','20151031',1,'hjkhkhjkhjkadsfasdf','20161215','101'),(323,'阿萨萨','2016-10-10','2016-10-10','2016-10-10',1,'lll','2016-10-10','871');

/*Table structure for table `e_post_marked` */

DROP TABLE IF EXISTS `e_post_marked`;

CREATE TABLE `e_post_marked` (
  `POST_ID` varchar(30) DEFAULT NULL COMMENT '公告ID',
  `USER_ID` varchar(30) DEFAULT NULL COMMENT '用户ID'
) ENGINE=InnoDB DEFAULT CHARSET=utf8 COMMENT='公告角色';

/*Data for the table `e_post_marked` */

/*Table structure for table `e_post_role` */

DROP TABLE IF EXISTS `e_post_role`;

CREATE TABLE `e_post_role` (
  `POST_ID` varchar(30) DEFAULT NULL COMMENT '公告ID',
  `ROLE_CODE` varchar(30) DEFAULT NULL COMMENT '角色ID'
) ENGINE=InnoDB DEFAULT CHARSET=utf8 COMMENT='公告角色';

/*Data for the table `e_post_role` */

insert  into `e_post_role`(`POST_ID`,`ROLE_CODE`) values ('321','270'),('321','280'),('321','290'),('317','240'),('317','250'),('323','0'),('323','220'),('323','230'),('323','240'),('323','250'),('323','260'),('323','270'),('323','280'),('323','290'),('317','240'),('317','250'),('318','220'),('318','230'),('318','240'),('319','220'),('319','230'),('319','240'),('320','220'),('320','230'),('320','240'),('2','220'),('2','230'),('322','0'),('322','220'),('322','230'),('322','240'),('322','250'),('322','260'),('322','270'),('322','280'),('322','290');

/*Table structure for table `e_predict_day` */

DROP TABLE IF EXISTS `e_predict_day`;

CREATE TABLE `e_predict_day` (
  `ACCT_DAY` varchar(8) DEFAULT NULL COMMENT '账期',
  `AREA_NO` varchar(8) DEFAULT NULL COMMENT '地市',
  `CITY_NO` varchar(8) DEFAULT NULL COMMENT '区县',
  `TOWN_NO` varchar(8) DEFAULT NULL COMMENT '乡镇',
  `SUBSTATION_NO` varchar(8) DEFAULT NULL COMMENT '支局',
  `CHANNEL_ID` varchar(10) DEFAULT NULL COMMENT '渠道',
  `KPI_ID` varchar(10) DEFAULT NULL COMMENT '指标ID',
  `KPI_VALUE` int(11) DEFAULT NULL COMMENT '指标值',
  `KPI_VALUE_LD` int(11) DEFAULT NULL COMMENT '指标昨日值',
  `KPI_VALUE_LM` int(11) DEFAULT NULL COMMENT '指标上月同期值'
) ENGINE=InnoDB DEFAULT CHARSET=utf8 COMMENT='预测数据表';

/*Data for the table `e_predict_day` */

insert  into `e_predict_day`(`ACCT_DAY`,`AREA_NO`,`CITY_NO`,`TOWN_NO`,`SUBSTATION_NO`,`CHANNEL_ID`,`KPI_ID`,`KPI_VALUE`,`KPI_VALUE_LD`,`KPI_VALUE_LM`) values ('20140106','431',NULL,NULL,NULL,NULL,'030301',70,60,50),('20140107','431',NULL,NULL,NULL,NULL,'030301',78,68,75),('20140106','431',NULL,NULL,NULL,NULL,'030301',70,60,50),('20140107','431',NULL,NULL,NULL,NULL,'030301',78,68,75);

/*Table structure for table `e_resources_type` */

DROP TABLE IF EXISTS `e_resources_type`;

CREATE TABLE `e_resources_type` (
  `RESOURCES_TYPE_ID` int(19) DEFAULT NULL COMMENT '资源类型编码',
  `RESOURCES_TYPE_NAME` varchar(30) DEFAULT NULL COMMENT '资源类型名称',
  `ORD` int(10) DEFAULT NULL COMMENT '排序'
) ENGINE=InnoDB DEFAULT CHARSET=utf8 COMMENT='系统资源类型';

/*Data for the table `e_resources_type` */

insert  into `e_resources_type`(`RESOURCES_TYPE_ID`,`RESOURCES_TYPE_NAME`,`ORD`) values (1,'系统菜单',1),(2,'选项卡菜单',2),(3,'页面链接',3),(4,'页面按钮',4),(5,'服务',5),(6,'portlet',6),(99,'其它',99),(1,'系统菜单',1),(2,'选项卡菜单',2),(3,'页面链接',3),(4,'页面按钮',4),(5,'服务',5),(6,'portlet',6),(99,'其它',99),(1,'系统菜单',1),(2,'选项卡菜单',2),(3,'页面链接',3),(4,'页面按钮',4),(5,'服务',5),(6,'portlet',6),(99,'其它',99),(1,'系统菜单',1),(2,'选项卡菜单',2),(3,'页面链接',3),(4,'页面按钮',4),(5,'服务',5),(6,'portlet',6),(99,'其它',99);

/*Table structure for table `e_role` */

DROP TABLE IF EXISTS `e_role`;

CREATE TABLE `e_role` (
  `ROLE_CODE` varchar(30) DEFAULT NULL,
  `PARENT_CODE` varchar(30) DEFAULT NULL,
  `ROLE_NAME` varchar(50) DEFAULT NULL,
  `MEMO` varchar(500) DEFAULT NULL,
  `ORD` int(11) DEFAULT NULL,
  `SUBSYSTEM_ID` varchar(30) DEFAULT NULL,
  `CREATED_USER` varchar(50) DEFAULT NULL,
  `CREATED_DATE` varchar(20) DEFAULT NULL,
  `MODIFIED_USER` varchar(50) DEFAULT NULL,
  `MODIFIED_DATE` varchar(20) DEFAULT NULL
) ENGINE=InnoDB DEFAULT CHARSET=utf8;

/*Data for the table `e_role` */

insert  into `e_role`(`ROLE_CODE`,`PARENT_CODE`,`ROLE_NAME`,`MEMO`,`ORD`,`SUBSYSTEM_ID`,`CREATED_USER`,`CREATED_DATE`,`MODIFIED_USER`,`MODIFIED_DATE`) values ('0','-1','root','',0,NULL,NULL,NULL,NULL,NULL),('220','0','集团管理员','',1,'-1','101','2016-10-10',NULL,NULL),('230','220','省分管理员','',1,'-1','101','2016-10-10',NULL,NULL),('240','230','地市管理员','',1,'-1','101','2016-10-10',NULL,NULL),('250','240','县区管理员','',1,'-1','101','2016-10-10',NULL,NULL),('260','0','集团领导','',1,'-1','101','2016-10-10','101','2016-10-10'),('270','260','省分领导','',1,'-1','101','2016-10-10',NULL,NULL),('280','270','地市领导','',1,'-1','101','2016-10-10',NULL,NULL),('290','280','县区领导','',1,'-1','101','2016-10-10',NULL,NULL),('340','0','于洋','于洋',4,'003','101','2016-10-10',NULL,NULL),('350','220','地市','地市',1,'-1','871','2016-10-11','101','20161214144835'),('430','220','test','tset',1,'-1','101','20161214151136',NULL,NULL);

/*Table structure for table `e_role_permission` */

DROP TABLE IF EXISTS `e_role_permission`;

CREATE TABLE `e_role_permission` (
  `ROLE_CODE` varchar(30) DEFAULT NULL,
  `MENU_ID` varchar(30) DEFAULT NULL,
  `AUTH_CREATE` int(3) DEFAULT NULL,
  `AUTH_READ` int(3) DEFAULT NULL,
  `AUTH_UPDATE` int(3) DEFAULT NULL,
  `AUTH_DELETE` int(3) DEFAULT NULL,
  `AUTH_EXPORT` int(3) DEFAULT NULL,
  `AUTH_ISSUED` int(3) DEFAULT NULL
) ENGINE=MyISAM DEFAULT CHARSET=utf8;

/*Data for the table `e_role_permission` */

insert  into `e_role_permission`(`ROLE_CODE`,`MENU_ID`,`AUTH_CREATE`,`AUTH_READ`,`AUTH_UPDATE`,`AUTH_DELETE`,`AUTH_EXPORT`,`AUTH_ISSUED`) values ('508','3165',0,0,0,0,0,NULL),('508','3166',0,0,0,0,0,NULL),('508','0',0,1,0,0,0,NULL),('508','2801',0,0,0,0,0,NULL),('508','2421',0,0,0,0,0,NULL),('508','2381',0,0,0,0,0,NULL),('508','2461',0,0,0,0,0,NULL),('508','2481',0,0,0,0,0,NULL),('508','684',0,0,0,0,0,NULL),('508','232',0,0,0,0,0,NULL),('508','121',0,0,0,0,0,NULL),('508','683',0,0,0,0,0,NULL),('508','685',0,0,0,0,0,NULL),('508','374',0,0,0,0,0,NULL),('508','181',0,0,0,0,0,NULL),('508','809',0,0,0,0,0,NULL),('508','823',0,0,0,0,0,NULL),('508','808',0,0,0,0,0,NULL),('508','822',0,0,0,0,0,NULL),('508','2441',0,0,0,0,0,NULL),('508','2442',0,0,0,0,0,NULL),('508','2501',0,0,0,0,0,NULL),('508','2502',0,0,0,0,0,NULL),('508','2503',0,0,0,0,0,NULL),('508','2581',0,0,0,0,0,NULL),('508','2621',0,0,0,0,0,NULL),('508','2622',0,0,0,0,0,NULL),('508','2641',0,0,0,0,0,NULL),('508','2441',0,0,0,0,0,NULL),('508','2442',0,0,0,0,0,NULL),('508','2501',0,0,0,0,0,NULL),('508','2502',0,0,0,0,0,NULL),('508','2503',0,0,0,0,0,NULL),('508','2581',0,0,0,0,0,NULL),('508','2621',0,0,0,0,0,NULL),('508','2622',0,0,0,0,0,NULL),('508','2641',0,0,0,0,0,NULL),('508','2801',0,0,0,0,0,NULL),('508','2421',0,0,0,0,0,NULL),('508','2381',0,0,0,0,0,NULL),('508','2461',0,0,0,0,0,NULL),('508','2481',0,0,0,0,0,NULL),('508','684',0,0,0,0,0,NULL),('508','232',0,0,0,0,0,NULL),('508','121',0,0,0,0,0,NULL),('508','683',0,0,0,0,0,NULL),('508','685',0,0,0,0,0,NULL),('508','374',0,0,0,0,0,NULL),('508','181',0,0,0,0,0,NULL),('508','809',0,0,0,0,0,NULL),('508','823',0,0,0,0,0,NULL),('508','808',0,0,0,0,0,NULL),('508','822',0,0,0,0,0,NULL),('508','3166',0,0,0,0,0,NULL),('508','3165',0,0,0,0,0,NULL),('508','3166',0,0,0,0,0,NULL),('508','3141',0,1,0,0,0,NULL),('508','2322',0,1,0,0,0,NULL),('508','824',0,1,0,0,0,NULL),('508','1261',0,1,0,0,0,NULL),('508','1283',0,1,0,0,0,NULL),('508','1268',0,1,0,0,0,NULL),('508','1241',0,1,0,0,0,NULL),('508','1162',0,1,0,0,0,NULL),('508','682',0,1,0,0,0,NULL),('508','70',0,1,0,0,0,NULL),('508','72',0,1,0,0,0,NULL),('508','69',0,1,0,0,0,NULL),('508','68',0,1,0,0,0,NULL),('508','66',0,1,0,0,0,NULL),('508','71',0,1,0,0,0,NULL),('508','687',0,1,0,0,0,NULL),('508','81',0,1,0,0,0,NULL),('508','581',0,1,0,0,0,NULL),('508','1269',0,1,0,0,0,NULL),('508','1264',0,1,0,0,0,NULL),('508','1263',0,1,0,0,0,NULL),('508','1262',0,1,0,0,0,NULL),('508','2583',0,1,0,0,0,NULL),('508','1161',0,1,0,0,0,NULL),('508','3167',0,1,0,0,0,NULL),('230','1262',1,1,0,0,0,1),('230','0',1,1,0,0,0,1),('230','1268',1,1,0,0,0,0),('340','3176',0,0,0,0,0,0),('340','581',1,1,1,1,1,1),('290','69',0,0,0,0,0,0),('290','0',1,1,0,0,0,0),('290','68',0,0,0,0,0,0),('290','66',0,0,0,0,0,0),('504','1262',0,1,0,0,1,0),('504','1268',0,1,0,0,1,0),('504','0',0,1,0,0,1,0),('340','3141',1,1,1,1,1,1),('340','66',1,1,1,1,1,1),('240','3141',0,0,0,0,0,0),('240','0',0,1,1,1,0,0),('240','2322',0,0,0,0,0,0),('290','3141',0,0,0,0,0,0),('240','1283',0,0,0,0,0,0),('340','1262',1,1,1,1,1,1),('240','70',0,0,0,0,0,0),('240','72',0,0,0,0,0,0),('240','69',0,0,0,0,0,0),('240','68',0,0,0,0,0,0),('240','66',0,0,0,0,0,0),('340','68',1,1,1,1,1,1),('240','81',0,0,0,0,0,0),('240','581',0,0,0,0,0,0),('340','68',1,1,1,1,1,1),('340','3167',1,1,1,1,1,1),('240','1262',0,1,1,1,0,0),('290','2322',0,0,0,0,0,0),('240','3141',0,0,0,0,0,0),('240','0',0,1,1,1,0,0),('240','2322',0,0,0,0,0,0),('240','1283',0,0,0,0,0,0),('250','68',0,0,0,0,0,0),('240','70',0,0,0,0,0,0),('240','72',0,0,0,0,0,0),('290','1283',0,0,0,0,0,0),('240','69',0,0,0,0,0,0),('240','68',0,0,0,0,0,0),('240','66',0,0,0,0,0,0),('340','69',1,1,1,1,1,1),('240','81',0,0,0,0,0,0),('240','581',0,0,0,0,0,0),('250','3141',0,0,0,0,0,0),('340','3176',0,0,0,0,0,0),('340','1262',1,1,1,1,1,1),('240','1262',0,1,1,1,0,0),('240','3167',0,0,0,0,0,0),('340','1268',1,1,1,1,1,1),('340','1283',1,1,1,1,1,1),('340','71',1,1,1,1,1,1),('240','3167',0,0,0,0,0,0),('240','1262',0,1,1,1,0,0),('340','3141',1,1,1,1,1,1),('350','81',1,1,1,0,0,0),('240','581',0,0,0,0,0,0),('240','81',0,0,0,0,0,0),('340','72',1,1,1,1,1,1),('240','66',0,0,0,0,0,0),('240','68',0,0,0,0,0,0),('240','69',0,0,0,0,0,0),('240','72',0,0,0,0,0,0),('240','70',0,0,0,0,0,0),('240','1283',0,0,0,0,0,0),('240','0',0,1,1,1,0,0),('240','3141',0,0,0,0,0,0),('340','0',1,1,1,1,1,1),('240','3167',0,0,0,0,0,0),('240','1262',0,1,1,1,0,0),('340','0',1,1,1,1,1,1),('240','581',0,0,0,0,0,0),('340','1283',1,1,1,1,1,1),('240','66',0,0,0,0,0,0),('240','68',0,0,0,0,0,0),('240','69',0,0,0,0,0,0),('240','72',0,0,0,0,0,0),('240','70',0,0,0,0,0,0),('350','68',1,1,1,0,0,0),('240','1283',0,0,0,0,0,0),('240','2322',0,0,0,0,0,0),('240','3141',0,0,0,0,0,0),('340','3167',1,1,1,1,1,1),('240','3167',0,0,0,0,0,0),('240','1262',0,1,1,1,0,0),('250','0',1,1,1,1,1,1),('0','3176',1,1,1,1,1,NULL),('240','581',0,0,0,0,0,0),('240','81',0,0,0,0,0,0),('340','2322',1,1,1,1,1,1),('240','66',0,0,0,0,0,0),('240','68',0,0,0,0,0,0),('240','69',0,0,0,0,0,0),('240','72',0,0,0,0,0,0),('240','70',0,0,0,0,0,0),('240','1283',0,0,0,0,0,0),('240','2322',0,0,0,0,0,0),('240','0',0,1,1,1,0,0),('240','3141',0,0,0,0,0,0),('240','3167',0,0,0,0,0,0),('240','1262',0,1,1,1,0,0),('340','581',1,1,1,1,1,1),('340','70',1,1,1,1,1,1),('240','581',0,0,0,0,0,0),('240','81',0,0,0,0,0,0),('340','2322',1,1,1,1,1,1),('240','66',0,0,0,0,0,0),('240','68',0,0,0,0,0,0),('240','72',0,0,0,0,0,0),('290','581',0,0,0,0,0,0),('290','81',0,0,0,0,0,0),('290','687',0,0,0,0,0,0),('290','3167',0,0,0,0,0,0),('290','72',0,0,0,0,0,0),('290','1262',1,1,0,0,0,0),('290','70',0,0,0,0,0,0),('340','69',1,1,1,1,1,1),('290','1162',0,0,0,0,0,0),('340','2322',1,1,1,1,1,1),('290','1268',1,1,0,0,0,0),('340','69',1,1,1,1,1,1),('290','1283',0,0,0,0,0,0),('290','581',0,0,0,0,0,0),('290','81',0,0,0,0,0,0),('290','2322',0,0,0,0,0,0),('290','687',0,0,0,0,0,0),('340','81',1,1,1,1,1,1),('290','66',0,0,0,0,0,0),('290','68',0,0,0,0,0,0),('290','69',0,0,0,0,0,0),('290','72',0,0,0,0,0,0),('290','70',0,0,0,0,0,0),('290','1268',1,1,0,0,0,0),('290','1162',0,0,0,0,0,0),('290','3141',0,0,0,0,0,0),('240','70',0,0,0,0,0,0),('340','581',1,1,1,1,1,1),('240','2322',0,0,0,0,0,0),('240','0',0,1,1,1,0,0),('240','3141',0,0,0,0,0,0),('240','3167',0,0,0,0,0,0),('240','1262',0,1,1,1,0,0),('340','81',1,1,1,1,1,1),('240','3176',1,1,1,1,1,NULL),('220','3176',1,1,1,1,1,NULL),('240','581',0,0,0,0,0,0),('240','81',0,0,0,0,0,0),('340','1262',1,1,1,1,1,1),('240','66',0,0,0,0,0,0),('240','68',0,0,0,0,0,0),('240','69',0,0,0,0,0,0),('240','70',0,0,0,0,0,0),('340','81',1,1,1,1,1,1),('240','1283',0,0,0,0,0,0),('240','2322',0,0,0,0,0,0),('240','3141',0,0,0,0,0,0),('240','0',0,1,1,1,0,0),('240','1262',0,1,1,1,0,0),('340','71',1,1,1,1,1,1),('230','3176',1,1,1,1,1,NULL),('340','66',1,1,1,1,1,1),('240','581',0,0,0,0,0,0),('240','81',0,0,0,0,0,0),('340','0',1,1,1,1,1,1),('240','66',0,0,0,0,0,0),('240','68',0,0,0,0,0,0),('240','69',0,0,0,0,0,0),('240','72',0,0,0,0,0,0),('240','70',0,0,0,0,0,0),('240','3141',0,0,0,0,0,0),('240','2322',0,0,0,0,0,0),('240','1283',0,0,0,0,0,0),('0','3176',1,1,1,1,1,NULL),('0','1268',1,1,1,1,1,NULL),('340','1283',1,1,1,1,1,1),('340','3176',0,0,0,0,0,0),('340','68',1,1,1,1,1,1),('240','3167',0,0,0,0,0,0),('240','81',0,0,0,0,0,0),('340','71',1,1,1,1,1,1),('240','1283',0,0,0,0,0,0),('240','3167',0,0,0,0,0,0),('240','2322',0,0,0,0,0,0),('340','70',1,1,1,1,1,1),('240','69',0,0,0,0,0,0),('240','72',0,0,0,0,0,0),('340','66',1,1,1,1,1,1),('290','1262',1,1,0,0,0,0),('290','3167',0,0,0,0,0,0),('280','1262',0,1,0,0,0,1),('280','0',0,1,0,0,0,1),('280','1268',0,1,0,0,0,1),('0','1263',0,1,1,0,0,NULL),('220','1263',1,1,1,1,1,NULL),('340','70',1,1,1,1,1,1),('340','72',1,1,1,1,1,1),('340','72',1,1,1,1,1,1),('340','3141',1,1,1,1,1,1),('340','3167',1,1,1,1,1,1),('340','3141',1,1,1,1,1,1),('340','0',1,1,1,1,1,1),('340','2322',1,1,1,1,1,1),('340','1283',1,1,1,1,1,1),('340','1268',1,1,1,1,1,1),('340','3176',0,0,0,0,0,0),('340','70',1,1,1,1,1,1),('340','72',1,1,1,1,1,1),('340','69',1,1,1,1,1,1),('340','68',1,1,1,1,1,1),('340','66',1,1,1,1,1,1),('340','71',1,1,1,1,1,1),('340','81',1,1,1,1,1,1),('340','581',1,1,1,1,1,1),('350','1283',1,1,0,0,0,0),('250','70',0,0,0,0,0,0),('340','1262',1,1,1,1,1,1),('340','3167',1,1,1,1,1,1),('340','3141',1,1,1,1,1,1),('340','0',1,1,1,1,1,1),('340','2322',1,1,1,1,1,1),('340','1283',1,1,1,1,1,1),('340','1268',1,1,1,1,1,1),('340','3176',0,0,0,0,0,0),('340','70',1,1,1,1,1,1),('340','72',1,1,1,1,1,1),('340','69',1,1,1,1,1,1),('340','68',1,1,1,1,1,1),('340','66',1,1,1,1,1,1),('340','71',1,1,1,1,1,1),('340','81',1,1,1,1,1,1),('340','581',1,1,1,1,1,1),('350','71',1,1,0,0,0,0),('340','1262',1,1,1,1,1,1),('340','3167',1,1,1,1,1,1),('340','3141',1,1,1,1,1,1),('340','0',1,1,1,1,1,1),('340','2322',1,1,1,1,1,1),('340','1283',1,1,1,1,1,1),('340','1268',1,1,1,1,1,1),('340','3176',0,0,0,0,0,0),('340','70',1,1,1,1,1,1),('340','72',1,1,1,1,1,1),('340','69',1,1,1,1,1,1),('340','68',1,1,1,1,1,1),('340','66',1,1,1,1,1,1),('340','71',1,1,1,1,1,1),('340','81',1,1,1,1,1,1),('340','581',1,1,1,1,1,1),('350','69',1,1,1,0,0,0),('270','0',1,1,1,1,1,NULL),('340','1262',1,1,1,1,1,1),('340','3167',1,1,1,1,1,1),('350','2322',1,1,1,0,0,0),('250','3182',1,1,1,1,1,1),('350','72',1,1,1,0,0,0),('270','1262',1,1,1,1,1,NULL),('350','581',1,1,1,0,0,0),('250','1268',0,0,0,0,0,0),('350','72',1,1,1,0,0,0),('350','69',1,1,1,0,0,0),('350','1269',1,1,0,0,0,0),('350','3167',1,1,0,0,0,0),('250','69',0,0,0,0,0,0),('350','70',1,1,0,0,0,0),('350','71',1,1,0,0,0,0),('350','1262',1,1,1,1,0,1),('350','581',1,1,1,0,0,0),('350','81',1,1,1,0,0,0),('350','71',1,1,0,0,0,0),('350','66',1,1,0,0,0,1),('350','3141',1,1,0,0,0,0),('250','1283',0,0,0,0,0,0),('350','81',1,1,1,0,0,0),('350','2322',1,1,1,0,0,0),('250','72',0,0,0,0,0,0),('350','66',1,1,0,0,0,1),('350','1268',1,1,0,0,0,0),('350','66',1,1,0,0,0,1),('350','68',1,1,1,0,0,0),('350','66',1,1,0,0,0,1),('270','1263',1,1,1,1,1,NULL),('350','68',1,1,1,0,0,0),('350','69',1,1,1,0,0,0),('1262','3181',1,1,1,1,1,NULL),('68','3181',1,1,1,1,1,NULL),('72','3181',1,1,1,1,1,NULL),('350','72',1,1,1,0,0,0),('350','70',1,1,0,0,0,0),('350','1268',1,1,0,0,0,0),('350','1283',1,1,0,0,0,0),('350','2322',1,1,1,0,0,0),('350','3141',1,1,0,0,0,0),('350','3167',1,1,0,0,0,0),('350','1262',1,1,1,1,0,1),('350','581',1,1,1,0,0,0),('250','3167',0,0,0,0,0,0),('250','1262',0,0,0,0,0,0),('250','1263',0,0,0,0,0,0),('250','1264',0,0,0,0,0,0),('250','1269',0,0,0,0,0,0),('250','581',0,0,0,0,0,0),('250','81',0,0,0,0,0,0),('250','71',0,0,0,0,0,0),('250','66',0,0,0,0,0,0),('350','1263',1,1,0,0,0,0),('350','1262',1,1,1,1,0,1),('350','0',1,1,1,1,1,1),('350','1264',1,1,0,1,0,0),('220','3180',1,1,1,1,1,NULL),('0','0',1,1,1,1,1,NULL),('220','3179',1,1,1,1,1,NULL),('220','3175',1,1,1,1,1,NULL),('220','0',1,1,1,1,1,NULL),('250','2322',0,0,0,0,0,0),('220','3181',1,1,1,1,1,NULL),('508','4',0,1,0,0,0,NULL),('230','4',1,1,0,0,0,NULL),('290','4',1,1,0,0,0,NULL),('504','4',0,1,0,0,1,NULL),('240','4',0,1,1,1,0,NULL),('240','4',0,1,1,1,0,NULL),('240','4',0,1,1,1,0,NULL),('340','4',1,1,1,1,1,NULL),('340','4',1,1,1,1,1,NULL),('250','4',1,1,1,1,1,NULL),('240','4',0,1,1,1,0,NULL),('240','4',0,1,1,1,0,NULL),('240','4',0,1,1,1,0,NULL),('340','4',1,1,1,1,1,NULL),('280','4',0,1,0,0,0,NULL),('340','4',1,1,1,1,1,NULL),('340','4',1,1,1,1,1,NULL),('340','4',1,1,1,1,1,NULL),('270','4',1,1,1,1,1,NULL),('350','4',1,1,1,1,1,NULL),('0','4',1,1,1,1,1,NULL),('220','4',1,1,1,1,1,NULL),('508','7',0,1,0,0,0,NULL),('230','7',1,1,0,0,0,NULL),('290','7',1,1,0,0,0,NULL),('504','7',0,1,0,0,1,NULL),('240','7',0,1,1,1,0,NULL),('240','7',0,1,1,1,0,NULL),('240','7',0,1,1,1,0,NULL),('340','7',1,1,1,1,1,NULL),('340','7',1,1,1,1,1,NULL),('250','7',1,1,1,1,1,NULL),('240','7',0,1,1,1,0,NULL),('240','7',0,1,1,1,0,NULL),('240','7',0,1,1,1,0,NULL),('340','7',1,1,1,1,1,NULL),('280','7',0,1,0,0,0,NULL),('340','7',1,1,1,1,1,NULL),('340','7',1,1,1,1,1,NULL),('340','7',1,1,1,1,1,NULL),('270','7',1,1,1,1,1,NULL),('350','7',1,1,1,1,1,NULL),('0','7',1,1,1,1,1,NULL),('220','7',1,1,1,1,1,NULL),('350','11',0,1,0,0,1,NULL),('340','11',0,1,0,0,1,NULL),('240','11',0,1,0,0,1,NULL),('250','11',0,1,0,0,1,NULL),('230','11',0,1,0,0,1,NULL),('280','11',0,1,0,0,1,NULL),('0','6',1,1,1,1,1,NULL),('230','6',1,1,1,1,1,NULL),('250','6',1,1,1,1,1,NULL),('270','6',1,1,1,1,1,NULL),('290','6',1,1,1,1,1,NULL),('260','6',1,1,1,1,1,NULL),('260','0',1,1,1,1,1,NULL),('340','6',1,1,1,1,1,NULL),('240','6',1,1,1,1,1,NULL),('220','6',1,1,1,1,1,NULL),('350','6',1,1,1,1,1,NULL),('280','6',1,1,1,1,1,NULL),('0','12',1,1,1,1,1,NULL),('230','12',1,1,1,1,1,NULL),('250','12',1,1,1,1,1,NULL),('270','12',1,1,1,1,1,NULL),('290','12',1,1,1,1,1,NULL),('260','12',1,1,1,1,1,NULL),('340','12',1,1,1,1,1,NULL),('240','12',1,1,1,1,1,NULL),('220','12',1,1,1,1,1,NULL),('350','12',1,1,1,1,1,NULL),('280','12',1,1,1,1,1,NULL),('340','13',1,1,1,1,1,NULL),('340','3201',1,1,1,1,1,NULL),('230','15',0,1,0,0,1,NULL),('290','15',0,1,0,0,1,NULL),('340','16',0,1,0,0,1,NULL),('0','15',0,1,0,0,1,NULL),('340','15',0,1,0,0,1,NULL),('270','15',0,1,0,0,1,NULL),('280','15',0,1,0,0,1,NULL),('260','15',0,1,0,0,1,NULL),('350','15',0,1,0,0,1,NULL),('220','15',0,1,0,0,1,NULL),('240','15',0,1,0,0,1,NULL),('340','17',1,1,1,1,1,NULL),('270','17',0,1,0,0,1,NULL),('350','3202',1,1,1,1,1,1),('350','3203',1,1,1,1,1,1),('350','3204',1,1,1,1,1,1),('350','3205',1,1,1,1,1,1),('350','3206',1,1,1,1,1,1),('350','3207',1,1,1,1,1,1),('430','3141',0,1,0,0,0,0),('430','2322',0,1,0,0,0,0),('430','1283',0,1,0,0,0,0),('430','1268',0,1,0,0,0,0),('430','70',0,1,0,0,0,0),('430','72',0,1,0,0,0,0),('430','69',0,1,0,0,0,0),('430','68',0,1,0,0,0,0),('430','66',0,1,0,0,0,0),('430','71',0,1,0,0,0,0),('430','81',0,1,0,0,0,0),('430','581',0,1,0,0,0,0),('430','1269',0,1,0,0,0,0),('430','1264',0,1,0,0,0,0),('430','1263',0,1,0,0,0,0),('430','1262',0,1,0,0,0,0),('430','3167',0,1,0,0,0,0),('430','0',0,1,0,0,0,0),('430','3202',0,1,0,0,0,0),('430','3203',0,1,0,0,0,0),('430','3204',0,1,0,0,0,0),('430','3205',0,1,0,0,0,0),('430','3206',0,1,0,0,0,0),('430','3207',0,1,0,0,0,0),('430','3190',0,1,0,0,0,0),('430','3191',0,1,0,0,0,0),('430','3192',0,1,0,0,0,0),('430','3193',0,1,0,0,0,0),('430','3194',0,1,0,0,0,0),('430','3195',0,1,0,0,0,0),('430','3196',0,1,0,0,0,0),('430','3197',0,1,0,0,0,0),('430','3198',0,1,0,0,0,0),('430','3188',0,1,0,0,0,0),('430','3187',0,1,0,0,0,0),('430','3189',0,1,0,0,0,0),('0','19',1,1,1,1,1,1),('220','19',1,1,1,1,1,NULL),('220','3201',1,1,1,1,1,NULL),('220','0',1,1,1,1,1,NULL),('230','19',1,1,1,1,1,NULL),('230','3201',1,1,1,1,1,NULL),('230','0',1,1,1,1,1,NULL),('240','19',1,1,1,1,1,NULL),('240','3201',1,1,1,1,1,NULL),('240','0',1,1,1,1,1,NULL),('250','19',1,1,1,1,1,NULL),('250','3201',1,1,1,1,1,NULL),('250','0',1,1,1,1,1,NULL),('260','19',1,1,1,1,1,NULL),('260','3201',1,1,1,1,1,NULL),('260','0',1,1,1,1,1,NULL),('270','19',1,1,1,1,1,NULL),('270','3201',1,1,1,1,1,NULL),('270','0',1,1,1,1,1,NULL),('280','19',1,1,1,1,1,NULL),('280','3201',1,1,1,1,1,NULL),('280','0',1,1,1,1,1,NULL),('220','17',1,1,1,1,1,NULL),('220','3201',1,1,1,1,1,NULL),('220','0',1,1,1,1,1,NULL),('340','3202',1,1,0,0,0,0),('240','3201',1,1,1,1,1,NULL),('240','0',1,1,1,1,1,NULL),('340','3203',1,1,0,0,0,0),('430','3201',1,1,1,1,1,NULL),('430','0',1,1,1,1,1,NULL),('290','17',1,1,1,1,1,NULL),('290','3201',1,1,1,1,1,NULL),('290','0',1,1,1,1,1,NULL),('260','17',1,1,1,1,1,NULL),('260','3201',1,1,1,1,1,NULL),('260','0',1,1,1,1,1,NULL),('250','17',1,1,1,1,1,NULL),('250','3201',1,1,1,1,1,NULL),('250','0',1,1,1,1,1,NULL),('230','17',1,1,1,1,1,NULL),('230','3201',1,1,1,1,1,NULL),('230','0',1,1,1,1,1,NULL),('280','17',1,1,1,1,1,NULL),('280','3201',1,1,1,1,1,NULL),('280','0',1,1,1,1,1,NULL),('350','17',1,1,1,1,1,NULL),('350','3201',1,1,1,1,1,NULL),('350','0',1,1,1,1,1,NULL),('340','3204',1,1,0,0,0,0),('340','3205',1,1,0,0,0,0),('340','3206',1,1,0,0,0,0),('340','3207',1,1,0,0,0,0),('220','1262',1,1,1,1,1,NULL),('220','0',1,1,1,1,1,NULL),('230','1262',1,1,1,1,1,NULL),('230','0',1,1,1,1,1,NULL),('250','1262',1,1,1,1,1,NULL),('250','0',1,1,1,1,1,NULL),('240','1262',1,1,1,1,1,NULL),('240','0',1,1,1,1,1,NULL),('260','1262',1,1,1,1,1,NULL),('260','0',1,1,1,1,1,NULL),('270','1262',1,1,1,1,1,NULL),('270','0',1,1,1,1,1,NULL),('280','1262',1,1,1,1,1,NULL),('280','0',1,1,1,1,1,NULL),('290','1262',1,1,1,1,1,NULL),('290','0',1,1,1,1,1,NULL),('350','1262',1,1,1,1,1,NULL),('350','0',1,1,1,1,1,NULL),('430','1262',1,1,1,1,1,NULL),('430','0',1,1,1,1,1,NULL),('340','1262',1,1,1,1,1,NULL),('340','0',1,1,1,1,1,NULL);

/*Table structure for table `e_user` */

DROP TABLE IF EXISTS `e_user`;

CREATE TABLE `e_user` (
  `USER_ID` int(30) NOT NULL AUTO_INCREMENT COMMENT '用户ID',
  `LOGIN_ID` varchar(30) NOT NULL COMMENT '登录ID',
  `PASSWORD` varchar(255) NOT NULL COMMENT '密码',
  `USER_NAME` varchar(30) NOT NULL COMMENT '用户姓名',
  `ADMIN` int(3) NOT NULL COMMENT '管理员',
  `SEX` int(3) NOT NULL COMMENT '性别',
  `EMAIL` varchar(100) DEFAULT NULL COMMENT '邮箱地址',
  `MOBILE` varchar(20) DEFAULT NULL COMMENT '移动电话',
  `TELEPHONE` varchar(20) DEFAULT NULL COMMENT '固定电话',
  `STATE` int(3) DEFAULT NULL COMMENT '状态，1为启用，0停用',
  `PWD_STATE` int(3) DEFAULT NULL COMMENT '密码状态，是否加密',
  `MEMO` varchar(500) DEFAULT NULL COMMENT '备注信息',
  `REG_DATE` varchar(30) DEFAULT NULL COMMENT '注册时间',
  `UPDATE_DATE` varchar(30) DEFAULT NULL COMMENT '更新时间',
  `REG_USER` varchar(30) DEFAULT NULL COMMENT '注册人',
  `UPDATE_USER` varchar(30) DEFAULT NULL COMMENT '更新人',
  `EXT1` varchar(100) DEFAULT NULL,
  `EXT2` varchar(100) DEFAULT NULL,
  `EXT3` varchar(100) DEFAULT NULL,
  `EXT4` varchar(100) DEFAULT NULL,
  `EXT5` varchar(100) DEFAULT NULL,
  `EXT6` varchar(100) DEFAULT NULL,
  `EXT7` varchar(100) DEFAULT NULL,
  `EXT8` varchar(100) DEFAULT NULL,
  `EXT9` varchar(100) DEFAULT NULL,
  `EXT10` varchar(100) DEFAULT NULL,
  `EXT11` varchar(100) DEFAULT NULL,
  `EXT12` varchar(100) DEFAULT NULL,
  `EXT13` varchar(100) DEFAULT NULL,
  `EXT14` varchar(100) DEFAULT NULL,
  `EXT15` varchar(100) DEFAULT NULL,
  `EXT16` varchar(100) DEFAULT NULL,
  `EXT17` varchar(100) DEFAULT NULL,
  `EXT18` varchar(100) DEFAULT NULL,
  `EXT19` varchar(100) DEFAULT NULL,
  `EXT20` varchar(100) DEFAULT NULL,
  `EXT21` varchar(100) DEFAULT NULL,
  `EXT22` varchar(100) DEFAULT NULL,
  `EXT23` varchar(100) DEFAULT NULL,
  `EXT24` varchar(100) DEFAULT NULL,
  `EXT25` varchar(100) DEFAULT NULL,
  `EXT26` varchar(100) DEFAULT NULL,
  `EXT27` varchar(100) DEFAULT NULL,
  `EXT28` varchar(100) DEFAULT NULL,
  `EXT29` varchar(100) DEFAULT NULL,
  `EXT30` varchar(100) DEFAULT NULL,
  PRIMARY KEY (`USER_ID`)
) ENGINE=InnoDB AUTO_INCREMENT=872 DEFAULT CHARSET=utf8;

/*Data for the table `e_user` */

insert  into `e_user`(`USER_ID`,`LOGIN_ID`,`PASSWORD`,`USER_NAME`,`ADMIN`,`SEX`,`EMAIL`,`MOBILE`,`TELEPHONE`,`STATE`,`PWD_STATE`,`MEMO`,`REG_DATE`,`UPDATE_DATE`,`REG_USER`,`UPDATE_USER`,`EXT1`,`EXT2`,`EXT3`,`EXT4`,`EXT5`,`EXT6`,`EXT7`,`EXT8`,`EXT9`,`EXT10`,`EXT11`,`EXT12`,`EXT13`,`EXT14`,`EXT15`,`EXT16`,`EXT17`,`EXT18`,`EXT19`,`EXT20`,`EXT21`,`EXT22`,`EXT23`,`EXT24`,`EXT25`,`EXT26`,`EXT27`,`EXT28`,`EXT29`,`EXT30`) values (101,'admin','1','管理员',1,1,'','18101225609','',1,1,'超级管理员',NULL,'20161214163259','3','101','431','-1','-1','21',NULL,NULL,NULL,'431','43101',NULL,NULL,'431',NULL,NULL,NULL,NULL,NULL,NULL,NULL,NULL,NULL,NULL,NULL,NULL,NULL,NULL,NULL,NULL,NULL,NULL),(870,'ceshi','1q2w3e4r','测试1',0,0,'zzz@bonc.com.cn','15044074345','35234523',1,0,'qwerqwerq','2016-10-10','20161214140058','101','101',NULL,NULL,NULL,NULL,NULL,NULL,NULL,'431','43101',NULL,NULL,NULL,NULL,NULL,NULL,NULL,NULL,NULL,NULL,NULL,NULL,NULL,NULL,NULL,NULL,NULL,NULL,NULL,NULL,NULL),(871,'yuyang','yuyang','于洋',0,0,'','1111','',1,0,'','2016-10-10','2016-10-20','101','101',NULL,NULL,NULL,NULL,NULL,NULL,NULL,'431','43101',NULL,NULL,NULL,NULL,NULL,NULL,NULL,NULL,NULL,NULL,NULL,NULL,NULL,NULL,NULL,NULL,NULL,NULL,NULL,NULL,NULL);

/*Table structure for table `e_user_account` */

DROP TABLE IF EXISTS `e_user_account`;

CREATE TABLE `e_user_account` (
  `account_code` varchar(30) DEFAULT NULL,
  `user_id` varchar(30) DEFAULT NULL
) ENGINE=InnoDB DEFAULT CHARSET=utf8;

/*Data for the table `e_user_account` */

insert  into `e_user_account`(`account_code`,`user_id`) values ('100','870'),('100','871'),('100','101');

/*Table structure for table `e_user_attr_dim` */

DROP TABLE IF EXISTS `e_user_attr_dim`;

CREATE TABLE `e_user_attr_dim` (
  `ATTR_CODE` varchar(30) DEFAULT NULL,
  `ATTR_NAME` varchar(30) DEFAULT NULL,
  `PARENT_CODE` varchar(30) DEFAULT NULL,
  `SHOW_MODE` varchar(30) DEFAULT NULL,
  `CODE_TABLE` varchar(1000) DEFAULT NULL,
  `CODE_KEY` varchar(30) DEFAULT NULL,
  `CODE_PARENT_KEY` varchar(30) DEFAULT NULL,
  `CODE_DESC` varchar(30) DEFAULT NULL,
  `CODE_ORD` varchar(30) DEFAULT NULL,
  `DATA_TYPE` varchar(30) DEFAULT NULL,
  `MULTI` int(11) DEFAULT NULL,
  `ATTR_ORD` int(11) DEFAULT NULL,
  `IS_NULL` int(11) DEFAULT NULL,
  `DEFAULT_VALUE` varchar(30) DEFAULT NULL,
  `DEFAULT_DESC` varchar(30) DEFAULT NULL,
  `SUBSYSTEM_ID` varchar(30) DEFAULT NULL,
  `ATTR_DESC` varchar(3000) DEFAULT NULL
) ENGINE=MyISAM DEFAULT CHARSET=utf8;

/*Data for the table `e_user_attr_dim` */

insert  into `e_user_attr_dim`(`ATTR_CODE`,`ATTR_NAME`,`PARENT_CODE`,`SHOW_MODE`,`CODE_TABLE`,`CODE_KEY`,`CODE_PARENT_KEY`,`CODE_DESC`,`CODE_ORD`,`DATA_TYPE`,`MULTI`,`ATTR_ORD`,`IS_NULL`,`DEFAULT_VALUE`,`DEFAULT_DESC`,`SUBSYSTEM_ID`,`ATTR_DESC`) values ('AREA_NO','地市','0','CASSELECT','EASY_FRAME.CMCODE_AREA','AREA_NO','','AREA_DESC','AREA_NO','V_01',0,0,1,'','','','地市'),('CITY_NO','区县','1','CASSELECT','EASY_FRAME.CMCODE_CITY','CITY_NO','AREA_NO','CITY_DESC','CITY_NO','V_01',0,0,1,'','aaa','','区县');

/*Table structure for table `e_user_attr_subsystem` */

DROP TABLE IF EXISTS `e_user_attr_subsystem`;

CREATE TABLE `e_user_attr_subsystem` (
  `ATTR_CODE` varchar(30) DEFAULT NULL,
  `SUBSYSTEM_ID` varchar(30) DEFAULT NULL
) ENGINE=InnoDB DEFAULT CHARSET=utf8;

/*Data for the table `e_user_attr_subsystem` */

/*Table structure for table `e_user_attribute` */

DROP TABLE IF EXISTS `e_user_attribute`;

CREATE TABLE `e_user_attribute` (
  `USER_ID` varchar(30) DEFAULT NULL COMMENT '用户ID',
  `ATTR_CODE` varchar(30) DEFAULT NULL COMMENT '属性编码',
  `ATTR_VALUE` varchar(30) DEFAULT NULL COMMENT '属性值',
  `REG_DATE` varchar(20) DEFAULT NULL COMMENT '注册时间',
  `UPDATE_DATE` varchar(20) DEFAULT NULL COMMENT '更新时间',
  `REG_USER` varchar(30) DEFAULT NULL COMMENT '注册人',
  `UPDATE_USER` varchar(30) DEFAULT NULL COMMENT '更新人'
) ENGINE=InnoDB DEFAULT CHARSET=utf8 COMMENT='用户属性表';

/*Data for the table `e_user_attribute` */

insert  into `e_user_attribute`(`USER_ID`,`ATTR_CODE`,`ATTR_VALUE`,`REG_DATE`,`UPDATE_DATE`,`REG_USER`,`UPDATE_USER`) values ('871','AREA_NO','431','2016-10-20','2016-10-20','101','101'),('871','CITY_NO','43101','2016-10-20','2016-10-20','101','101'),('870','AREA_NO','431','20161214140058','20161214140058','101','101'),('101','AREA_NO','431','20161214163259','20161214163259','101','101');

/*Table structure for table `e_user_collect` */

DROP TABLE IF EXISTS `e_user_collect`;

CREATE TABLE `e_user_collect` (
  `ID` int(20) NOT NULL AUTO_INCREMENT COMMENT 'ID',
  `USER_ID` varchar(20) DEFAULT NULL COMMENT '用户ID',
  `MENU_ID` varchar(20) DEFAULT NULL COMMENT '页面ID',
  `COLLECT_DATE` varchar(20) DEFAULT NULL COMMENT '收藏时间',
  `IDX` varchar(20) DEFAULT NULL COMMENT '排序',
  PRIMARY KEY (`ID`)
) ENGINE=InnoDB AUTO_INCREMENT=13 DEFAULT CHARSET=utf8 COMMENT='用户页面收藏表';

/*Data for the table `e_user_collect` */

insert  into `e_user_collect`(`ID`,`USER_ID`,`MENU_ID`,`COLLECT_DATE`,`IDX`) values (2,'101','3166','2016-10-09 21:10:53','0'),(11,'871','70','2016-10-10 16:15:35','0'),(12,'101','9','2016-10-15 13:45:54','0');

/*Table structure for table `e_user_ext_column_attr` */

DROP TABLE IF EXISTS `e_user_ext_column_attr`;

CREATE TABLE `e_user_ext_column_attr` (
  `ATTR_CODE` varchar(60) NOT NULL,
  `COLUMN_NAME` varchar(200) NOT NULL
) ENGINE=MyISAM DEFAULT CHARSET=utf8;

/*Data for the table `e_user_ext_column_attr` */

insert  into `e_user_ext_column_attr`(`ATTR_CODE`,`COLUMN_NAME`) values ('area_no','EXT1'),('city_no','EXT2'),('Dept_Code','EXT3'),('ceshi2','EXT4'),('city_no','EXT5'),('Dept_Code','EXT6'),('AREA_NO','EXT8'),('CITY_NO','EXT9');

/*Table structure for table `e_user_ext_model` */

DROP TABLE IF EXISTS `e_user_ext_model`;

CREATE TABLE `e_user_ext_model` (
  `MODEL_CODE` varchar(10) DEFAULT NULL COMMENT '展现模式编码',
  `MODEL_DESC` varchar(30) DEFAULT NULL COMMENT '展现模式描述'
) ENGINE=InnoDB DEFAULT CHARSET=utf8;

/*Data for the table `e_user_ext_model` */

insert  into `e_user_ext_model`(`MODEL_CODE`,`MODEL_DESC`) values ('CHECKBOX','多选框'),('TREE','树形'),('INPUT','文本框'),('RADIO','单选框'),('CASSELECT','级联下拉列表');

/*Table structure for table `e_user_extvalue_type` */

DROP TABLE IF EXISTS `e_user_extvalue_type`;

CREATE TABLE `e_user_extvalue_type` (
  `TYPE_CODE` varchar(5) DEFAULT NULL COMMENT '属性值类型编码',
  `TYPE_DESC` varchar(20) DEFAULT NULL COMMENT '属性值类型编码描述',
  `TYPE_VALUE` varchar(15) DEFAULT NULL COMMENT '属性值类型'
) ENGINE=InnoDB DEFAULT CHARSET=utf8;

/*Data for the table `e_user_extvalue_type` */

insert  into `e_user_extvalue_type`(`TYPE_CODE`,`TYPE_DESC`,`TYPE_VALUE`) values ('V_02','数字','NUMBER'),('V_01','字符串','VARCHAR2(2000)'),('V_03','日期','DATE');

/*Table structure for table `e_user_permission` */

DROP TABLE IF EXISTS `e_user_permission`;

CREATE TABLE `e_user_permission` (
  `USER_ID` varchar(30) DEFAULT NULL COMMENT '用户编号',
  `MENU_ID` varchar(30) DEFAULT NULL COMMENT '资源编码',
  `AUTH_CREATE` int(3) DEFAULT NULL COMMENT '创建权限',
  `AUTH_READ` int(3) DEFAULT NULL COMMENT '读取权限',
  `AUTH_UPDATE` int(3) DEFAULT NULL COMMENT '更新权限',
  `AUTH_DELETE` int(3) DEFAULT NULL COMMENT '删除权限',
  `AUTH_EXPORT` int(3) DEFAULT NULL COMMENT '导出权限'
) ENGINE=InnoDB DEFAULT CHARSET=utf8 COMMENT='用户权限';

/*Data for the table `e_user_permission` */

insert  into `e_user_permission`(`USER_ID`,`MENU_ID`,`AUTH_CREATE`,`AUTH_READ`,`AUTH_UPDATE`,`AUTH_DELETE`,`AUTH_EXPORT`) values ('462','0',1,1,1,1,1),('462','2441',0,1,0,0,0),('462','2442',0,1,0,0,0),('462','2501',0,1,0,0,0),('462','2502',0,1,0,0,0),('462','2503',0,1,0,0,0),('462','2727',1,1,1,1,1),('462','2795',1,1,1,1,1),('462','2796',1,1,1,1,1),('462','2797',1,1,1,1,1),('462','61',1,1,1,1,1),('462','64',1,1,1,1,1),('462','62',1,1,1,1,1),('462','68',0,1,0,0,0),('462','69',0,1,0,0,0),('462','72',0,1,0,0,0),('462','81',0,1,0,0,0),('462','581',0,1,0,0,0),('462','2322',0,1,0,0,0),('462','824',0,1,0,0,0),('462','0',0,1,0,0,0),('462','2441',0,1,0,0,0),('462','2841',1,1,1,1,1),('101','2881',1,1,1,1,1),('101','2882',1,1,1,1,1),('101','0',1,1,1,1,1),('101','2721',1,1,1,1,1),('101','2722',1,1,1,1,1),('101','2794',1,1,1,1,1),('101','2787',1,1,1,1,1),('101','2723',1,1,1,1,1),('101','2724',1,1,1,1,1),('101','2725',1,1,1,1,1),('101','761',1,1,1,1,1),('101','2552',1,1,1,1,1),('101','2582',1,1,1,1,1),('101','2553',1,1,1,1,1),('101','2504',1,1,1,1,1),('101','2563',1,1,1,1,1),('101','2443',1,1,1,1,1),('101','1181',1,1,1,1,1),('101','2601',1,1,1,1,1),('101','2321',1,1,1,1,1),('101','1286',1,1,1,1,1),('101','1287',1,1,1,1,1),('101','2692',1,1,1,1,1),('101','770',1,1,1,1,0),('101','771',1,1,1,1,0),('101','772',1,1,1,1,0),('101','1341',1,1,1,1,1),('101','743',0,1,0,0,0),('101','742',1,1,1,1,1),('101','2441',1,1,1,1,1),('101','2442',1,1,1,1,1),('101','2741',1,1,1,1,1),('101','2501',1,1,1,1,1),('101','2502',1,1,1,1,1),('101','2503',1,1,1,1,1),('101','2641',1,1,1,1,1),('101','941',1,1,1,1,0),('101','1001',1,1,1,1,0),('101','964',1,1,1,1,0),('101','963',1,1,1,1,0),('101','961',1,1,1,1,0),('101','962',1,1,1,1,0),('101','1042',1,1,1,1,0),('101','988',1,1,1,1,0),('101','989',1,1,1,1,0),('101','991',1,1,1,1,0),('101','990',1,1,1,1,0),('101','996',1,1,1,1,0),('101','992',1,1,1,1,0),('101','994',1,1,1,1,0),('101','993',1,1,1,1,0),('101','995',1,1,1,1,0),('101','1002',1,1,1,1,0),('101','1082',1,1,1,1,0),('101','1041',1,1,1,1,0),('101','1003',1,1,1,1,0),('101','1021',1,1,1,1,0),('101','1081',1,1,1,1,0),('101','985',1,1,1,1,0),('101','986',1,1,1,1,0),('101','987',1,1,1,1,0),('101','997',1,1,1,1,0),('101','998',1,1,1,1,0),('101','999',1,1,1,1,0),('101','1000',1,1,1,1,0),('101','1061',1,1,1,1,0),('101','1062',1,1,1,1,0),('101','1101',1,1,1,1,0),('101','1063',1,1,1,1,0),('101','1065',1,1,1,1,0),('101','1064',1,1,1,1,0),('101','2401',1,1,1,1,1),('101','2402',1,1,1,1,1),('101','2403',1,1,1,1,1),('101','2404',1,1,1,1,1),('101','2681',1,1,1,1,1),('101','2682',1,1,1,1,1),('101','2683',1,1,1,1,1),('101','2684',1,1,1,1,1),('101','2685',1,1,1,1,1),('101','2686',1,1,1,1,1),('101','2687',1,1,1,1,1),('101','2688',1,1,1,1,1),('101','2689',1,1,1,1,1),('101','2690',1,1,1,1,1),('101','374',1,1,1,1,1),('101','2461',1,1,1,1,1),('101','2381',1,1,1,1,1),('101','181',1,1,1,1,0),('101','2481',1,1,1,1,1),('101','809',1,1,1,1,0),('101','808',1,1,1,1,0),('101','121',1,1,1,1,0),('101','232',1,1,1,1,0),('101','683',1,1,1,1,0),('101','684',1,1,1,1,0),('101','685',1,1,1,1,0),('101','822',1,1,1,1,0),('101','823',1,1,1,1,0),('101','2421',1,1,1,1,1),('101','2795',1,1,1,1,1),('101','2796',1,1,1,1,1),('101','2797',1,1,1,1,1),('101','905',1,1,1,1,0),('101','906',1,1,1,1,0),('101','907',1,1,1,1,0),('101','908',1,1,1,1,0),('101','909',1,1,1,1,0),('101','881',1,1,1,1,1),('101','61',1,1,1,1,0),('101','793',1,1,1,1,0),('101','2643',1,1,1,1,1),('101','64',1,1,1,1,0),('101','810',1,1,1,1,0),('101','798',1,1,1,1,0),('101','63',1,1,1,1,0),('101','62',1,1,1,1,0),('101','71',1,1,1,1,0),('101','65',1,1,1,1,0),('101','66',1,1,1,1,0),('101','70',1,1,1,1,0),('101','68',1,1,1,1,0),('101','69',1,1,1,1,0),('101','72',1,1,1,1,0),('101','81',1,1,1,1,0),('101','581',1,1,1,1,0),('101','2322',1,1,1,1,0),('101','824',1,1,1,1,1),('101','2341',1,1,1,1,1),('101','2342',1,1,1,1,1),('101','2343',1,1,1,1,1),('101','2344',1,1,1,1,1),('101','1162',1,1,1,1,0),('101','2642',1,1,1,1,1),('101','1262',1,1,1,1,1),('101','1263',1,1,1,1,0),('101','1264',1,1,1,1,0),('101','1268',1,1,1,1,0),('101','1269',1,1,1,1,0),('101','1283',1,1,1,1,0),('101','1161',1,1,1,1,1),('101','1241',1,1,1,1,1),('101','2583',1,1,1,1,1),('101','1261',1,1,1,1,1),('101','0',1,1,1,1,1),('42','61',1,1,1,1,0),('42','810',1,1,1,1,0),('42','793',1,1,1,1,0),('42','798',1,1,1,1,0),('42','64',1,1,1,1,0),('42','63',1,1,1,1,0),('42','62',1,1,1,1,0),('42','71',1,1,1,1,0),('42','65',1,1,1,1,0),('42','66',1,1,1,1,0),('42','70',1,1,1,1,0),('42','68',1,1,1,1,0),('42','0',1,1,1,1,0),('42','69',1,1,1,1,0),('42','72',1,1,1,1,0),('42','81',1,1,1,1,0),('42','581',1,1,1,1,0),('42','824',1,1,1,1,0),('42','82',1,1,1,1,0),('42','682',1,1,1,1,0),('42','687',1,1,1,1,0),('42','704',1,1,1,1,0),('42','0',1,1,1,1,0),('42','1262',1,1,1,1,0),('42','1262',1,1,1,1,0),('42','1263',1,1,1,1,0),('42','1263',1,1,1,1,0),('42','1264',1,1,1,1,0),('42','1264',1,1,1,1,0),('101','2883',1,1,1,1,1),('101','2941',1,1,1,1,1),('101','2801',1,1,1,1,1),('101','2921',1,1,1,1,1),('101','2963',1,1,1,1,1),('462','2861',1,1,1,1,1),('101','2961',1,1,1,1,1),('101','2962',1,1,1,1,1),('101','2965',1,1,1,1,1),('481','0',1,1,1,1,1),('481','2721',1,1,1,1,1),('481','2722',1,1,1,1,1),('481','2794',1,1,1,1,1),('481','2787',1,1,1,1,1),('481','2723',1,1,1,1,1),('481','2724',1,1,1,1,1),('481','2725',1,1,1,1,1),('481','61',1,1,1,1,1),('481','793',1,1,1,1,1),('481','64',1,1,1,1,1),('481','810',1,1,1,1,1),('481','798',1,1,1,1,1),('481','63',1,1,1,1,1),('481','62',1,1,1,1,1),('481','71',1,1,1,1,1),('481','65',1,1,1,1,1),('481','66',1,1,1,1,1),('481','70',1,1,1,1,1),('481','68',1,1,1,1,1),('481','69',1,1,1,1,1),('481','72',1,1,1,1,1),('481','81',1,1,1,1,1),('481','581',1,1,1,1,1),('481','2322',1,1,1,1,1),('481','824',1,1,1,1,1),('481','82',1,1,1,1,1),('481','682',1,1,1,1,1),('481','2341',1,1,1,1,1),('481','2342',1,1,1,1,1),('481','2343',1,1,1,1,1),('481','2344',1,1,1,1,1),('481','687',1,1,1,1,1),('481','704',1,1,1,1,1),('481','1162',1,1,1,1,1),('481','2642',1,1,1,1,1),('481','0',1,1,1,1,1),('101','2981',1,1,1,1,1),('101','3001',1,1,1,1,1),('101','3021',1,1,1,1,1),('541','0',1,1,1,1,1),('541','61',1,1,1,1,1),('541','793',1,1,1,1,1),('541','64',1,1,1,1,1),('541','810',1,1,1,1,1),('541','798',1,1,1,1,1),('541','63',1,1,1,1,1),('541','62',1,1,1,1,1),('541','71',1,1,1,1,1),('541','65',1,1,1,1,1),('541','66',1,1,1,1,1),('541','70',1,1,1,1,1),('541','68',1,1,1,1,1),('541','69',1,1,1,1,1),('541','72',1,1,1,1,1),('541','81',1,1,1,1,1),('541','581',1,1,1,1,1),('541','2322',1,1,1,1,1),('541','824',1,1,1,1,1),('541','82',1,1,1,1,1),('541','682',1,1,1,1,1),('541','2341',1,1,1,1,1),('541','2342',1,1,1,1,1),('541','2343',1,1,1,1,1),('541','2344',1,1,1,1,1),('541','687',1,1,1,1,1),('541','704',1,1,1,1,1),('541','1162',1,1,1,1,1),('541','2642',1,1,1,1,1),('541','0',1,1,1,1,1),('541','3022',1,1,1,1,1),('541','3023',1,1,1,1,1),('101','3024',1,1,1,1,1),('101','3163',1,1,1,1,1),('101','3164',1,1,1,1,1),('621','0',1,1,1,1,1),('101','3025',1,1,1,1,1),('101','3121',1,1,1,1,1),('621','3026',1,1,1,1,1),('621','3083',1,1,1,1,1),('621','3103',1,1,1,1,1),('621','3029',1,1,1,1,1),('621','3027',1,1,1,1,1),('621','3028',1,1,1,1,1),('621','3101',1,1,1,1,1),('621','3102',1,1,1,1,1),('621','3031',1,1,1,1,1),('621','3030',1,1,1,1,1),('621','3032',1,1,1,1,1),('621','3033',1,1,1,1,1),('621','3034',1,1,1,1,1),('621','3036',1,1,1,1,1),('621','3038',1,1,1,1,1),('621','3037',1,1,1,1,1),('621','3039',1,1,1,1,1),('621','3040',1,1,1,1,1),('621','3041',1,1,1,1,1),('101','3061',1,1,1,1,1),('621','3042',1,1,1,1,1),('621','3043',1,1,1,1,1),('621','3044',1,1,1,1,1),('621','3045',1,1,1,1,1),('621','3046',1,1,1,1,1),('621','3035',1,1,1,1,1),('621','3048',1,1,1,1,1),('621','3047',1,1,1,1,1),('621','3049',1,1,1,1,1),('621','3062',1,1,1,1,1),('621','3081',1,1,1,1,1),('621','3082',1,1,1,1,1),('621','0',1,1,1,1,1),('521','0',1,1,1,1,1),('521','3026',1,1,1,1,1),('521','3083',1,1,1,1,1),('521','3103',1,1,1,1,1),('521','3029',1,1,1,1,1),('521','3027',1,1,1,1,1),('521','3121',1,1,1,1,1),('521','3161',1,1,1,1,1),('521','3162',1,1,1,1,1),('521','3163',1,1,1,1,1),('521','3164',1,1,1,1,1),('521','3028',1,1,1,1,1),('521','3101',1,1,1,1,1),('521','3102',1,1,1,1,1),('521','3031',1,1,1,1,1),('521','3030',1,1,1,1,1),('521','3032',1,1,1,1,1),('521','3033',1,1,1,1,1),('521','3034',1,1,1,1,1),('521','3036',1,1,1,1,1),('521','3038',1,1,1,1,1),('521','3037',1,1,1,1,1),('521','3039',1,1,1,1,1),('521','3040',1,1,1,1,1),('521','3041',1,1,1,1,1),('521','3042',1,1,1,1,1),('521','3043',1,1,1,1,1),('521','3044',1,1,1,1,1),('521','3045',1,1,1,1,1),('521','3046',1,1,1,1,1),('521','3035',1,1,1,1,1),('521','3048',1,1,1,1,1),('521','3047',1,1,1,1,1),('521','3049',1,1,1,1,1),('521','3062',1,1,1,1,1),('521','3081',1,1,1,1,1),('521','3082',1,1,1,1,1),('521','0',1,1,1,1,1),('101','3141',1,1,1,1,0),('101','70',1,1,1,1,0),('101','3165',1,1,1,1,1),('101','3166',1,1,1,1,1),('101','3167',1,1,1,1,0),('101','3168',1,1,1,1,1),('101','3169',1,1,1,1,1),('101','1263',1,1,1,1,0),('101','3141',1,1,1,1,0),('101','0',1,1,1,1,1),('101','2322',1,1,1,1,0),('101','824',1,1,1,1,1),('101','1283',1,1,1,1,0),('101','1268',1,1,1,1,0),('101','1162',1,1,1,1,0),('101','682',1,1,1,1,1),('101','70',1,1,1,1,0),('101','72',1,1,1,1,0),('101','69',1,1,1,1,0),('101','68',1,1,1,1,0),('101','66',1,1,1,1,0),('101','71',1,1,1,1,0),('101','687',1,1,1,1,0),('101','81',1,1,1,1,0),('101','581',1,1,1,1,0),('101','1269',1,1,1,1,0),('101','1264',1,1,1,1,0),('101','1263',1,1,1,1,0),('101','1262',1,1,1,1,1),('101','881',1,1,1,1,1),('101','3167',1,1,1,1,0),('101','-1',0,0,0,0,0),('101','3141',1,1,1,1,0),('101','0',1,1,1,1,1),('101','2322',1,1,1,1,0),('101','1283',1,1,1,1,0),('101','1268',1,1,1,1,0),('101','1162',1,1,1,1,0),('101','70',1,1,1,1,0),('101','72',1,1,1,1,0),('101','69',1,1,1,1,0),('101','68',1,1,1,1,0),('101','66',1,1,1,1,0),('101','71',1,1,1,1,0),('101','687',1,1,1,1,0),('101','81',1,1,1,1,0),('101','581',1,1,1,1,0),('101','1269',1,1,1,1,0),('101','1264',1,1,1,1,0),('101','1263',1,1,1,1,0),('101','1262',1,1,1,1,1),('101','3167',1,1,1,1,0),('870','70',1,1,0,0,0),('870','1262',1,1,1,1,1),('870','1269',0,1,0,0,0),('870','1263',0,1,0,1,1),('871','1264',1,1,1,1,1),('871','1262',1,1,1,1,1),('871','1264',1,1,1,1,1),('871','1269',1,1,1,1,1),('871','71',1,1,1,1,1),('871','1263',1,1,1,1,1),('871','3141',1,1,1,1,1),('871','0',1,1,1,1,1),('871','2322',1,1,1,1,1),('871','1283',1,1,1,1,1),('871','1268',1,1,1,1,1),('871','70',1,1,1,1,1),('871','72',1,1,1,1,1),('871','69',1,1,1,1,1),('871','68',1,1,1,1,1),('871','66',1,1,1,1,1),('871','81',1,1,1,1,1),('871','581',1,1,1,1,1),('871','3167',1,1,1,1,1),('871','-1',0,1,1,0,0),('870','3170',1,1,1,1,1),('870','3171',1,1,1,1,1),('870','3172',1,1,1,1,1),('870','3173',1,1,1,1,1),('101','3174',1,1,1,1,1),('101','3175',1,1,1,0,0),('101','3176',1,1,1,0,0),('101','3175',1,1,1,0,0),('101','3176',1,1,1,0,0),('870','3141',1,1,1,1,1),('871','3175',0,0,0,0,0),('871','3176',0,0,0,0,0),('870','3177',1,1,1,1,1),('870','71',0,1,0,0,0),('870','1268',0,0,0,0,0),('870','1268',0,0,0,0,0),('871','3176',0,0,0,0,0),('101','3178',1,1,1,1,1),('101','3179',1,1,1,1,1),('101','3180',1,1,1,1,1),('101','3181',1,1,1,1,1),('870','3182',1,1,1,1,1),('870','3183',1,1,1,1,1),('101','3184',1,1,1,1,1),('101','3185',1,1,1,1,1),('870','1264',1,1,1,1,1),('101','3186',1,1,1,1,1),('101','3187',1,1,1,1,1),('101','3188',1,1,1,1,1),('101','3189',1,1,1,1,1),('101','3190',1,1,1,1,1),('101','3191',1,1,1,1,1),('101','3192',1,1,1,1,1),('101','3193',1,1,1,1,1),('101','3194',1,1,1,1,1),('101','3195',1,1,1,1,1),('101','3196',1,1,1,1,1),('101','3197',1,1,1,1,1),('101','3198',1,1,1,1,1),('101','3199',1,1,1,1,1),('101','3200',1,1,1,1,1),('101','4',1,1,1,1,1),('462','4',1,1,1,1,1),('462','4',0,1,0,0,0),('42','4',1,1,1,1,0),('42','4',1,1,1,1,0),('481','4',1,1,1,1,1),('481','4',1,1,1,1,1),('541','4',1,1,1,1,1),('541','4',1,1,1,1,1),('621','4',1,1,1,1,1),('621','4',1,1,1,1,1),('521','4',1,1,1,1,1),('521','4',1,1,1,1,1),('101','12',1,1,1,1,1),('101','3201',1,1,1,1,1),('101','13',1,1,1,1,1),('101','14',1,1,1,1,1),('101','15',1,1,1,1,1),('101','16',1,1,1,1,1),('101','17',1,1,1,1,1),('871','3190',1,1,1,0,0),('871','3191',1,1,1,0,0),('871','3192',1,1,1,0,0),('871','3193',1,1,1,0,0),('871','3194',1,1,1,0,0),('871','3195',1,1,1,0,0),('871','3196',1,1,1,0,0),('871','3197',1,1,1,0,0),('871','3198',1,1,1,0,0),('871','3188',1,1,1,0,0),('871','3187',1,1,1,0,0),('871','3189',1,1,1,0,0),('101','3202',1,1,1,1,1),('101','3203',1,1,1,1,1),('101','3204',1,1,1,1,1),('101','3205',1,1,1,1,1),('101','3206',1,1,1,1,1),('101','3207',1,1,1,1,1),('101','3202',1,1,1,1,1),('101','3203',1,1,1,1,1),('101','3204',1,1,1,1,1),('101','3205',1,1,1,1,1),('101','3206',1,1,1,1,1),('101','3207',1,1,1,1,1),('101','3208',1,1,1,1,1),('101','3209',1,1,1,1,1),('101','3210',1,1,1,1,1),('101','3211',1,1,1,1,1),('101','3212',1,1,1,1,1),('870','17',1,1,1,1,1),('870','3201',1,1,1,1,1),('870','0',1,1,1,1,1),('870','3202',0,0,0,0,0),('870','3203',0,0,0,0,0),('870','3204',0,0,0,0,0),('870','3205',0,0,0,0,0),('870','3206',0,0,0,0,0),('870','3207',0,0,0,0,0),('870','3202',0,0,0,0,0),('870','3203',0,0,0,0,0),('870','3204',0,0,0,0,0),('870','3205',0,0,0,0,0),('870','3206',0,0,0,0,0),('870','3207',0,0,0,0,0),('101','19',1,1,1,1,1),('101','20',1,1,1,1,1),('101','20',1,1,1,1,1);

/*Table structure for table `e_user_predict` */

DROP TABLE IF EXISTS `e_user_predict`;

CREATE TABLE `e_user_predict` (
  `USER_ID` varchar(20) DEFAULT NULL COMMENT '用户ID',
  `KPI_ID` varchar(20) DEFAULT NULL COMMENT '指标ID',
  `MOLD_ID` varchar(5) DEFAULT NULL COMMENT '类别ID（1、个人，2、通用）',
  `COMPARE_VALUE_TYPE` varchar(5) DEFAULT NULL COMMENT '比较值类型（1、指标，2、环比，3、同比）',
  `THRESHOLD_VALUE` int(11) DEFAULT NULL COMMENT '阀值',
  `THRESHOLD_ID` varchar(5) DEFAULT NULL COMMENT '阀值波动（1、向上，2向下）',
  `WAVE_VALUE` int(11) DEFAULT NULL COMMENT '阀值波动值',
  `MENU_ID` varchar(30) DEFAULT NULL COMMENT '菜单ID'
) ENGINE=InnoDB DEFAULT CHARSET=utf8 COMMENT='用户定制预警表';

/*Data for the table `e_user_predict` */

insert  into `e_user_predict`(`USER_ID`,`KPI_ID`,`MOLD_ID`,`COMPARE_VALUE_TYPE`,`THRESHOLD_VALUE`,`THRESHOLD_ID`,`WAVE_VALUE`,`MENU_ID`) values ('181','0303','1','2',98,'1',89,'121'),('101','030301','2','1',45,'1',15,'232'),('101','02','1','1',78,'2',10,'181'),('181','0303','1','2',98,'1',89,'121'),('101','030301','2','1',50,'1',15,'232'),('101','02','1','1',78,'2',10,'181');

/*Table structure for table `e_user_role` */

DROP TABLE IF EXISTS `e_user_role`;

CREATE TABLE `e_user_role` (
  `ROLE_CODE` varchar(30) DEFAULT NULL COMMENT '角色ID',
  `USER_ID` varchar(30) DEFAULT NULL COMMENT '用户ID'
) ENGINE=InnoDB DEFAULT CHARSET=utf8 COMMENT='用户角色';

/*Data for the table `e_user_role` */

insert  into `e_user_role`(`ROLE_CODE`,`USER_ID`) values ('240','101'),('250','871'),('220','870'),('220','101'),('220','871'),('230','871'),('230','101'),('340','871'),('340','871'),('260','101'),('350','871'),('350','870'),('350','101'),('430','870');

/*Table structure for table `m_text` */

DROP TABLE IF EXISTS `m_text`;

CREATE TABLE `m_text` (
  `id` int(50) NOT NULL AUTO_INCREMENT COMMENT '图文内容ID',
  `keyid` int(50) DEFAULT NULL COMMENT '与m_keywords关联FK',
  `text` text COMMENT '文本内容',
  `imgurl` varchar(50) DEFAULT NULL COMMENT '图片路径',
  `type` varchar(10) DEFAULT NULL COMMENT '1，代表纯文本',
  PRIMARY KEY (`id`)
) ENGINE=InnoDB AUTO_INCREMENT=6 DEFAULT CHARSET=utf8;

/*Data for the table `m_text` */

insert  into `m_text`(`id`,`keyid`,`text`,`imgurl`,`type`) values (1,3,NULL,NULL,NULL),(2,3,NULL,NULL,NULL),(3,2,NULL,NULL,NULL),(4,3,NULL,NULL,NULL),(5,NULL,'1',NULL,NULL);

/*Table structure for table `oa_dept` */

DROP TABLE IF EXISTS `oa_dept`;

CREATE TABLE `oa_dept` (
  `DN` varchar(100) DEFAULT NULL,
  `CN` varchar(100) DEFAULT NULL,
  `OBJECTCLASS` varchar(100) DEFAULT NULL,
  `CTREPORTINGDEPARTMENT` varchar(100) DEFAULT NULL,
  `MAIL` varchar(100) DEFAULT NULL,
  `OU` varchar(100) DEFAULT NULL,
  `CTBUSINESSCATEGORY` varchar(100) DEFAULT NULL,
  `L` varchar(100) DEFAULT NULL,
  `CTORGTYPE` varchar(100) DEFAULT NULL,
  `CTSTATUS` varchar(100) DEFAULT NULL,
  `CTORGMANAGER` varchar(100) DEFAULT NULL,
  `POSTALCODE` varchar(100) DEFAULT NULL,
  `CTVICEMANAGER` varchar(100) DEFAULT NULL,
  `DESCRIPTION` varchar(100) DEFAULT NULL,
  `NAME` varchar(100) DEFAULT NULL,
  `CTORDER` varchar(100) DEFAULT NULL,
  `POSTALADDRESS` varchar(100) DEFAULT NULL,
  `CTINITIAL` varchar(100) DEFAULT NULL,
  `DISPLAYNAME` varchar(100) DEFAULT NULL,
  `CTSUPERVISORYDEPARTMENT` varchar(100) DEFAULT NULL
) ENGINE=InnoDB DEFAULT CHARSET=utf8;

/*Data for the table `oa_dept` */

/*Table structure for table `oa_org_branch` */

DROP TABLE IF EXISTS `oa_org_branch`;

CREATE TABLE `oa_org_branch` (
  `BRANCH_ID` int(100) NOT NULL AUTO_INCREMENT,
  `AREA_NO` varchar(100) DEFAULT NULL,
  `CITY_NO` varchar(100) DEFAULT NULL,
  `BRANCH_NAME` varchar(100) DEFAULT NULL,
  `BRANCH_DESC` varchar(100) DEFAULT NULL,
  `CREATE_TIME` date DEFAULT NULL,
  `CREATE_USER` varchar(100) DEFAULT NULL,
  `UPDATE_TIME` date DEFAULT NULL,
  `UPDATE_USER` varchar(100) DEFAULT NULL,
  `STATUS` varchar(10) DEFAULT NULL,
  PRIMARY KEY (`BRANCH_ID`)
) ENGINE=InnoDB AUTO_INCREMENT=21 DEFAULT CHARSET=utf8;

/*Data for the table `oa_org_branch` */

insert  into `oa_org_branch`(`BRANCH_ID`,`AREA_NO`,`CITY_NO`,`BRANCH_NAME`,`BRANCH_DESC`,`CREATE_TIME`,`CREATE_USER`,`UPDATE_TIME`,`UPDATE_USER`,`STATUS`) values (19,'431','43101','支局名称1','支局描述2','2013-12-25','admin','2013-12-25','admin','0'),(20,'432','43204','5588','6688','2013-12-25','admin','2013-12-25','admin','0');

/*Table structure for table `oa_user` */

DROP TABLE IF EXISTS `oa_user`;

CREATE TABLE `oa_user` (
  `DN` varchar(100) DEFAULT NULL,
  `CN` varchar(100) DEFAULT NULL,
  `OBJECTCLASS` varchar(100) DEFAULT NULL,
  `UUID` varchar(100) DEFAULT NULL,
  `CTENTRYID` varchar(100) DEFAULT NULL,
  `USERPASSWORD` varchar(100) DEFAULT NULL,
  `GIVENNAME` varchar(100) DEFAULT NULL,
  `CTTRANSFERPNAME` varchar(100) DEFAULT NULL,
  `USERTYPE` varchar(100) DEFAULT NULL,
  `CTEMPLOYEENUMBER` varchar(100) DEFAULT NULL,
  `TITLE` varchar(100) DEFAULT NULL,
  `CTSTATUS` varchar(100) DEFAULT NULL,
  `CTEMPLOYEETYPE` varchar(100) DEFAULT NULL,
  `ST` varchar(100) DEFAULT NULL,
  `CTPOSITION` varchar(100) DEFAULT NULL,
  `CTPREFERREDMOBILE` varchar(100) DEFAULT NULL,
  `CTPLURALITYPNAME` varchar(100) DEFAULT NULL,
  `MAIL` varchar(100) DEFAULT NULL,
  `SN` varchar(100) DEFAULT NULL,
  `OU` varchar(100) DEFAULT NULL,
  `UUMONAME` varchar(100) DEFAULT NULL,
  `C` varchar(100) DEFAULT NULL,
  `O` varchar(100) DEFAULT NULL,
  `L` varchar(100) DEFAULT NULL,
  `CTPLURALITYDNAME` varchar(100) DEFAULT NULL,
  `CTPLURALITYTITLE` varchar(100) DEFAULT NULL,
  `CTTRANSFERTITLE` varchar(100) DEFAULT NULL,
  `TELEPHONENUMBER` varchar(100) DEFAULT NULL,
  `CTPLURALITYDORDER` varchar(100) DEFAULT NULL,
  `CTORDER` varchar(100) DEFAULT NULL,
  `UUMOUNAME` varchar(100) DEFAULT NULL,
  `CTTRANSFERDNAME` varchar(100) DEFAULT NULL,
  `CTGENDER` varchar(100) DEFAULT NULL,
  `CTTRANSFERSTATUS` varchar(100) DEFAULT NULL,
  `CTPLURALITYTITLENUMBER` varchar(100) DEFAULT NULL,
  `CTPLURALITYONUMBER` varchar(100) DEFAULT NULL,
  `CTIDENTITYNUMBER` varchar(100) DEFAULT NULL,
  `CTTITLENUMBER` varchar(100) DEFAULT NULL,
  `CTTRANSFERPNUMBER` varchar(100) DEFAULT NULL,
  `CTPLURALITYDNUMBER` varchar(100) DEFAULT NULL,
  `CTBELONGCORP` varchar(100) DEFAULT NULL,
  `CTPOSITIONNUMBER` varchar(100) DEFAULT NULL,
  `CTPLURALITYONAME` varchar(100) DEFAULT NULL,
  `CTPLURALITYPNUMBER` varchar(100) DEFAULT NULL,
  `CTTRANSFERDNUMBER` varchar(100) DEFAULT NULL,
  `CTSYNC` varchar(100) DEFAULT NULL,
  `CTTRANSFERTITLENUMBER` varchar(100) DEFAULT NULL,
  `MOBILE` varchar(100) DEFAULT NULL
) ENGINE=InnoDB DEFAULT CHARSET=utf8;

/*Data for the table `oa_user` */

/*Table structure for table `oct_account` */

DROP TABLE IF EXISTS `oct_account`;

CREATE TABLE `oct_account` (
  `account_code` varchar(30) NOT NULL,
  `account_name` varchar(100) DEFAULT NULL,
  `account_desc` varchar(200) DEFAULT NULL,
  `created_user` varchar(30) DEFAULT NULL,
  `created_date` varchar(30) DEFAULT NULL,
  `modified_user` varchar(30) DEFAULT NULL,
  `modified_date` varchar(30) DEFAULT NULL
) ENGINE=InnoDB DEFAULT CHARSET=utf8;

/*Data for the table `oct_account` */

insert  into `oct_account`(`account_code`,`account_name`,`account_desc`,`created_user`,`created_date`,`modified_user`,`modified_date`) values ('100','bonc','东方国信','101','20161214',NULL,NULL);

/*Table structure for table `ods_new_user` */

DROP TABLE IF EXISTS `ods_new_user`;

CREATE TABLE `ods_new_user` (
  `ODS_NO` varchar(30) DEFAULT NULL,
  `NEW_USER` varchar(20) DEFAULT NULL
) ENGINE=MyISAM DEFAULT CHARSET=utf8;

/*Data for the table `ods_new_user` */

insert  into `ods_new_user`(`ODS_NO`,`NEW_USER`) values ('37142113058150','31.333333333333332'),('37142613049104','45'),('37142213049138','25'),('37142113050758','12'),('37148113051484','8'),('37144002933013','55'),('37144002933012','50'),('1461024021','60'),('J3705021644414','25'),('J3705021651118','45'),('J3705021652818','50'),('J3705021654964','50'),('J3705021655566','38'),('J3705021655664','30'),('J3705021656087','25'),('J3705211622283','48'),('1461104633','30'),('1461424933','30'),('1461490091','30'),('J3705221628693','30'),('J3705221643278','20'),('J3705221652117','30'),('J3705221660082','30'),('J3705231640383','30'),('J3705231643374','60'),('J3705231645193','15'),('J3705231660765','40'),('J3705231661462','40'),('J3705231663228','0'),('J3705231663529','40'),('J3705231664092','60'),('1461082528','27'),('HZDL-006294','30'),('J3705031630482','111'),('J3705031642504','19'),('J3705031643696','159'),('J3705411651997','70'),('J3705411652000','80'),('J3717211634983','20'),('J3717221640491','50'),('J3717241664956','44.833333333333336'),('J3717261631784','65.5'),('J3717251626173','56.6'),('J3717401643133','27.75'),('37010513044134','25.333333333333332'),('37014013047482','4.333333333333333'),('37014013048325','15.666666666666666'),('JNLX034','28.666666666666668'),('37010202970890','29.666666666666668'),('37010213044645','57.666666666666664'),('37010213052886','50.666666666666664'),('37018113063416','49'),('37018102879171','28.666666666666668'),('37082813051739','15'),('37083013064690','65'),('37083213059119','108'),('37089913058637','30'),('37081113061300','29'),('37088113041664','62'),('J3708991642923','20.6'),('37120203019391','18'),('37120203001767','160'),('37120213066283','140'),('37120203001757','97'),('37120213048564','50'),('37120213039685','70'),('37150203004354','45'),('37150213044011','23'),('37152513044029','69'),('37152203022245','10'),('37152213062797','21'),('37152202920492','77'),('37152113044285','15'),('37152113046692','33'),('37152613054870','96'),('37152613056183','58'),('37152613059714','27'),('J3715241622485','20'),('J3715241623636','19'),('J3715021621590','26'),('J3715261638065','29'),('J3715251621743','38'),('J3715251623883','25'),('J3715251621745','20'),('J3715811622164','17'),('J3715811626588','24'),('J3715811644673','2'),('J3715221619547','32'),('J3715221621923','9'),('J3715221622826','16'),('J3715221624797','45'),('J3715211621365','7'),('J3715211622303','23'),('J3715211622315','26'),('J3715211623625','9'),('J3715211623733','21'),('J3715211624084','20'),('J3715211642584','60'),('37020313054826','75'),('37020313068730','106'),('37021402990795','57'),('37021403017477','17'),('37024013062529','3'),('37024103017783','155'),('37024113050744','25'),('37024113051534','0'),('37024113051535','0'),('37024113051538','1'),('37028113048954','30'),('37028113059496','50'),('37028113061019','0'),('1321532994','100'),('37028502984193','23'),('37028502984195','30'),('37028502984198','30'),('37028502984199','35'),('37028502984204','12'),('37028502984669','7'),('37028502995315','27'),('37028502997016','50'),('37028503005953','25'),('37028503011709','7'),('37028513059378','31'),('37028513061799','12'),('37028513066474','13'),('37112213042785','23'),('37110313062128','15'),('37112113058454','48'),('J3709231639844','47.333333333333336'),('J3709211630473','92.66666666666667'),('3811563091','35'),('HZWD-003392','34'),('37078613055803','2.3333333333333335'),('37078613059866','1.6666666666666667'),('37078633044422','35'),('37078513060963','4'),('37070313061777','14'),('37074002919363','15.333333333333334'),('37074013063877','19.333333333333332'),('37072413060917','4'),('37078113044986','26'),('37078113061775','11.333333333333334'),('37078303033700','32.333333333333336'),('37078313052784','12.333333333333334'),('37078313052785','21.333333333333332'),('37078313052786','17.333333333333332'),('37078313050384','13'),('37070233062117','16.333333333333332'),('3706001001581','220'),('3706001002052','230'),('3706831001331','60'),('3706831000002','163'),('3706811001183','45'),('3706811001187','63'),('3706811001180','21'),('3706811000142','72'),('3706811001189','113'),('3706811001191','69'),('3706811001196','51'),('3706811001213','49'),('3706811001220','255'),('3706811001251','122'),('3706811000425','127'),('3706121000536','16'),('3706121000528','23'),('3706121000541','131'),('3706841000495','81'),('3706861000489','78'),('3706851000591','22'),('3706001002188','75'),('37040602999503','62'),('37040213058054','46.666666666666664'),('37040213063978','23.333333333333332'),('37040213065220','92.66666666666667'),('37048113056803','25.333333333333332'),('37048113058795','30.333333333333332'),('37048113062853','35.333333333333336'),('37048113063197','33.666666666666664'),('37048113063498','27'),('37048113064504','20.333333333333332'),('37048113064548','28'),('37048113064815','30.333333333333332'),('37048113064931','24.666666666666668'),('37048113065263','37.666666666666664'),('37048113066107','14.333333333333334'),('37030613054829','35'),('37030113066858','54'),('37142202998763','68'),('37142613037065','43'),('37142602881336','83.33333333333333'),('37142202991278','37'),('37148113037092','37'),('37142402991751','17.333333333333332'),('DZPY005','10.333333333333334'),('37142303005492','31.666666666666668'),('37142302993204','6.666666666666667'),('37142502992685','26.666666666666668'),('37148102998385','30.666666666666668'),('37148213059873','56'),('37142613068585','30'),('37142602983258','15'),('37142613063751','15'),('37142613038409','35'),('37142302951736','33'),('37142302995842','90'),('37142102933910','16'),('37142103013871','22'),('37142102996376','25'),('37142503002310','37'),('37142513046368','13'),('37142502991754','20'),('DZQH014','32'),('37142513039187','15'),('DZQH008','23'),('37142713050524','24.3333333333333'),('DZXJ011','23'),('37142713056994','26.6666666666667'),('37142713052805','19.6666666666667'),('37142413038514','36'),('37142402999886','26'),('37142402991991','25'),('37142413043986','4.3'),('37142413044035','40'),('37148102998281','21'),('37142802999764','17'),('37142713049360','25'),('1461067101','58'),('1461519984','25'),('J3705021625746','25'),('1461082146','61'),('HZDL-001467','27'),('J3705211620751','0'),('1461495179','90'),('1461556154','50'),('1461029785','50'),('J3705231623326','60'),('1461031969','68'),('J3717211614725','120'),('J3717211614891','40'),('J3717211614132','60'),('J3717231624965','55'),('J3717221622457','36'),('J3717281617488','45'),('1301046947','76'),('J3717261612765','86.22222222222223'),('J3717021613506','42'),('JNSZ004','177.33333333333334'),('37010213040125','86.33333333333333'),('37159902997484','40'),('37159913046764','50'),('37154002953473','40'),('37152513063554','25'),('37152203003606','32'),('1651027413','22'),('1651107009','19'),('1651035960','50'),('1651036563','15'),('HZWD-004166','35'),('1651035929','29'),('1651035940','12'),('1651035908','32'),('6501558161','11'),('1651036583','35'),('1651036580','48'),('P0LCDCDK','65'),('1651112258','23'),('1651036057','31'),('1651036043','53'),('1651036181','31'),('1651036097','50'),('HZWD-002152','24'),('6511424051','35'),('6511439983','24'),('1651036517','52'),('1651113158','53'),('1651036515','84'),('1651036533','121'),('6511495231','26'),('1651036450','27'),('1651036341','45'),('1651036500','25'),('1651036458','23'),('1651036442','27'),('6511504070','31'),('P0LCSXGZ','17'),('1651036574','40'),('6501562997','28'),('1651036028','25'),('1651036031','25'),('6501549073','17'),('37020313039916','100'),('37020313043483','120'),('37020313054963','52'),('37112213069404','0'),('37112213036984','27'),('37112213037652','18'),('J3709821625224','88.33333333333333'),('1381032964','123'),('J3709821617793','142'),('J3709831617771','75'),('J3709231617768','29.666666666666668'),('J3709211617764','2'),('J3709211617763','1.6666666666666667'),('J3709831617549','32'),('J3709031616810','72'),('J3709831616789','34.333333333333336'),('J3709831616703','57'),('J3709211613743','49'),('3811565988','34'),('37072513067943','19'),('37078613043221','33'),('37070502978903','70'),('37078302999604','19'),('37078313045535','26'),('37070203025556','16.666666666666668'),('3706001001369','129'),('3706001001355','225'),('3706001001577','223'),('3706831001061','50'),('3706831000091','50'),('3706831000153','39'),('3706831001016','165'),('3706831000129','58'),('3706831000356','55'),('3706811000155','110'),('3706121000394','163'),('3706841000329','95'),('3706841000350','88'),('3706841000276','66'),('3706841000020','146'),('3706841000352','76'),('3706841000214','364'),('3706841000024','46'),('3706861000174','39'),('3706861000008','75'),('3706001001124','409'),('3706821000291','241'),('3706821000699','117'),('37040602946960','31'),('37040202954925','51.333333333333336'),('37040202965605','47'),('37030613038334','11'),('37030613038908','13'),('37030413037414','110'),('37032313037429','140'),('37030102948695','65'),('37030502993451','200'),('37030503015305','70'),('37039933038283','15'),('37039913038629','70'),('37039913038633','20'),('37039913041364','10'),('37039913038632','10'),('37039902984962','7'),('37039913038663','30'),('37032303014295','35'),('37032313043110','50'),('J3716211663674','20'),('J3716231663035','30'),('J3716211663675','25'),('J3716241665134','50'),('J3716261663272','35'),('J3716221663678','0'),('J3716231663031','15'),('J3716211664334','60'),('J3716021662801','0'),('J3716231664723','0'),('J3716041665407','0'),('J3716241665132','40'),('3716231001103','50'),('DZXJ001','37.333333333333336'),('37142613064524','25'),('37142213065005','20'),('37142302992226','0'),('37142413068948','16'),('37142413066882','24'),('37142813069916','7'),('37140202992669','15'),('HZDL-003159','50'),('J3705021662718','30'),('J3705021662719','20'),('J3705021663633','30'),('J3705021663981','20'),('J3705021664898','30'),('J3705211660084','16'),('J3705211663971','0'),('J3705031655540','16'),('J3705031655891','34'),('J3705031664102','0'),('J3705411662229','25'),('JNSZ006','140.66666666666666'),('37010313039732','8.333333333333334'),('37010313039745','45'),('37010313043106','13.666666666666666'),('JNTQ005','69'),('JNTQ004','22.666666666666668'),('37010503031034','189.33333333333334'),('37010513066935','7.666666666666667'),('37010513068924','13.666666666666666'),('37010402958153','68.66666666666667'),('37010413048037','31.666666666666668'),('37014013071579','0'),('37014013072609','0'),('37010233058094','8'),('JNSH007','39.333333333333336'),('37012603020164','21.333333333333332'),('37012613040026','32.333333333333336'),('37012613067582','23'),('37012613067776','6.333333333333333'),('37012402879916','29.333333333333332'),('37012413039227','1.3333333333333333'),('37012413043204','16'),('37012413045318','2'),('37012413046500','8.666666666666666'),('37011302935025','71.66666666666667'),('37011313068554','229.33333333333334'),('37018102960083','12.333333333333334'),('37018113066871','0'),('37018113067474','76.66666666666667'),('37018113071576','5'),('37012513040084','18.333333333333332'),('37012513040764','8'),('37012513041793','5.333333333333333'),('37012513042863','2.3333333333333335'),('37012513049376','1.6666666666666667'),('37012513050863','3.3333333333333335'),('37012513051597','12'),('37012513051802','0'),('37012513054607','7.666666666666667'),('37011202877897','49.666666666666664'),('37011203020508','25.666666666666668'),('37011213064471','31.333333333333332'),('37011213068065','15'),('37011213064416','5.333333333333333'),('37011213070069','0'),('37150213061707','16'),('37158102994571','56'),('37152203018475','40'),('37152113064475','30'),('37152113065780','45'),('37152113066865','35'),('37152413043441','30'),('37152413057044','30'),('37152313044050','48'),('37152313062979','20'),('37152213064122','30'),('37152213064123','26'),('37152213062482','30'),('J3715231656083','48'),('J3715231657502','25'),('J3715231659442','64'),('J3715231660928','61'),('J3715241662554','9'),('J3715021664243','0'),('J3715261654543','26'),('J3715261654544','24'),('J3715261658385','30'),('J3715261658386','13'),('J3715261660447','110'),('J3715261663798','16'),('J3715251659943','115'),('J3715251661408','20'),('J3715251661381','0'),('3715251001009','0'),('J3715401662260','12'),('J3715401659908','56'),('J3715401659913','38'),('J3715991666139','0'),('J3715811662474','45'),('J3715811666180','0'),('J3715221642735','16'),('J3715221659903','131'),('J3715221661284','34'),('J3715221662492','1'),('J3715211649917','16'),('J3715211651218','23'),('J3715211653083','15'),('J3713111653089','56'),('J3713111661980','49'),('37020203023637','22'),('37020213052843','46'),('37020213062521',NULL),('37020213066627',NULL),('37021202988441','22'),('37021203013257','80'),('37021213057689','23'),('37021213057691','12'),('37021213064803','35'),('37021403016099','19'),('37021413039695','26'),('37028102990278','25'),('37028102995151','40'),('37028102996992','20'),('37028113061784','20'),('37028113063301','10'),('37028113065705','25'),('37028113071343','20'),('J3702811660973','15'),('37028202986096','204'),('37028202986558','42'),('37028202991820','29'),('37028202997501','65'),('37028203004209','11'),('37028203006381','23'),('37028203010381','31'),('37028203015017','45'),('37028213042950','24'),('37028213072393','3'),('37028213052744','10'),('37028213052057','91'),('37028213051345','17'),('37028213057814','10'),('37028213059676','33'),('37028213063268','7'),('37028213056128','10'),('37028213059561','20'),('37028213062457','8'),('37028302990788','31'),('37028302991960','9'),('37028302994416','21'),('37028302994419','10'),('37028302998433','14'),('37028313037984','9'),('37028313039134','5'),('37028313043285','19'),('37028313048414','8'),('37028313051065','6'),('37028313051367','2'),('37028313053664','13'),('37028313058082','1'),('37028313058144','7'),('37028313058279','7'),('37028313060459','11'),('37028313060462','11'),('37028313061261','8'),('37028313061463','6'),('37028313063817','40'),('37028313064880','13'),('37028313066433','17'),('37028313066500','0'),('37028313066508','5'),('37028313066460','5'),('37028402985301','17'),('37028402987479','19.5'),('37028402987486','34'),('37028413038742','24'),('37028413043072','9'),('37028413051523','16'),('37028413070016','7.5'),('37028413070031','43'),('37110213071899','0'),('37110213039243','24'),('RZDG053','175'),('37110213067937','6'),('37112113068184','15'),('37119913048911','14'),('37119913071645','0'),('37119913063264','40'),('37119902993129  ','40'),('37119913071663','0'),('RZXS003','39'),('37110213057008','52'),('37110213068103','1.6666666666666667'),('37110203017272','21.333333333333332'),('37110313068440','4'),('37110313066697','15.333333333333334'),('37112113066139','21'),('3709021001539','0'),('3709821001389','0'),('3709021001530','0'),('J3709831665892','0'),('J3709831665327','10'),('J3709831664902','15'),('J3709821664812','0'),('J3709831664744','0'),('J3709231664303','0'),('J3709831664161','17'),('J3709231663256','0'),('J3709831663140','4'),('J3709821662830','21'),('J3709211662765','53'),('J3709211662215','0'),('J3709831661209','20.666666666666668'),('J3709831659563','26.6666666666667'),('J3709831658443','11'),('37104102972852','64.33333333333333'),('37104102999590','79'),('37104003017022','46.666666666666664'),('37104013043494','50.666666666666664'),('37104002934158','31'),('37100213037730','41.333333333333336'),('WHHC025','39.333333333333336'),('37108113067891','10.333333333333334'),('37108103017678','36.333333333333336'),('37108113072458','0'),('37108113071871','0'),('37108203018519','33.333333333333336'),('37108213071865','0'),('37108213072464','0'),('37108213071863','0'),('37108213071864','0'),('37108313061683','37.333333333333336'),('37108303006356','45.666666666666664'),('37108313046846','14'),('37108303017655','1.3333333333333333'),('J3710831665921','12'),('37078402938942','19'),('37078413037494','13.333333333333334'),('37078413037496','9.666666666666666'),('37078433037501','20'),('37070402923879','13'),('37070413040006','8.666666666666666'),('37078513069722','3.6666666666666665'),('37070513061431','20.333333333333332'),('37072402991287','10.666666666666666'),('37072413037618','12'),('WFQZ005','18.333333333333332'),('37078202964211','40.666666666666664'),('3706001000041','128'),('3706011001151','0'),('3706011001238','0'),('3706001000041','128'),('3706001001705','110'),('3706013001114','0'),('3706001002186','104'),('3706013001087','0'),('3706831000477','212'),('3706831000196','196'),('3706831000987','69'),('3706831001506','7'),('3706831000283','167'),('3706831001500','0'),('3706831001374','62'),('3706831000854','112'),('3706121000593','42'),('3706121000539','22'),('3706121000540','15'),('3706841000523','65'),('3706861000294','170'),('3706851000643','62'),('3706851000674','63'),('3706001002180','98'),('3706001002202','40'),('3706001002137','86'),('37040313072160','0'),('37040413067529','22.666666666666668'),('37048113072757','0'),('37048113067570','27.333333333333332'),('37030613038105','20'),('37030613037424','66'),('37032213047744','115'),('37030113066365','190'),('37032113037327','176'),('37030613037424','66'),('37030513037419','182'),('37039913068692','50'),('37039913059883','200'),('37039913037338','20'),('37039913068173','1'),('37039902994694','40'),('37039913068587','20'),('37030202993529','80'),('37030213068223','10'),('37030213066939','2'),('37030213037409','202'),('J3705021646233',NULL),('37010402986348','87.33333333333333'),('37020213060456','6月10日到期不续租'),('37020213067659','8月1日到期不续租'),('37020513050254','6月15号到期不续租'),('37021203023873',NULL),('37028113039792',NULL),('37028113049105',NULL),('37028113066690',NULL),('37028402995253',NULL),('J3709831663142','属校园门店'),('3706831001295','43'),('3706861000344','175'),('3706861000356','23'),('3706861000031','16'),('3706861000326','85'),('3706861000491','27'),('3706861000273','97');

/*Table structure for table `role_test` */

DROP TABLE IF EXISTS `role_test`;

CREATE TABLE `role_test` (
  `role_code` varchar(50) DEFAULT NULL
) ENGINE=InnoDB DEFAULT CHARSET=utf8;

/*Data for the table `role_test` */

insert  into `role_test`(`role_code`) values (NULL),(NULL),(NULL),(NULL),(NULL),(NULL),(NULL),(NULL),(NULL),(NULL);

/*Table structure for table `sd_area` */

DROP TABLE IF EXISTS `sd_area`;

CREATE TABLE `sd_area` (
  `ORG_ID` varchar(10) DEFAULT NULL,
  `ORG_NAME` varchar(200) DEFAULT NULL,
  `AREA_ONE` varchar(10) DEFAULT NULL,
  `AREA_ONE_NAME` varchar(200) DEFAULT NULL,
  `AREA_TWO` varchar(10) DEFAULT NULL,
  `AREA_NAME` varchar(200) DEFAULT NULL,
  `CITY_NO` varchar(10) DEFAULT NULL,
  `CITY_NAME` varchar(200) DEFAULT NULL,
  `TOWN_NO` varchar(10) DEFAULT NULL,
  `TOWN_NAME` varchar(200) DEFAULT NULL,
  `AREA_NO` int(5) DEFAULT NULL,
  `CITY_DESC` varchar(200) DEFAULT NULL,
  `FLAG_URBAN` int(11) DEFAULT NULL,
  `BRANCH_ID` varchar(32) DEFAULT NULL,
  `BRANCH_NAME` varchar(100) DEFAULT NULL,
  `BRANCH_TYPE` varchar(32) DEFAULT NULL,
  `FLAG_URBAN1` int(11) DEFAULT NULL,
  `AREA_GRADE` varchar(32) DEFAULT NULL,
  `BRANCH_LEVEL` int(11) DEFAULT NULL,
  `MANAGE_TYPE` int(11) DEFAULT NULL
) ENGINE=MyISAM DEFAULT CHARSET=utf8;

/*Data for the table `sd_area` */

/*Table structure for table `sequence` */

DROP TABLE IF EXISTS `sequence`;

CREATE TABLE `sequence` (
  `seq_name` varchar(50) NOT NULL,
  `current_val` int(11) NOT NULL,
  `increment_val` int(11) NOT NULL DEFAULT '1',
  PRIMARY KEY (`seq_name`)
) ENGINE=InnoDB DEFAULT CHARSET=utf8;

/*Data for the table `sequence` */

insert  into `sequence`(`seq_name`,`current_val`,`increment_val`) values ('aaa',1,1),('e_ind_seq',260,1),('E_ln_seq',2,1),('E_MENU_IND_SEQ',2,1),('E_M_SEQ',20,1),('e_role_seq',440,1),('KPI_SERVICE_SEQ',23,1),('LOG',6,1),('X_BFINFO_SEQ',8,1),('X_FORMULA_SEQ',2,1),('X_KPI_AUDIT_SEQ',7,1),('X_KPI_INFO_SEQ',68,1),('X_KPI_LOG_SEQ',32,1),('X_KPI_SQL_SEQ',5,1),('X_REPORT_UPLOAD_DATA_SEQ',3,1);

/*Table structure for table `sys_const_table` */

DROP TABLE IF EXISTS `sys_const_table`;

CREATE TABLE `sys_const_table` (
  `const_type` varchar(16) NOT NULL,
  `const_name` varchar(64) NOT NULL,
  `const_value` varchar(64) DEFAULT NULL,
  `const_desc` varchar(256) DEFAULT NULL
) ENGINE=InnoDB DEFAULT CHARSET=utf8;

/*Data for the table `sys_const_table` */

insert  into `sys_const_table`(`const_type`,`const_name`,`const_value`,`const_desc`) values ('var.dss','calendar.maxmonth','201307','数据可查询的最大月份'),('var.dss','calendar.minmonth','201012','数据可查询的最小月份'),('var.dss','calendar.mindate','20070101','数据最早日期，控制日历用'),('var.dss','calendar.curdate','20160130','当期日期');

/*Table structure for table `t_xm_cust_income_month` */

DROP TABLE IF EXISTS `t_xm_cust_income_month`;

CREATE TABLE `t_xm_cust_income_month` (
  `BILL_MONTH` varchar(6) DEFAULT NULL,
  `BW_DATA_TYPE` varchar(300) DEFAULT NULL COMMENT '收入来源类型',
  `BW_DATA_REL` varchar(300) DEFAULT NULL,
  `BW_DATA_DESC` varchar(300) DEFAULT NULL COMMENT '收入来源描述',
  `PROD_SPEC_CODE` varchar(300) DEFAULT NULL COMMENT '产品编码',
  `PROD_SPEC_REL` varchar(300) DEFAULT NULL,
  `PROD_SPEC_DESC` varchar(300) DEFAULT NULL COMMENT '产品名称',
  `CHRG_ITEM_CATGY_ID` varchar(300) DEFAULT NULL COMMENT '科目编码',
  `CHRG_ITEM_CATGY_BUSI_REL` varchar(300) DEFAULT NULL,
  `CHRG_ITEM_CATGY_DESC` varchar(300) DEFAULT NULL COMMENT '科目名称',
  `CUST_CODE` varchar(300) DEFAULT NULL COMMENT '客户编码',
  `CUST_NAME` varchar(300) DEFAULT NULL COMMENT '客户名称',
  `ROOT_CUST_CODE` varchar(300) DEFAULT NULL COMMENT '根客户编码',
  `ROOT_CUST_NAME` varchar(300) DEFAULT NULL COMMENT '根客户名称',
  `CUST_MANAGER` varchar(300) DEFAULT NULL COMMENT '客户经理',
  `CUST_MANAGER_NO` varchar(300) DEFAULT NULL,
  `AREA_ID` varchar(300) DEFAULT NULL,
  `AREA_NAME` varchar(300) DEFAULT NULL,
  `ADM_BRANCH` varchar(300) DEFAULT NULL,
  `CUST_TYPE_CODE` varchar(300) DEFAULT NULL,
  `KEY_CUST` varchar(300) DEFAULT NULL,
  `INCOME_THISMON` int(11) DEFAULT NULL COMMENT '当月收入',
  `INCOME_LASTMON` int(11) DEFAULT NULL COMMENT '上月收入',
  `INCOME_LASTYEAR` int(11) DEFAULT NULL COMMENT '去年同月收入',
  `INCOME_ACCU_THYR` int(11) DEFAULT NULL COMMENT '当年累计收入  ',
  `INCOME_ACCU_LAYR` int(11) DEFAULT NULL COMMENT '去年同期累计收入'
) ENGINE=InnoDB DEFAULT CHARSET=utf8;

/*Data for the table `t_xm_cust_income_month` */

insert  into `t_xm_cust_income_month`(`BILL_MONTH`,`BW_DATA_TYPE`,`BW_DATA_REL`,`BW_DATA_DESC`,`PROD_SPEC_CODE`,`PROD_SPEC_REL`,`PROD_SPEC_DESC`,`CHRG_ITEM_CATGY_ID`,`CHRG_ITEM_CATGY_BUSI_REL`,`CHRG_ITEM_CATGY_DESC`,`CUST_CODE`,`CUST_NAME`,`ROOT_CUST_CODE`,`ROOT_CUST_NAME`,`CUST_MANAGER`,`CUST_MANAGER_NO`,`AREA_ID`,`AREA_NAME`,`ADM_BRANCH`,`CUST_TYPE_CODE`,`KEY_CUST`,`INCOME_THISMON`,`INCOME_LASTMON`,`INCOME_LASTYEAR`,`INCOME_ACCU_THYR`,`INCOME_ACCU_LAYR`) values ('201603','DS01100000','kaizhang','开账','465','yidong','移动电话','13005122','10004832','十五、移动收入','202111396997','上海千维计算机科技有限公司','202111396997','上海千维计算机科技有限公司','史立军',NULL,NULL,NULL,'闵行分局',NULL,'大型客户-单计',0,0,0,0,0),('201603','DS01100000','kaizhang','开账','465','yidong','移动电话','13005122','10004832','十五、移动收入','202111510384','上海都市特易购超市有限公司','202113466844','特易购乐购（中国）投资有限公司','赵彦飞',NULL,NULL,NULL,'莘建分局',NULL,'白金卡大客户',0,0,0,0,0),('201603','DS01100000','kaizhang','开账','465','yidong','移动电话','13005122','10004832','十五、移动收入','202111640377','上海佳吉快运有限公司','202111640377','上海佳吉快运有限公司','青浦',NULL,NULL,NULL,'浦江分局',NULL,'外区局名单制客户',0,0,0,0,0),('201603','DS01100000','kaizhang','开账','465','yidong','移动电话','13005122','10004832','十五、移动收入','202112512991','上海盛世龙文教育培训有限公司','202111930735','上海盛世龙文教育培训有限公司','西区',NULL,NULL,NULL,'梅陇分局',NULL,'外区局名单制客户',0,0,0,0,0),('201603','DS09100000','tiaozhang','通信费调整','482','zhuanxian','专线上网','10004618','10002833','九、宽带上网业务收入','202111951493','上海伟江实业有限公司','202111951493','上海伟江实业有限公司','史立军',NULL,NULL,NULL,'七宝分局',NULL,'大型客户-双计',-81462,-81458,-39800,-244378,-119400),('201603','DS55000000','xiaozhangbushou','销帐补收','101','gudingdianhua','固定电话','10004403','10002677','六、电话增值业务收入','202110633964','中国光大银行上海分行闵行支行','202111165667','中国光大银行股份有限公司上海分行','赵彦飞',NULL,NULL,NULL,'莘建分局',NULL,'白金卡大客户',500,0,0,500,0),('201603','DS55000000','xiaozhangbushou','销帐补收','101','gudingdianhua','固定电话','10004403','10002677','六、电话增值业务收入','202110647655','强生制药有限公司','202110208703','强生（中国）有限公司','凌云',NULL,NULL,NULL,'闵行分局',NULL,'白金卡大客户',4200,0,0,4200,0),('201603','DS55000000','xiaozhangbushou','销帐补收','101','gudingdianhua','固定电话','10006171','10002426','一、本地业务收入','202111895765','上海焦点实业有限公司','202111895765','上海焦点实业有限公司','施丰',NULL,NULL,NULL,'莘建分局',NULL,'大型客户-双计',2,0,0,2,0),('201603','DS55000000','xiaozhangbushou','销帐补收','101','gudingdianhua','固定电话','10006185','10002426','一、本地业务收入','202111895765','上海焦点实业有限公司','202111895765','上海焦点实业有限公司','施丰',NULL,NULL,NULL,'莘建分局',NULL,'大型客户-双计',464,0,0,464,0),('201603','DS09100000','tiaozhang','通信费调整','117','gudingdianhua','固定电话','10006695','10002426','一、本地业务收入','202111945073','上海华谊（集团）公司技术中心','202110658563','上海华谊（集团）公司','南区',NULL,NULL,NULL,'闵行分局',NULL,'外区局名单制客户',-2901,0,0,-2901,0),('201603','DS09100000','tiaozhang','通信费调整','117','gudingdianhua','固定电话','10006695','10002426','一、本地业务收入','202112476265','上海精锐教育培训有限公司','202111515017','上海精锐教育培训有限公司','东区',NULL,NULL,NULL,'梅陇分局',NULL,'外区局名单制客户',-24,0,0,-24,0),('201603','DS09100000','tiaozhang','通信费调整','117','gudingdianhua','固定电话','10006695','10002426','一、本地业务收入','202112492009','爱思开沥青（上海）有限公司','202112492009','爱思开沥青（上海）有限公司','西区',NULL,NULL,NULL,'七宝分局',NULL,'外区局名单制客户',-30952,-56448,0,-87400,0),('201603','DS09100000','tiaozhang','通信费调整','123','gudingdianhua','固定电话','10002534','10002528','三、国内长途业务收入','202111910005','艾欧史密斯（南京）水处理产品有限公司','202111910005','艾欧史密斯（南京）水处理产品有限公司','施丰',NULL,NULL,NULL,'七宝分局',NULL,'大型客户-单计',-1953,-2281,-5319,-12936,-16105),('201603','DS09100000','tiaozhang','通信费调整','123','gudingdianhua','固定电话','10002534','10002528','三、国内长途业务收入','202111910005','艾欧史密斯（南京）水处理产品有限公司','202111910005','艾欧史密斯（南京）水处理产品有限公司','施丰',NULL,NULL,NULL,'莘建分局',NULL,'大型客户-单计',-1218,-1655,-14909,-5521,-72050),('201603','DS09100000','tiaozhang','通信费调整','123','gudingdianhua','固定电话','10003951','10002677','六、电话增值业务收入','202110059501','华东理工大学','202110059501','华东理工大学','金莺',NULL,NULL,NULL,'梅陇分局',NULL,'白金卡大客户',-400,-400,-2136,-1200,-2136),('201603','DS09100000','tiaozhang','通信费调整','123','gudingdianhua','固定电话','10003951','10002677','六、电话增值业务收入','202110158109','上海市农业科学院','202110158109','上海市农业科学院','奉贤',NULL,NULL,NULL,'七宝分局',NULL,'外区局名单制客户',-5,0,0,-5,0),('201603','DS09100000','tiaozhang','通信费调整','123','gudingdianhua','固定电话','10003976','10004581','十二、号百信息服务收入','202110059501','华东理工大学','202110059501','华东理工大学','金莺',NULL,NULL,NULL,'梅陇分局',NULL,'白金卡大客户',-900,-900,-3600,-2700,-3600),('201603','DS09100000','tiaozhang','通信费调整','123','gudingdianhua','固定电话','10003976','10004581','十二、号百信息服务收入','202110158109','上海市农业科学院','202110158109','上海市农业科学院','奉贤',NULL,NULL,NULL,'七宝分局',NULL,'外区局名单制客户',-21,0,0,-21,0),('201603','DS09100000','tiaozhang','通信费调整','123','gudingdianhua','固定电话','10004403','10002677','六、电话增值业务收入','202110059501','华东理工大学','202110059501','华东理工大学','金莺',NULL,NULL,NULL,'梅陇分局',NULL,'白金卡大客户',-300,-300,-1200,-900,-1200),('201603','DS09100000','tiaozhang','通信费调整','123','gudingdianhua','固定电话','10004403','10002677','六、电话增值业务收入','202110157895','上海市建筑科学研究院（集团）有限公司','202110157895','上海市建筑科学研究院（集团）有限公司','南区',NULL,NULL,NULL,'莘建分局',NULL,'外区局名单制客户',-483,0,0,-483,0),('201603','DS09100000','tiaozhang','通信费调整','123','gudingdianhua','固定电话','10004403','10002677','六、电话增值业务收入','202110158109','上海市农业科学院','202110158109','上海市农业科学院','奉贤',NULL,NULL,NULL,'七宝分局',NULL,'外区局名单制客户',-4,0,0,-4,0),('201603','DS09100000','tiaozhang','通信费调整','123','gudingdianhua','固定电话','10006189','10002426','一、本地业务收入','202110158109','上海市农业科学院','202110158109','上海市农业科学院','奉贤',NULL,NULL,NULL,'七宝分局',NULL,'外区局名单制客户',-20,0,0,-20,0),('201603','DS09100000','tiaozhang','通信费调整','123','gudingdianhua','固定电话','10006234','10002528','三、国内长途业务收入','202110158109','上海市农业科学院','202110158109','上海市农业科学院','奉贤',NULL,NULL,NULL,'七宝分局',NULL,'外区局名单制客户',-6,0,0,-6,0),('201603','DS09100000','tiaozhang','通信费调整','123','gudingdianhua','固定电话','13004838','10004832','十五、移动收入','202111910005','艾欧史密斯（南京）水处理产品有限公司','202111910005','艾欧史密斯（南京）水处理产品有限公司','施丰',NULL,NULL,NULL,'七宝分局',NULL,'大型客户-单计',-601,-749,-488,-2756,-2909),('201603','DS09100000','tiaozhang','通信费调整','123','gudingdianhua','固定电话','13004838','10004832','十五、移动收入','202111910005','艾欧史密斯（南京）水处理产品有限公司','202111910005','艾欧史密斯（南京）水处理产品有限公司','施丰',NULL,NULL,NULL,'莘建分局',NULL,'大型客户-单计',-13,-36,-30,-191,-304),('201603','DS09100000','tiaozhang','通信费调整','145','bohaokuandai','拨号宽带','10004138','10002833','九、宽带上网业务收入','202111895765','上海焦点实业有限公司','202111895765','上海焦点实业有限公司','施丰',NULL,NULL,NULL,'梅陇分局',NULL,'大型客户-双计',-12543,-12543,0,-37629,0),('201603','DS09100000','tiaozhang','通信费调整','145','bohaokuandai','拨号宽带','10004138','10002833','九、宽带上网业务收入','202112548966','上海莘盛网络科技有限公司','202112548966','上海莘盛网络科技有限公司','史立军',NULL,NULL,NULL,'闵行分局',NULL,'大型客户-双计',-41658,-41658,-41658,-124974,-124974),('201603','DS09100000','tiaozhang','通信费调整','145','bohaokuandai','拨号宽带','10004138','10002833','九、宽带上网业务收入','202112551384','上海瀚然科技发展有限公司','202112551384','上海瀚然科技发展有限公司','史立军',NULL,NULL,NULL,'七宝分局',NULL,'大型客户-双计',-343965,-383765,-455985,-1151295,-1154875),('201603','DS09100000','tiaozhang','通信费调整','174','bohaokuandai','拨号宽带','10004137','10002833','九、宽带上网业务收入','202111595224','上海禾年商务管理有限公司','202111267042','上海禾年商务管理有限公司','史立军',NULL,NULL,NULL,'莘建分局',NULL,'大型客户-双计',-22560,0,0,-22560,0),('201603','DS09100000','tiaozhang','通信费调整','181','bohaokuandai','拨号宽带','10004137','10002833','九、宽带上网业务收入','202110210711','德佑房地产经纪有限公司','202113359044','上海链家房地产经纪有限公司','西区',NULL,NULL,NULL,'七宝分局',NULL,'外区局名单制客户',-140960,0,0,-140960,0),('201603','DS09100000','tiaozhang','通信费调整','211','bohaokuandai','拨号宽带','10002946','10002940','十、互联网增值及视讯业务收','202110299405','上海市闵行区市场监督管理局','202114033303','上海市闵行区市场监督管理局','朱东青',NULL,NULL,NULL,'七宝分局',NULL,'大型客户-单计',-7730,0,0,-7730,0),('201603','DS09100000','tiaozhang','通信费调整','270','wangyuan','网元出租','10002984','10002976','十一、网元出租业务收入','202110667056','上海赛博电器有限公司','202110667056','上海赛博电器有限公司','赵一臻',NULL,NULL,NULL,'莘建分局',NULL,'大型客户-单计',-155000,-155000,-155000,-310000,-465000),('201603','DS09100000','tiaozhang','通信费调整','275','gudingdianhua','固定电话','10002433','10002426','一、本地业务收入','202110061446','上海宝信汽车销售服务有限公司','202110647640','上海开隆汽车贸易有限公司','蒋一伟',NULL,NULL,NULL,'七宝分局',NULL,'大型客户-单计',-26346,-26346,-56328,-112692,-84492),('201603','DS09100000','tiaozhang','通信费调整','482','zhuanxian','专线上网','10004618','10002833','九、宽带上网业务收入','202110363035','上海市公安局闵行分局七宝派出所','202110014548','上海市公安局闵行分局','赵一臻',NULL,NULL,NULL,'七宝分局',NULL,'大型客户-单计',-32662,0,0,-32662,0),('201603','DS09100000','tiaozhang','通信费调整','482','zhuanxian','专线上网','10004618','10002833','九、宽带上网业务收入','202110382583','上海讯源经贸发展有限公司','202110382583','上海讯源经贸发展有限公司','史立军',NULL,NULL,NULL,'莘建分局',NULL,'大型客户-双计',-34989,-34989,-41658,-104967,-124974),('201603','DS09100000','tiaozhang','通信费调整','482','zhuanxian','专线上网','10004618','10002833','九、宽带上网业务收入','202110407037','复旦大学附属儿科医院','202110407037','复旦大学附属儿科医院','刘冰妹',NULL,NULL,NULL,'梅陇分局',NULL,'大型客户-单计',-2170800,0,0,-2170800,0),('201603','DS09100000','tiaozhang','通信费调整','482','zhuanxian','专线上网','10004618','10002833','九、宽带上网业务收入','202110454966','上海市闵行区农业委员会执法大队','202110341428','上海市闵行区农业委员会','朱东青',NULL,NULL,NULL,'莘建分局',NULL,'大型客户-单计',-102538,0,0,-102538,0),('201603','DS09100000','tiaozhang','通信费调整','482','zhuanxian','专线上网','10004618','10002833','九、宽带上网业务收入','202110751360','上海国利汽车真皮饰件有限公司','202110751360','上海国利汽车真皮饰件有限公司','朱皓晢',NULL,NULL,NULL,'七宝分局',NULL,'大型客户-单计',-16667,-16667,0,-100002,0),('201603','DS09100000','tiaozhang','通信费调整','482','zhuanxian','专线上网','10004618','10002833','九、宽带上网业务收入','202110873855','苏州金螳螂建筑装饰股份有限公司','202112498851','苏州金螳螂建筑装饰股份有限公司上海分公司','西区',NULL,NULL,NULL,'七宝分局',NULL,'外区局名单制客户',-7299,-7299,0,-21897,0),('201603','DS09100000','tiaozhang','通信费调整','482','zhuanxian','专线上网','10004618','10002833','九、宽带上网业务收入','202111267042','上海禾年商务管理有限公司','202111267042','上海禾年商务管理有限公司','史立军',NULL,NULL,NULL,'莘建分局',NULL,'大型客户-双计',-1509889,-370485,-123116,-2256297,-369348),('201603','DS09100000','tiaozhang','通信费调整','482','zhuanxian','专线上网','10004618','10002833','九、宽带上网业务收入','202111312384','上海华振物流有限公司','202111374861','上海华振物流有限公司','赵彦飞',NULL,NULL,NULL,'七宝分局',NULL,'白金卡大客户',-18966,-36572,0,-55538,0),('201603','DS09100000','tiaozhang','通信费调整','482','zhuanxian','专线上网','10004618','10002833','九、宽带上网业务收入','202111342143','上海文洋闵行汽车销售服务有限公司','202110442474','上海文洋汽车销售服务有限公司','单频频',NULL,NULL,NULL,'莘建分局',NULL,'大型客户-单计',-79600,-79600,0,-238800,0),('201603','DS09100000','tiaozhang','通信费调整','482','zhuanxian','专线上网','10004618','10002833','九、宽带上网业务收入','202111342143','上海文洋闵行汽车销售服务有限公司','202110442474','上海文洋汽车销售服务有限公司','单频频',NULL,NULL,NULL,'闵行分局',NULL,'大型客户-单计',-146267,-146267,0,-438801,0),('201603','DS09100000','tiaozhang','通信费调整','482','zhuanxian','专线上网','10004618','10002833','九、宽带上网业务收入','202111524962','上海宇航系统工程研究所','202111524962','上海宇航系统工程研究所','朱皓晢',NULL,NULL,NULL,'闵行分局',NULL,'大型客户-单计',-58065,0,0,-58065,0),('201603','DS09100000','tiaozhang','通信费调整','482','zhuanxian','专线上网','10004618','10002833','九、宽带上网业务收入','202111595224','上海禾年商务管理有限公司','202111267042','上海禾年商务管理有限公司','史立军',NULL,NULL,NULL,'莘建分局',NULL,'大型客户-双计',-138967,-178767,-123116,-576101,-369348),('201603','DS09100000','tiaozhang','通信费调整','482','zhuanxian','专线上网','10004618','10002833','九、宽带上网业务收入','202111609187','保力马科技（上海）有限公司','202110484704','保力马电子(上海)有限公司','赵一臻',NULL,NULL,NULL,'莘建分局',NULL,'大型客户-单计',-282333,-282333,0,-846999,0),('201603','DS09100000','tiaozhang','通信费调整','482','zhuanxian','专线上网','10004618','10002833','九、宽带上网业务收入','202111626468','上海虹梅小南国餐饮有限公司','202111241813','上海小南国餐饮有限公司','东区',NULL,NULL,NULL,'梅陇分局',NULL,'外区局名单制客户',-160000,0,0,-160000,0),('201603','DS09100000','tiaozhang','通信费调整','482','zhuanxian','专线上网','10004618','10002833','九、宽带上网业务收入','202111834495','上海蓝洋网络科技有限公司','202111834495','上海蓝洋网络科技有限公司','史立军',NULL,NULL,NULL,'梅陇分局',NULL,'大型客户-双计',-5451,-5451,-1772,-40353,-21125),('201603','DS09100000','tiaozhang','通信费调整','482','zhuanxian','专线上网','10004618','10002833','九、宽带上网业务收入','202111860180','上海顺仁信息技术有限公司','202111860180','上海顺仁信息技术有限公司','南区',NULL,NULL,NULL,'七宝分局',NULL,'外区局名单制客户',-50000,-50000,-100000,-150000,-150000),('201603','DS09100000','tiaozhang','通信费调整','482','zhuanxian','专线上网','10004618','10002833','九、宽带上网业务收入','202111878084','上海博赢网络科技有限公司','202110487418','上海博鹤网络通信有限公司','南区',NULL,NULL,NULL,'浦江分局',NULL,'外区局名单制客户',-12035,-12035,0,-36105,0),('201603','DS09100000','tiaozhang','通信费调整','482','zhuanxian','专线上网','10004618','10002833','九、宽带上网业务收入','202111896466','上海众频网络系统工程有限公司','202111896466','上海众频网络系统工程有限公司','奉贤',NULL,NULL,NULL,'七宝分局',NULL,'外区局名单制客户',-79600,-79600,0,-238800,0),('201603','DS09100000','tiaozhang','通信费调整','482','zhuanxian','专线上网','10004618','10002833','九、宽带上网业务收入','202111938501','上海莘盛网络科技有限公司','202112548966','上海莘盛网络科技有限公司','史立军',NULL,NULL,NULL,'梅陇分局',NULL,'大型客户-双计',-33333,-99999,-40833,-133332,-122499),('201603','DS09100000','tiaozhang','通信费调整','482','zhuanxian','专线上网','10004618','10002833','九、宽带上网业务收入','202111938501','上海莘盛网络科技有限公司','202112548966','上海莘盛网络科技有限公司','史立军',NULL,NULL,NULL,'浦江分局',NULL,'大型客户-双计',-77300,-117100,0,-311500,0),('201603','DS09100000','tiaozhang','通信费调整','482','zhuanxian','专线上网','10004618','10002833','九、宽带上网业务收入','202111938501','上海莘盛网络科技有限公司','202112548966','上海莘盛网络科技有限公司','史立军',NULL,NULL,NULL,'莘建分局',NULL,'大型客户-双计',-339824,-838824,-324182,-1559309,-809214),('201603','DS09100000','tiaozhang','通信费调整','482','zhuanxian','专线上网','10004618','10002833','九、宽带上网业务收入','202111938501','上海莘盛网络科技有限公司','202112548966','上海莘盛网络科技有限公司','史立军',NULL,NULL,NULL,'闵行分局',NULL,'大型客户-双计',-30637,-30633,0,-91903,0),('201603','DS09100000','tiaozhang','通信费调整','482','zhuanxian','专线上网','10004618','10002833','九、宽带上网业务收入','202111942819','雅玛多（中国）运输有限公司','202110207297','雅玛多（中国）运输有限公司','赵彦飞',NULL,NULL,NULL,'梅陇分局',NULL,'白金卡大客户',-51171,-460539,0,-511710,0),('201603','DS09100000','tiaozhang','通信费调整','482','zhuanxian','专线上网','10004618','10002833','九、宽带上网业务收入','202111951493','上海伟江实业有限公司','202111951493','上海伟江实业有限公司','史立军',NULL,NULL,NULL,'七宝分局',NULL,'大型客户-双计',-81462,-81458,-39800,-244378,-119400),('201603','DS53000000','qianfei','欠费','465','yidong','移动电话','12004834','10004832','十五、移动收入','202111164165','利丰贸易服务（上海）有限公司','202111164165','利丰贸易服务（上海）有限公司','赵彦飞',NULL,NULL,NULL,'七宝分局',NULL,'白金卡大客户',0,0,-32538,0,-221715),('201603','DS53000000','qianfei','欠费','395','shixun','视讯及增值业务','10004485','10002940','十、互联网增值及视讯业务收','202111595427','上海市出入境检验检疫局闵行局(文井路)','202110077388','中华人民共和国闵行出入境检验检疫局','蒋一伟',NULL,NULL,NULL,'闵行分局',NULL,'政企中心区局管控客户',-312000,0,0,-312000,0),('201603','DS53000000','qianfei','欠费','395','shixun','视讯及增值业务','10004485','10002940','十、互联网增值及视讯业务收','202113471244','中国石化销售有限公司上海石油分公司','202110000275','中国石化销售有限公司上海石油分公司','凌云',NULL,NULL,NULL,'闵行分局',NULL,'白金卡大客户',-70000,-70000,0,-210000,0),('201603','DS53000000','qianfei','欠费','418','jichushujv','基础数据','10004113','10002755','七、基础数据业务收入','202112514243','埃克森美孚（中国）投资有限公司','202110092167','埃克森美孚（中国）投资有限公司','凌云',NULL,NULL,NULL,'闵行分局',NULL,'白金卡大客户',-380000,-380000,0,-1140000,0),('201603','DS53000000','qianfei','欠费','457','shixun','视讯及增值业务','10004594','10004581','十二、号百信息服务收入','202111267042','上海禾年商务管理有限公司','202111267042','上海禾年商务管理有限公司','史立军',NULL,NULL,NULL,'莘建分局',NULL,'大型客户-双计',0,0,-2416,0,-7248),('201603','DS53000000','qianfei','欠费','457','shixun','视讯及增值业务','10004594','10004581','十二、号百信息服务收入','202111595224','上海禾年商务管理有限公司','202111267042','上海禾年商务管理有限公司','史立军',NULL,NULL,NULL,'莘建分局',NULL,'大型客户-双计',-3520,0,-2416,-7920,-25048),('201603','DS53000000','qianfei','欠费','465','yidong','移动电话','10003976','10004581','十二、号百信息服务收入','202110024521','上海市第五人民医院','202110658479','上海市第5人民医院','刘冰妹',NULL,NULL,NULL,'闵行分局',NULL,'大型客户-单计',-601,-601,0,-1202,0),('201603','DS53000000','qianfei','欠费','465','yidong','移动电话','10003976','10004581','十二、号百信息服务收入','202110059501','华东理工大学','202110059501','华东理工大学','金莺',NULL,NULL,NULL,'梅陇分局',NULL,'白金卡大客户',-11700,-7200,-7842,-27900,-18669),('201603','DS53000000','qianfei','欠费','465','yidong','移动电话','10003976','10004581','十二、号百信息服务收入','202110874565','上海重型机器厂有限公司','202110273253','上海电气（集团）总公司','凌云',NULL,NULL,NULL,'闵行分局',NULL,'白金卡大客户',-515,-515,0,-1030,0),('201603','DS53000000','qianfei','欠费','465','yidong','移动电话','10003976','10004581','十二、号百信息服务收入','202111164165','利丰贸易服务（上海）有限公司','202111164165','利丰贸易服务（上海）有限公司','赵彦飞',NULL,NULL,NULL,'七宝分局',NULL,'白金卡大客户',-1150,-1150,-118619,-4819,-364413),('201603','DS53000000','qianfei','欠费','465','yidong','移动电话','10003976','10004581','十二、号百信息服务收入','202111818860','利丰供应链管理(中国)有限公司','202111049608','上海利和物流有限公司','宝山',NULL,NULL,NULL,'七宝分局',NULL,'外区局名单制客户',-1000,-1000,-1000,-3000,-3000),('201603','DS53000000','qianfei','欠费','465','yidong','移动电话','12004834','10004832','十五、移动收入','202110208703','强生（中国）有限公司','202110208703','强生（中国）有限公司','凌云',NULL,NULL,NULL,'闵行分局',NULL,'白金卡大客户',-47,-11,0,-58,0),('201603','DS53000000','qianfei','欠费','465','yidong','移动电话','12004834','10004832','十五、移动收入','202111164165','利丰贸易服务（上海）有限公司','202111164165','利丰贸易服务（上海）有限公司','赵彦飞',NULL,NULL,NULL,'七宝分局',NULL,'白金卡大客户',0,0,-32538,0,-221715),('201603','DS55000000','xiaozhangbushou','销帐补收','101','gudingdianhua','固定电话','10006230','10002528','三、国内长途业务收入','202111895765','上海焦点实业有限公司','202111895765','上海焦点实业有限公司','施丰',NULL,NULL,NULL,'莘建分局',NULL,'大型客户-双计',0,0,0,0,0),('201603','DS55000000','xiaozhangbushou','销帐补收','101','gudingdianhua','固定电话','10006692','10002426','一、本地业务收入','202110092167','埃克森美孚（中国）投资有限公司','202110092167','埃克森美孚（中国）投资有限公司','凌云',NULL,NULL,NULL,'闵行分局',NULL,'白金卡大客户',3928,0,3716,11356,3716),('201603','DS55000000','xiaozhangbushou','销帐补收','101','gudingdianhua','固定电话','10006692','10002426','一、本地业务收入','202110166225','上海韦德健身管理有限公司','202111578874','一兆韦德健身管理有限公司','中区',NULL,NULL,NULL,'梅陇分局',NULL,'外区局名单制客户',15712,7856,7428,30996,14856),('201603','DS55000000','xiaozhangbushou','销帐补收','101','gudingdianhua','固定电话','10006692','10002426','一、本地业务收入','202110192428','米其林轮胎研究开发中心（上海）有限公司','202110672571','上海米其林轮胎有限公司','凌云',NULL,NULL,NULL,'莘建分局',NULL,'白金卡大客户',7856,7855,0,23139,0),('201603','DS55000000','xiaozhangbushou','销帐补收','101','gudingdianhua','固定电话','10006692','10002426','一、本地业务收入','202110203257','上海来伊份食品连锁经营有限公司','202110203257','上海来伊份食品连锁经营有限公司','赵彦飞',NULL,NULL,NULL,'梅陇分局',NULL,'白金卡大客户',2244,2244,2123,6611,4246),('201603','DS55000000','xiaozhangbushou','销帐补收','101','gudingdianhua','固定电话','10006692','10002426','一、本地业务收入','202110381113','英特尔（中国）有限公司','202110381113','英特尔（中国）有限公司','凌云',NULL,NULL,NULL,'闵行分局',NULL,'白金卡大客户',3928,1964,0,5892,0),('201603','DS55000000','xiaozhangbushou','销帐补收','101','gudingdianhua','固定电话','10006692','10002426','一、本地业务收入','202110600173','中国人民武装警察部队上海市消防总队','202110076961','上海市消防局','凌云',NULL,NULL,NULL,'莘建分局',NULL,'白金卡大客户',1964,0,0,1964,0),('201603','DS09100000','tiaozhang','通信费调整','275','gudingdianhua','固定电话','10006697','10002426','一、本地业务收入','202111312384','上海华振物流有限公司','202111374861','上海华振物流有限公司','赵彦飞',NULL,NULL,NULL,'七宝分局',NULL,'白金卡大客户',-19818,0,-102594,-19818,-455435),('201603','DS09100000','tiaozhang','通信费调整','117','gudingdianhua','固定电话','10006695','10002426','一、本地业务收入','202111515017','上海精锐教育培训有限公司','202111515017','上海精锐教育培训有限公司','东区',NULL,NULL,NULL,'莘建分局',NULL,'外区局名单制客户',-24,0,0,-24,0),('201603','DS09100000','tiaozhang','通信费调整','275','gudingdianhua','固定电话','10002433','10002426','一、本地业务收入','202111312384','上海华振物流有限公司','202111374861','上海华振物流有限公司','赵彦飞',NULL,NULL,NULL,'七宝分局',NULL,'白金卡大客户',-15515,0,-90761,-15515,-402913),('201603','DS09100000','tiaozhang','通信费调整','275','gudingdianhua','固定电话','10002433','10002426','一、本地业务收入','202111374861','上海华振物流有限公司','202111374861','上海华振物流有限公司','赵彦飞',NULL,NULL,NULL,'七宝分局',NULL,'白金卡大客户',-175680,-351490,0,-527170,0),('201603','DS09100000','tiaozhang','通信费调整','275','gudingdianhua','固定电话','10002433','10002426','一、本地业务收入','202113792197','上海华谊（集团）公司','202110658563','上海华谊（集团）公司','南区',NULL,NULL,NULL,'闵行分局',NULL,'外区局名单制客户',-26,0,0,-26,0),('201603','DS09100000','tiaozhang','通信费调整','275','gudingdianhua','固定电话','10006697','10002426','一、本地业务收入','202110061446','上海宝信汽车销售服务有限公司','202110647640','上海开隆汽车贸易有限公司','蒋一伟',NULL,NULL,NULL,'七宝分局',NULL,'大型客户-单计',-33654,-33654,-63672,-67308,-95508),('201603','DS09100000','tiaozhang','通信费调整','275','gudingdianhua','固定电话','10006697','10002426','一、本地业务收入','202111312384','上海华振物流有限公司','202111374861','上海华振物流有限公司','赵彦飞',NULL,NULL,NULL,'七宝分局',NULL,'白金卡大客户',-19818,0,-102594,-19818,-455435);

/* Function  structure for function  `a` */

/*!50003 DROP FUNCTION IF EXISTS `a` */;
DELIMITER $$

/*!50003 CREATE DEFINER=`root`@`localhost` FUNCTION `a`(f_string varchar(1000),f_delimiter varchar(50)) RETURNS int(11)
begin
return 1+(length(f_string) - length(replace(f_string,f_delimiter,'')));
end */$$
DELIMITER ;

/* Function  structure for function  `currval` */

/*!50003 DROP FUNCTION IF EXISTS `currval` */;
DELIMITER $$

/*!50003 CREATE DEFINER=`root`@`localhost` FUNCTION `currval`(v_seq_name VARCHAR(50)) RETURNS int(11)
begin declare value integer;   set value = 0;   select current_val into value  from sequence where seq_name = v_seq_name;   return value;   end */$$
DELIMITER ;

/* Function  structure for function  `func_splitString` */

/*!50003 DROP FUNCTION IF EXISTS `func_splitString` */;
DELIMITER $$

/*!50003 CREATE DEFINER=`root`@`localhost` FUNCTION `func_splitString`(f_string varchar(1000),f_delimiter varchar(5),f_order int) RETURNS varchar(1000) CHARSET utf8
begin
declare result varchar(1000) default '';
set result = reverse(substring_index(reverse(substring_index(f_string,f_delimiter,f_order)),f_delimiter,1)); 
return result;
end */$$
DELIMITER ;

/* Function  structure for function  `getChildList` */

/*!50003 DROP FUNCTION IF EXISTS `getChildList` */;
DELIMITER $$

/*!50003 CREATE DEFINER=`root`@`localhost` FUNCTION `getChildList`(rootId INT) RETURNS varchar(1000) CHARSET utf8
BEGIN 
DECLARE sChildList VARCHAR(1000); 
DECLARE sChildTemp VARCHAR(1000); 
SET sChildTemp =cast(rootId as CHAR); 
WHILE sChildTemp is not null DO 
IF (sChildList is not null) THEN 
SET sChildList = concat(sChildList,',',sChildTemp); 
ELSE 
SET sChildList = concat(sChildTemp); 
END IF; 
SELECT group_concat(RESOURCES_ID) INTO sChildTemp FROM E_MENU where FIND_IN_SET(PARENT_ID,sChildTemp)>0; 
END WHILE; 
RETURN sChildList; 
END */$$
DELIMITER ;

/* Function  structure for function  `getChildRoleList` */

/*!50003 DROP FUNCTION IF EXISTS `getChildRoleList` */;
DELIMITER $$

/*!50003 CREATE DEFINER=`root`@`localhost` FUNCTION `getChildRoleList`(roleId INT) RETURNS varchar(1000) CHARSET utf8
BEGIN 
DECLARE sChildList VARCHAR(1000); 
DECLARE sChildTemp VARCHAR(1000); 
SET sChildTemp =cast(roleId as CHAR); 
WHILE sChildTemp is not null DO 
IF (sChildList is not null) THEN 
SET sChildList = concat(sChildList,',',sChildTemp); 
ELSE 
SET sChildList = concat(sChildTemp); 
END IF; 
SELECT group_concat(ROLE_CODE) INTO sChildTemp FROM E_ROLE where FIND_IN_SET(PARENT_CODE,sChildTemp)>0; 
END WHILE; 
RETURN sChildList; 
END */$$
DELIMITER ;

/* Function  structure for function  `getkpiCategoryList` */

/*!50003 DROP FUNCTION IF EXISTS `getkpiCategoryList` */;
DELIMITER $$

/*!50003 CREATE DEFINER=`root`@`localhost` FUNCTION `getkpiCategoryList`(rootId INT) RETURNS varchar(1000) CHARSET utf8
BEGIN 
DECLARE sChildList VARCHAR(1000); 
DECLARE sChildTemp VARCHAR(1000); 
SET sChildTemp =cast(rootId as CHAR); 
WHILE sChildTemp is not null DO 
IF (sChildList is not null) THEN 
SET sChildList = concat(sChildList,',',sChildTemp); 
ELSE 
SET sChildList = concat(sChildTemp); 
END IF; 
SELECT group_concat(category_id) INTO sChildTemp FROM x_kpi_category where FIND_IN_SET(category_parent_id,sChildTemp)>0  ; 
END WHILE; 
RETURN sChildList; 
END */$$
DELIMITER ;

/* Function  structure for function  `getkpiCategoryParentList` */

/*!50003 DROP FUNCTION IF EXISTS `getkpiCategoryParentList` */;
DELIMITER $$

/*!50003 CREATE DEFINER=`root`@`localhost` FUNCTION `getkpiCategoryParentList`(rootId INT) RETURNS varchar(1000) CHARSET utf8
BEGIN 
	declare sParentList varchar(1000); 
	declare sParentTemp varchar(1000); 
	declare sParentNameTemp varchar(1000); 
	set sParentTemp = cast(rootId as char); 
	
	while sParentTemp is not null do 
		select CATEGORY_NAME into sParentNameTemp from X_KPI_CATEGORY where CATEGORY_ID=sParentTemp; 
		if(sParentList is not null) then 
			set sParentList = concat(sParentNameTemp,'>',sParentList); 
		else 
			set sParentList = concat(sParentNameTemp); 
		end if; 
		select group_concat(CATEGORY_PARENT_ID) into sParentTemp from X_KPI_CATEGORY 
			where find_in_set(CATEGORY_ID,sParentTemp)>0 ; 
	end while; 
	return sParentList; end */$$
DELIMITER ;

/* Function  structure for function  `getParentList` */

/*!50003 DROP FUNCTION IF EXISTS `getParentList` */;
DELIMITER $$

/*!50003 CREATE DEFINER=`root`@`localhost` FUNCTION `getParentList`(rootId varchar(50)) RETURNS varchar(1000) CHARSET utf8
begin declare sParentList varchar(1000); declare sParentTemp varchar(1000); set sParentTemp = cast(rootId as char); while sParentTemp is not null do if(sParentList is not null) then set sParentList = concat(sParentTemp,'/',sParentList); else set sParentList = concat(sParentTemp); end if; select group_concat(parent_id) into sParentTemp from e_menu where find_in_set(resources_id,sParentTemp)>0 and (parent_id !=0 or parent_id !='-1') ; end while; return sParentList; end */$$
DELIMITER ;

/* Function  structure for function  `getParentNameList` */

/*!50003 DROP FUNCTION IF EXISTS `getParentNameList` */;
DELIMITER $$

/*!50003 CREATE DEFINER=`root`@`localhost` FUNCTION `getParentNameList`(rootId varchar(50)) RETURNS varchar(1000) CHARSET utf8
begin 
	declare sParentList varchar(1000); 
	declare sParentTemp varchar(1000); 
	declare sParentNameTemp varchar(1000); 
	set sParentTemp = cast(rootId as char); 
	
	while sParentTemp is not null do 
		select resources_name into sParentNameTemp from e_menu where resources_id=sParentTemp; 
		if(sParentList is not null) then 
			set sParentList = concat(sParentNameTemp,'>',sParentList); 
		else 
			set sParentList = concat(sParentNameTemp); 
		end if; 
		select group_concat(parent_id) into sParentTemp from e_menu 
			where find_in_set(resources_id,sParentTemp)>0 
			and (parent_id !=0 or parent_id !='-1') ; 
	end while; 
	return sParentList; end */$$
DELIMITER ;

/* Function  structure for function  `getRootId` */

/*!50003 DROP FUNCTION IF EXISTS `getRootId` */;
DELIMITER $$

/*!50003 CREATE DEFINER=`root`@`localhost` FUNCTION `getRootId`(menuId varchar(50)) RETURNS varchar(100) CHARSET utf8
begin declare sParentTemp varchar(100); declare rootId varchar(100); set sParentTemp = cast(menuId as char); while sParentTemp !='0' do set rootId=sParentTemp; select group_concat(parent_id) into sParentTemp from e_menu where find_in_set(resources_id,sParentTemp)>0; end while; return rootId; end */$$
DELIMITER ;

/* Function  structure for function  `getString` */

/*!50003 DROP FUNCTION IF EXISTS `getString` */;
DELIMITER $$

/*!50003 CREATE DEFINER=`root`@`localhost` FUNCTION `getString`(f_string varchar(5000)) RETURNS varchar(5000) CHARSET utf8
begin declare result varchar(5000) default ''; set result=substring(f_string,2,length(f_string)-2); return result; end */$$
DELIMITER ;

/* Function  structure for function  `nextval` */

/*!50003 DROP FUNCTION IF EXISTS `nextval` */;
DELIMITER $$

/*!50003 CREATE DEFINER=`root`@`localhost` FUNCTION `nextval`(v_seq_name VARCHAR(50)) RETURNS int(11)
begin  
	declare v_record_count int; 
	select count(1) into v_record_count from  sequence where seq_name = v_seq_name;  
	IF v_record_count = 0  THEN insert into sequence(seq_name,current_val,increment_val) value(v_seq_name,'0','1'); END IF;  
	update sequence set current_val = current_val + increment_val where seq_name = v_seq_name;   
	return currval(v_seq_name); 
end */$$
DELIMITER ;

/* Function  structure for function  `tree_pathname` */

/*!50003 DROP FUNCTION IF EXISTS `tree_pathname` */;
DELIMITER $$

/*!50003 CREATE DEFINER=`root`@`localhost` FUNCTION `tree_pathname`(nid INT,delimit VARCHAR(10)) RETURNS varchar(2000) CHARSET utf8
BEGIN     
  DECLARE pathid VARCHAR(1000);   
  SET @pathid='';       
  CALL cre_pnlist(nid,delimit,@pathid);   
  RETURN @pathid;   
END */$$
DELIMITER ;

/* Procedure structure for procedure `addUser` */

/*!50003 DROP PROCEDURE IF EXISTS  `addUser` */;

DELIMITER $$

/*!50003 CREATE DEFINER=`root`@`localhost` PROCEDURE `addUser`(in roleId varchar(30),in userId varchar(30))
begin
insert into e_user_role (role_code,user_id) values(roleId,userId);
end */$$
DELIMITER ;

/* Procedure structure for procedure `add_menu_role` */

/*!50003 DROP PROCEDURE IF EXISTS  `add_menu_role` */;

DELIMITER $$

/*!50003 CREATE DEFINER=`root`@`localhost` PROCEDURE `add_menu_role`(IN roleCode VARCHAR(30),IN resourcesIDs VARCHAR(5000),IN createQX INT(3),IN readQX INT(3),IN updateQX INT(3),IN deleteQX INT(3),IN exportQX INT(3))
BEGIN
DECLARE var INT
;
DECLARE total INT DEFAULT 0;
DECLARE str VARCHAR(5000);
DECLARE str1 VARCHAR(2000);
SET str=getString(resourcesIDs);
SET var=1;
SET total=a(str,',');
WHILE var<=total DO
SET str1=func_splitString(func_splitString(str,',',var),'=',2);
INSERT INTO e_role_permission(role_code,menu_id,auth_create,auth_read,auth_update,auth_delete,auth_export) VALUES(roleCode,str1,createQX,readQX,updateQX,deleteQX,exportQX);
INSERT INTO e_role_permission(role_code,menu_id,auth_create,auth_read,auth_update,auth_delete,auth_export)
SELECT roleCode, T2.RESOURCES_ID, createQX, readQX, updateQX, deleteQX, exportQX
FROM ( 
    SELECT 
        @r AS _id, 
        (SELECT @r := PARENT_ID FROM e_menu WHERE RESOURCES_ID = _id) AS PARENT_ID, 
        @l := @l + 1 AS lvl 
    FROM 
        (SELECT @r :=str1, @l := 0) vars, 
        e_menu h 
    WHERE @r >= 0) T1 
JOIN e_menu T2 
ON T1._id = T2.RESOURCES_ID
WHERE NOT EXISTS (SELECT * FROM  e_role_permission T3 WHERE T1._id = T3.MENU_ID AND T3.ROLE_CODE = roleCode)
ORDER BY T1.lvl DESC;
SET var=var+1;
END WHILE;
END */$$
DELIMITER ;

/* Procedure structure for procedure `being_role` */

/*!50003 DROP PROCEDURE IF EXISTS  `being_role` */;

DELIMITER $$

/*!50003 CREATE DEFINER=`root`@`localhost` PROCEDURE `being_role`(in roleId varchar(30),in roleName varchar(30),in roleDesc varchar(500),in roleIndex int(10))
begin insert into e_role(role_code,parent_code,role_name,memo,ord) values (roleId,'',roleName,roleDesc,roleIndex); end */$$
DELIMITER ;

/* Procedure structure for procedure `create_tables1` */

/*!50003 DROP PROCEDURE IF EXISTS  `create_tables1` */;

DELIMITER $$

/*!50003 CREATE DEFINER=`root`@`localhost` PROCEDURE `create_tables1`(INOUT p_inout int)
BEGIN
	
	SET p_inout=2;
	SELECT p_inout;
END */$$
DELIMITER ;

/* Procedure structure for procedure `cre_childlist` */

/*!50003 DROP PROCEDURE IF EXISTS  `cre_childlist` */;

DELIMITER $$

/*!50003 CREATE DEFINER=`root`@`localhost` PROCEDURE `cre_childlist`(IN rootId INT,IN nDepth INT)
BEGIN   
      DECLARE done INT DEFAULT 0;   
      DECLARE b INT;   
      DECLARE cur1 CURSOR FOR SELECT resources_id FROM e_menu WHERE parent_id=rootId;   
      DECLARE CONTINUE HANDLER FOR NOT FOUND SET done = 1;   
      SET max_sp_recursion_depth=12;   
       
      INSERT INTO tmpLst VALUES (NULL,rootId,nDepth);   
       
      OPEN cur1;   
       
      FETCH cur1 INTO b;   
      WHILE done=0 DO   
              CALL cre_childlist(b,nDepth+1);   
              FETCH cur1 INTO b;   
      END WHILE;   
       
      CLOSE cur1;   
END */$$
DELIMITER ;

/* Procedure structure for procedure `cre_pnlist` */

/*!50003 DROP PROCEDURE IF EXISTS  `cre_pnlist` */;

DELIMITER $$

/*!50003 CREATE DEFINER=`root`@`localhost` PROCEDURE `cre_pnlist`(IN nid INT,IN delimit VARCHAR(10),INOUT pathstr VARCHAR(1000))
BEGIN                     
      DECLARE done INT DEFAULT 0;   
      DECLARE parentid INT DEFAULT 0;         
      DECLARE cur1 CURSOR FOR    
      SELECT t.parent_id,CONCAT(t.resources_name,delimit,pathstr)   
        FROM e_menu AS t WHERE t.resources_id = nid;   
           
      DECLARE CONTINUE HANDLER FOR NOT FOUND SET done = 1;   
      SET max_sp_recursion_depth=12;                     
       
      OPEN cur1;   
       
      FETCH cur1 INTO parentid,pathstr;   
      WHILE done=0 DO              
              CALL cre_pnlist(parentid,delimit,pathstr);   
              FETCH cur1 INTO parentid,pathstr;   
      END WHILE;   
            
      CLOSE cur1;    
     END */$$
DELIMITER ;

/* Procedure structure for procedure `deleteMenuInd` */

/*!50003 DROP PROCEDURE IF EXISTS  `deleteMenuInd` */;

DELIMITER $$

/*!50003 CREATE DEFINER=`root`@`localhost` PROCEDURE `deleteMenuInd`(in indIDs varchar(2000),in pageID varchar(50))
begin declare var int; declare total int default 0; declare item varchar(50); set total=a(indIDs,','); if total=1 then set item=substring(indIDs,2,length(indIDs)-2); delete from e_menu_ind where ind_id=item and resources_id=pageID; else   set var=1;  while var<=total do  if var=1 then  set item=substring(func_splitString(indIDs,',',var),2); delete from e_menu_ind where ind_id=item and resources_id=pageID; elseif var=total then set item=RTRIM (LTRIM(substring(func_splitString(indIDs,',',var),1,length(func_splitString(indIDs,',',var))-1))); delete from e_menu_ind where ind_id=item and resources_id=pageID; else  delete from e_menu_ind where ind_id=func_splitString(indIDs,',',var) and resources_id=pageID; end if; set var=var+1; end while; end if; end */$$
DELIMITER ;

/* Procedure structure for procedure `deletePost` */

/*!50003 DROP PROCEDURE IF EXISTS  `deletePost` */;

DELIMITER $$

/*!50003 CREATE DEFINER=`root`@`localhost` PROCEDURE `deletePost`(in postId varchar(30))
begin
delete from e_post where post_id= postId;
delete from e_post_role where post_id=postId;
end */$$
DELIMITER ;

/* Procedure structure for procedure `deleteRole` */

/*!50003 DROP PROCEDURE IF EXISTS  `deleteRole` */;

DELIMITER $$

/*!50003 CREATE DEFINER=`root`@`localhost` PROCEDURE `deleteRole`(in code varchar(30))
begin
call showRoleTreeByID(code);
DELETE FROM E_USER_ROLE WHERE role_code in(
	SELECT id FROM tmpRoleLst 			
); 
DELETE FROM E_ROLE_PERMISSION where role_code in(
	SELECT id FROM tmpRoleLst 			
); 
DELETE FROM E_POST_ROLE WHERE role_code in(
	SELECT id FROM tmpRoleLst 			
); 
DELETE FROM E_ROLE WHERE role_code in(
	SELECT id FROM tmpRoleLst 			
); 
drop table tmpRoleLst ;
end */$$
DELIMITER ;

/* Procedure structure for procedure `delete_menu_treeNode` */

/*!50003 DROP PROCEDURE IF EXISTS  `delete_menu_treeNode` */;

DELIMITER $$

/*!50003 CREATE DEFINER=`root`@`localhost` PROCEDURE `delete_menu_treeNode`(in currentNodeId varchar(1000))
begin     
  call showTree(currentNodeId);       
  DELETE FROM E_MENU  WHERE EXISTS(SELECT RESOURCES_ID FROM (        select RESOURCES_ID,RESOURCES_NAME,ORD from e_menu,tmpLst where e_menu.resources_id=tmpLst.id) TT WHERE TT.RESOURCES_ID=E_MENU.RESOURCES_ID);   
  
  DELETE FROM E_USER_PERMISSION WHERE EXISTS(       SELECT RESOURCES_ID FROM (         select RESOURCES_ID,RESOURCES_NAME,ORD from e_menu,tmpLst where e_menu.resources_id=tmpLst.id)        TT WHERE TT.RESOURCES_ID=E_USER_PERMISSION.MENU_ID); 
    
DELETE FROM E_ROLE_PERMISSION WHERE EXISTS(         SELECT RESOURCES_ID FROM (        select RESOURCES_ID,RESOURCES_NAME,ORD from e_menu,tmpLst where e_menu.resources_id=tmpLst.id) TT WHERE TT.RESOURCES_ID=E_ROLE_PERMISSION.MENU_ID);     
delete FROM e_user_collect WHERE EXISTS(
      SELECT RESOURCES_ID FROM (
        select RESOURCES_ID,RESOURCES_NAME,ORD from e_menu,tmpLst where e_menu.resources_id=tmpLst.id) TT WHERE TT.RESOURCES_ID=e_user_collect.MENU_ID);
   DELETE FROM E_MENU  WHERE EXISTS(SELECT RESOURCES_ID FROM (        select RESOURCES_ID,RESOURCES_NAME,ORD from e_menu,tmpLst where e_menu.resources_id=tmpLst.id) TT WHERE TT.RESOURCES_ID=E_MENU.RESOURCES_ID);  
          end */$$
DELIMITER ;

/* Procedure structure for procedure `delIND` */

/*!50003 DROP PROCEDURE IF EXISTS  `delIND` */;

DELIMITER $$

/*!50003 CREATE DEFINER=`root`@`localhost` PROCEDURE `delIND`(in indIDs varchar(2000))
begin declare var int; declare total int default 0; declare item varchar(20); set total=a(indIDs,','); if total=1 then set item=substring(indIDs,2,length(indIDs)-2); delete from e_ind_exp where ind_id=item;   delete from e_ind_exp_details where ind_id=item;   else   set var=1; while var<=total do if var=1 then set item=substring(func_splitString(indIDs,',',var),2); delete from e_ind_exp where ind_id=item; delete from e_ind_exp_details where ind_id=item; elseif var=total then set item=RTRIM (LTRIM(substring(func_splitString(indIDs,',',var),1,length(func_splitString(indIDs,',',var))-1))); delete from e_ind_exp where ind_id=item; delete from e_ind_exp_details where ind_id=item;  else delete from e_ind_exp where ind_id=func_splitString(indIDs,',',var); delete from e_ind_exp_details where ind_id=func_splitString(indIDs,',',var);   end if; set var=var+1; end while; end if; end */$$
DELIMITER ;

/* Procedure structure for procedure `deluser` */

/*!50003 DROP PROCEDURE IF EXISTS  `deluser` */;

DELIMITER $$

/*!50003 CREATE DEFINER=`root`@`localhost` PROCEDURE `deluser`(in roleId varchar(30),in userId varchar(30))
begin
delete from e_user_role where role_code=roleId and user_id=userId;
end */$$
DELIMITER ;

/* Procedure structure for procedure `del_prefict` */

/*!50003 DROP PROCEDURE IF EXISTS  `del_prefict` */;

DELIMITER $$

/*!50003 CREATE DEFINER=`root`@`localhost` PROCEDURE `del_prefict`(in kpiID varchar(30))
begin
delete from e_user_predict where kpi_id=kpiID;
end */$$
DELIMITER ;

/* Procedure structure for procedure `del_user_attr_dim` */

/*!50003 DROP PROCEDURE IF EXISTS  `del_user_attr_dim` */;

DELIMITER $$

/*!50003 CREATE DEFINER=`root`@`localhost` PROCEDURE `del_user_attr_dim`(in attrCode varchar(20))
begin
delete from e_user_attr_dim where attr_code=attrCode;
end */$$
DELIMITER ;

/* Procedure structure for procedure `editNotice` */

/*!50003 DROP PROCEDURE IF EXISTS  `editNotice` */;

DELIMITER $$

/*!50003 CREATE DEFINER=`root`@`localhost` PROCEDURE `editNotice`(IN title varchar(100),IN issueDate varchar(50),IN beginDate varchar(50),IN endDate varchar(50),IN postState int(3),IN editor BLOB,IN userId varchar(30),IN str varchar(2000),IN postId int(30))
begin declare var int; declare total int default 0; update e_post set post_title=title,issue_date=str_to_date(issueDate,'%Y%m%d'),BEGIN_DATE=str_to_date(beginDate,'%Y%m%d'),END_DATE=str_to_date(endDate,'%Y%m%d'),POST_STATE=postState,POST_CONTENT=editor,UPDATE_DATE=now(),USER_ID=userId where POST_ID=postId;
    delete from e_post_role where post_id=postId;
    set var=1;
    set total=a(str,',');
    while var<=total do
    if var=1 then
    insert into e_post_role values(postId,RTRIM(LTRIM(substring(func_splitString(str,',',var),2))));
    elseif var=total then
     insert into e_post_role values(postId,RTRIM(LTRIM(substring(func_splitString(str,',',var),1,length(func_splitString(str,',',var))-1))));
     else
    insert into e_post_role values(postId,RTRIM(LTRIM(func_splitString(str,',',var))));
     end if;
    set var=var+1;
    end while;
    end */$$
DELIMITER ;

/* Procedure structure for procedure `ind_publish` */

/*!50003 DROP PROCEDURE IF EXISTS  `ind_publish` */;

DELIMITER $$

/*!50003 CREATE DEFINER=`root`@`localhost` PROCEDURE `ind_publish`(in indID varchar(20),in indName varchar(20),in indTypeCode varchar(20),in busExp varchar(2000),in skillExp varchar(2000),in otherExp varchar(2000),in orde varchar(20),in departmentCode varchar(20),in factoryCon varchar(20),in mainteMan varchar(20),in createMan varchar(20),in updateMan varchar(20))
begin
update e_ind_exp set ind_name=indName where ind_id=indId;
insert into e_ind_exp_details(id,ind_id,ind_type_code,bus_exp,skill_exp,other_exp,ord,department_code,factory_con,mainte_man,create_man,create_time,update_man,update_time) values (nextval('e_ind_seq'),indID,indTypeCode,busExp,skillExp,otherExp,orde,departmentCode,factoryCon,mainteMan,createMan,now(),updateMan,now());
end */$$
DELIMITER ;

/* Procedure structure for procedure `insertIND` */

/*!50003 DROP PROCEDURE IF EXISTS  `insertIND` */;

DELIMITER $$

/*!50003 CREATE DEFINER=`root`@`localhost` PROCEDURE `insertIND`(in indName varchar(20),in indCode varchar(20),in indTypeCode varchar(20),in busExp varchar(2000),in skiilExp varchar(2000),in otherExp varchar(2000),in orde varchar(20),in departmentCode varchar(20),in factoryCon varchar(20),in mainteMan varchar(20),in createMan varchar(20),in updateMan varchar(20))
begin declare indId varchar(20); set indId=nextval('e_ind_seq');insert into e_ind_exp (ind_id,ind_name) values(indId,indName); insert into e_ind_exp_details (id,ind_id,ind_code,ind_type_code,bus_exp,skill_exp,other_exp,ord,department_code,factory_con,mainte_man,create_man,create_time,update_man,update_time) values(nextval('e_ind_seq'),indId,indCode,indTypeCode,busExp,skiilExp,otherExp,orde,departmentCode,factoryCon,mainteMan,createMan,now(),updateMan,now()); end */$$
DELIMITER ;

/* Procedure structure for procedure `insertMenuInd` */

/*!50003 DROP PROCEDURE IF EXISTS  `insertMenuInd` */;

DELIMITER $$

/*!50003 CREATE DEFINER=`root`@`localhost` PROCEDURE `insertMenuInd`(in indIDs varchar(2000),in pageID varchar(50))
begin declare var int; declare total int default 0; declare item varchar(50); set total=a(indIDs,','); if total=1 then set item =subString(indIDs,2,length(indIDs)-2); insert into e_menu_ind (resources_id,ind_id) values(pageID,item); else set var=1; while var<=total do if var=1 then set item=substring(func_splitString(indIDs,',',var),2); insert into e_menu_ind(resources_id,ind_id) values(pageID,item); elseif var=total then set item=RTRIM (LTRIM(substring(func_splitString(indIDs,',',var),1,length(func_splitString(indIDs,',',var))-1))); insert into e_menu_ind(resources_id,ind_id) values(pageID,item); else insert into e_menu_ind(resources_id,ind_id) values(pageID,func_splitString(indIDs,',',var)); end if; set var=var+1; end while; end if; end */$$
DELIMITER ;

/* Procedure structure for procedure `insertTreeNode` */

/*!50003 DROP PROCEDURE IF EXISTS  `insertTreeNode` */;

DELIMITER $$

/*!50003 CREATE DEFINER=`root`@`localhost` PROCEDURE `insertTreeNode`(in resourceNameForAdd varchar(30),in resourceTypeForAdd varchar(50),in parentIdForAdd varchar(30),in urlForAdd varchar(500),in ext1ForAdd varchar(500),in ext2ForAdd varchar(500),in ext3ForAdd varchar(500),in ext4ForAdd varchar(500),in memoForAdd varchar(500),in ordForAdd int(11),in attachment varchar(500),in resourceStateForAdd char(1),in userId varchar(30),in parentNodeUsersList text,in parentNodeRolesList text,in fuquan varchar(10))
begin declare indId varchar(20); insert into e_menu (RESOURCES_NAME,RESOURCES_TYPE,PARENT_ID,URL,EXT1,EXT2,EXT3,EXT4,MEMO,ORD,ATTACHMENT,RESOURCE_STATE) values (resourceNameForAdd,resourceTypeForAdd,parentIdForAdd,urlForAdd,ext1ForAdd,ext2ForAdd,ext3ForAdd,ext4ForAdd,memoForAdd,ordForAdd,attachment,resourceStateForAdd); select @@identity into indId;     select indId; INSERT INTO E_USER_PERMISSION (USER_ID,MENU_ID,AUTH_CREATE,AUTH_READ,AUTH_UPDATE,AUTH_DELETE,AUTH_EXPORT) VALUES (userId,indId,1,1,1,1,1);
if fuquan !='0' then
call add_user_perm_tree(parentNodeUsersList,indId,userId);
call add_role_perm_tree(parentNodeRolesList,indId);
end if;
end */$$
DELIMITER ;

/* Procedure structure for procedure `insert_user_attr_dim` */

/*!50003 DROP PROCEDURE IF EXISTS  `insert_user_attr_dim` */;

DELIMITER $$

/*!50003 CREATE DEFINER=`root`@`localhost` PROCEDURE `insert_user_attr_dim`(in ext_code varchar(30),in attr_father_code varchar(30),in ext_name varchar(30),in ext_model varchar(30),in code_table varchar(30),in code_key varchar(30),in code_parent_key varchar(30),in vode_desc varchar(30),in code_ord varchar(30), in ext_value_type varchar(30),in muni int(3),in ext_index int(10),in is_null int(3), in default_value varchar(30),in default_desc varchar(30))
begin insert into e_user_attr_dim (attr_code, parent_code, attr_name, show_mode, code_table, code_key, code_parent_key, code_desc, code_ord, data_type, multi, attr_ord, is_null, default_value, default_desc) values (ext_code,attr_father_code,ext_name,ext_model,upper(code_table),upper(code_key),upper(code_parent_key),upper(code_desc),upper(code_ord),ext_value_type,muni,ext_index,is_null,default_value,default_desc); end */$$
DELIMITER ;

/* Procedure structure for procedure `operation_log` */

/*!50003 DROP PROCEDURE IF EXISTS  `operation_log` */;

DELIMITER $$

/*!50003 CREATE DEFINER=`root`@`localhost` PROCEDURE `operation_log`(in a1 varchar(500),in a2 varchar(30),in a3 varchar(30),in a4 varchar(100),in a5 varchar(4000),in a6 varchar(100))
begin declare menuId varchar(500);
select resources_id into menuId from e_menu where url=a1;
insert into e_operation_log(user_id,menu_id,operate_type_code,operate_result,content,client_ip,create_date) values(a2,menuId,a3,a4,a5,a6,now());
end */$$
DELIMITER ;

/* Procedure structure for procedure `proc` */

/*!50003 DROP PROCEDURE IF EXISTS  `proc` */;

DELIMITER $$

/*!50003 CREATE DEFINER=`root`@`localhost` PROCEDURE `proc`(in str varchar(2000))
begin
declare var int;
declare total int default 0;
set var=1;
set total=a(str,',');
while var<=total do
if var=1 then 
insert into test1 values(substring(func_splitString(str,',',var),2));
end if;
if var=total then 
insert into test1 values(substring(func_splitString(str,',',var),1,length(func_splitString(str,',',var))-1));
else 
insert into test1 values(func_splitString(str,',',var));
end if;
set var =var+1;
end while;
end */$$
DELIMITER ;

/* Procedure structure for procedure `role_delete` */

/*!50003 DROP PROCEDURE IF EXISTS  `role_delete` */;

DELIMITER $$

/*!50003 CREATE DEFINER=`root`@`localhost` PROCEDURE `role_delete`(in roleId varchar(30))
begin
delete from e_role where role_code=roleId;
delete from e_user_role where role_code=roleId;
delete from e_role_permission where role_code=roleId;
end */$$
DELIMITER ;

/* Procedure structure for procedure `showRoleTreeByID` */

/*!50003 DROP PROCEDURE IF EXISTS  `showRoleTreeByID` */;

DELIMITER $$

/*!50003 CREATE DEFINER=`root`@`%` PROCEDURE `showRoleTreeByID`(in rootid varchar(30))
begin 
	 declare level int; 
	 drop table if exists tmpRoleLst; 
	 create table tmpRoleLst(id varchar(30),nLevel int);
	 set level=1; 
	 insert into tmpRoleLst select role_code,level from e_role where parent_code=rootid;
	 while ROW_COUNT()>0 do 
	 set level=level+1; 
	 insert into tmpRoleLst select a.role_code,Level from e_role a,tmpRoleLst b where a.parent_code =b.id and b.nLevel=level-1; 
	 end while; 
	 INSERT INTO tmpRoleLst values(rootid,0);
    END */$$
DELIMITER ;

/* Procedure structure for procedure `showT` */

/*!50003 DROP PROCEDURE IF EXISTS  `showT` */;

DELIMITER $$

/*!50003 CREATE DEFINER=`root`@`localhost` PROCEDURE `showT`(in rootid int)
begin 
 declare level int; 
 drop table if exists tmpLst; 
 create table tmpLst(id int,nLevel int);
 set level=1; 
 insert into tmpLst values(rootid,level);
 set level=level+1;
 insert into tmpLst select resources_id,level from e_menu where parent_id=rootid;
 while ROW_COUNT()>0 do 
 set level=level+1; 
 insert into tmpLst select a.resources_id,Level from e_menu a,tmpLst b where a.parent_id =b.id and b.nLevel=level-1; 
 end while; 
 end */$$
DELIMITER ;

/* Procedure structure for procedure `showTree` */

/*!50003 DROP PROCEDURE IF EXISTS  `showTree` */;

DELIMITER $$

/*!50003 CREATE DEFINER=`root`@`localhost` PROCEDURE `showTree`(in rootid int)
begin 
 declare level int; 
 drop table if exists tmpLst; 
 create table tmpLst(id int,nLevel int);
 set level=1; 
 insert into tmpLst values(rootid,level);
 set level=level+1;
 insert into tmpLst select resources_id,level from e_menu where parent_id=rootid;
 while ROW_COUNT()>0 do 
 set level=level+1; 
 insert into tmpLst select a.resources_id,Level from e_menu a,tmpLst b where a.parent_id =b.id and b.nLevel=level-1; 
 end while; 
 end */$$
DELIMITER ;

/* Procedure structure for procedure `showTreeByID` */

/*!50003 DROP PROCEDURE IF EXISTS  `showTreeByID` */;

DELIMITER $$

/*!50003 CREATE DEFINER=`root`@`localhost` PROCEDURE `showTreeByID`(in rootid int)
begin 
 declare level int; 
 drop table if exists tmpLst; 
 create table tmpLst(id int,nLevel int);
 set level=1; 
 insert into tmpLst select resources_id,level from e_menu where parent_id=rootid;
 while ROW_COUNT()>0 do 
 set level=level+1; 
 insert into tmpLst select a.resources_id,Level from e_menu a,tmpLst b where a.parent_id =b.id and b.nLevel=level-1; 
 end while; 
 end */$$
DELIMITER ;

/* Procedure structure for procedure `show_childLst` */

/*!50003 DROP PROCEDURE IF EXISTS  `show_childLst` */;

DELIMITER $$

/*!50003 CREATE DEFINER=`root`@`localhost` PROCEDURE `show_childLst`(IN rootId INT)
BEGIN   
DROP TEMPORARY TABLE IF EXISTS tmpLst;   
CREATE TEMPORARY TABLE IF NOT EXISTS tmpLst    
(sno INT PRIMARY KEY AUTO_INCREMENT,resources_id INT,depth INT);         
CALL cre_childlist(rootId,0);  
/*   
SELECT e_menu.resources_id,tree_pathname(e_menu.resources_id,'>') resources_name   
FROM tmpLst,e_menu WHERE tmpLst.resources_id=e_menu.resources_id ORDER BY tmpLst.sno;
*/
END */$$
DELIMITER ;

/* Procedure structure for procedure `testPro` */

/*!50003 DROP PROCEDURE IF EXISTS  `testPro` */;

DELIMITER $$

/*!50003 CREATE DEFINER=`root`@`%` PROCEDURE `testPro`()
BEGIN
	declare Role_code varchar(20);
	declare done int(10);
	declare flag int(2);
	declare CodeCursor cursor for select role_code from e_role;
	declare continue handler for not found set done=1;
	set done=0;
	open CodeCursor;
	loop_label:LOOP
	fetch CodeCursor into Role_Code;
	if done = 1 then
		leave loop_label;
	else
		set flag = 0;
	end if;
	insert into role_test values(Role_code);
	 if flag = 0 then
		set done = 0;
	end if;
	commit;
		end LOOP;
	close CodeCursor;
    END */$$
DELIMITER ;

/* Procedure structure for procedure `tmp_e_user_attr_dim_add` */

/*!50003 DROP PROCEDURE IF EXISTS  `tmp_e_user_attr_dim_add` */;

DELIMITER $$

/*!50003 CREATE DEFINER=`root`@`%` PROCEDURE `tmp_e_user_attr_dim_add`()
begin      DECLARE V_EXTCOLUME_NUM INT;      insert into e_user_attr_dim        (attr_code, parent_code, attr_name, attr_desc, show_mode, code_table, code_key, code_parent_key, code_desc, code_ord, data_type, multi, attr_ord, is_null, default_value, default_desc, subsystem_id)      values        ('q', '0', 'q','q', 'INPUT', upper(''), upper(''), upper(''), upper(''), upper(''), 'V_02', '0', '0', '1', '', '', '');      SELECT MAX(IFNULL(SUBSTR(COLUMN_NAME,4),0))+1 INTO V_EXTCOLUME_NUM  FROM E_USER_EXT_COLUMN_ATTR;         INSERT INTO E_USER_EXT_COLUMN_ATTR(ATTR_CODE,COLUMN_NAME) VALUES('q', CONCAT('EXT',V_EXTCOLUME_NUM));         COMMIT;     end */$$
DELIMITER ;

/* Procedure structure for procedure `tmp_e_user_attr_dim_edit` */

/*!50003 DROP PROCEDURE IF EXISTS  `tmp_e_user_attr_dim_edit` */;

DELIMITER $$

/*!50003 CREATE DEFINER=`root`@`%` PROCEDURE `tmp_e_user_attr_dim_edit`()
begin     update e_user_attr_dim        set          parent_code='1',            attr_name = '区县',            attr_desc = '区县',            code_table = upper('EASY_FRAME.CMCODE_CITY'),            code_key = upper('CITY_NO'),            code_parent_key = upper('AREA_NO'),            code_desc = upper('CITY_DESC'),            code_ord = upper('CITY_NO'),            data_type = 'V_01',            multi = '0',            attr_ord = '0',            is_null = '1',            default_value = '',            default_desc = '',            subsystem_id = ''      where attr_code='CITY_NO';    end */$$
DELIMITER ;

/* Procedure structure for procedure `tmp_e_user_attr_dim_remove` */

/*!50003 DROP PROCEDURE IF EXISTS  `tmp_e_user_attr_dim_remove` */;

DELIMITER $$

/*!50003 CREATE DEFINER=`root`@`%` PROCEDURE `tmp_e_user_attr_dim_remove`()
begin      delete from e_user_attr_dim where attr_code='w';      delete from E_USER_ATTRIBUTE where attr_code='w';      UPDATE E_USER SET EXT7=null;      DELETE FROM E_USER_EXT_COLUMN_ATTR WHERE ATTR_CODE='w';      COMMIT;     end */$$
DELIMITER ;

/* Procedure structure for procedure `tmp_proc_e_user_add` */

/*!50003 DROP PROCEDURE IF EXISTS  `tmp_proc_e_user_add` */;

DELIMITER $$

/*!50003 CREATE DEFINER=`root`@`%` PROCEDURE `tmp_proc_e_user_add`()
begin       declare v_user_id varchar(30);       declare v_max_manager_id varchar(30);                    select max(t.ext15)+1 into v_max_manager_id from e_user t;                                   insert into E_USER(login_id,password,user_name,admin,sex,email,mobile,telephone,state,pwd_state,memo,reg_date,update_date,reg_user,update_user) values('yuyang','yuyang','于洋',0,0,'','1111','',1,0,'',now(),now(),'101','101');                     SELECT LAST_INSERT_ID() INTO v_user_id;                                               insert into E_USER_ATTRIBUTE values(v_user_id,'AREA_NO','431',now(),now(),'101','101');                                                                                                                                                                                          UPDATE E_USER SET EXT8='431' WHERE USER_ID=v_user_id;                                                                                                                                               insert into E_USER_ACCOUNT (ACCOUNT_CODE,user_id) values('10011',v_user_id );               end */$$
DELIMITER ;

/* Procedure structure for procedure `tmp_proc_e_user_edit` */

/*!50003 DROP PROCEDURE IF EXISTS  `tmp_proc_e_user_edit` */;

DELIMITER $$

/*!50003 CREATE DEFINER=`root`@`%` PROCEDURE `tmp_proc_e_user_edit`()
begin                  update E_USER set login_id='ceshi',user_name='测试',admin=0,sex=0,email='',mobile='',telephone='',state=1,memo='',update_date=now(),update_user='101' where user_id='870';            delete from E_USER_ATTRIBUTE where user_id='870';                                                      delete from E_USER_ACCOUNT where user_id='870';                       insert into E_USER_ACCOUNT (ACCOUNT_CODE,user_id) values('10010','870');                     insert into E_USER_ACCOUNT (ACCOUNT_CODE,user_id) values('10011','870');             end */$$
DELIMITER ;

/* Procedure structure for procedure `tmp_proc_e_user_ext_column_attr` */

/*!50003 DROP PROCEDURE IF EXISTS  `tmp_proc_e_user_ext_column_attr` */;

DELIMITER $$

/*!50003 CREATE DEFINER=`root`@`%` PROCEDURE `tmp_proc_e_user_ext_column_attr`()
begin       DECLARE V_ATTR_CODE VARCHAR(255);       DECLARE V_COLUMN_NAME VARCHAR(255);       DECLARE doing INT DEFAULT TRUE;       DECLARE cur CURSOR FOR SELECT ATTR_CODE,concat('EXT',@rownum:=@rownum+1) as COLUMN_NAME FROM (SELECT @rownum:=0) R, E_USER_ATTR_DIM T where NOT EXISTS (SELECT 1 FROM e_user_ext_column_attr WHERE ATTR_CODE=T.ATTR_CODE) ;       DECLARE CONTINUE HANDLER FOR NOT FOUND SET doing = FALSE;       OPEN cur;       WHILE doing DO        FETCH cur INTO V_ATTR_CODE, V_COLUMN_NAME;        insert into e_user_ext_column_attr(attr_code,column_name) values(V_ATTR_CODE,V_COLUMN_NAME);      END WHILE;      CLOSE cur;     end */$$
DELIMITER ;

/* Procedure structure for procedure `tmp_proc_e_user_role_edit` */

/*!50003 DROP PROCEDURE IF EXISTS  `tmp_proc_e_user_role_edit` */;

DELIMITER $$

/*!50003 CREATE DEFINER=`root`@`%` PROCEDURE `tmp_proc_e_user_role_edit`()
begin     declare v_menu_id varchar(500);     declare v_user_name varchar(30);     declare v_login_id varchar(30);     declare v_role_name  varchar(50);        select resources_id into v_menu_id from e_menu t LEFT JOIN D_SUBSYSTEM t1 ON t.ext1=t1.subsystem_id WHERE IFNULL(t1.subsystem_id,'-1')='-1' and t.url='pages/frame/portal/user/UserManager.jsp' limit 1 ;     select user_name, login_id into v_user_name,v_login_id from e_user where user_id='870';                   delete from e_user_role where role_code='230' and user_id='870';        select role_name into v_role_name from e_role where role_code='230';        insert into E_OPERATION_LOG(USER_ID,MENU_ID,OPERATE_TYPE_CODE,OPERATE_RESULT,CONTENT,CLIENT_IP,CREATE_DATE) VALUES('871',v_menu_id,'4','1',concat('用户　',v_user_name,'(',v_login_id,')',' 删除角色　',v_role_name,'(230)'),'127.0.0.1',now());                     end */$$
DELIMITER ;

/* Procedure structure for procedure `updateInd` */

/*!50003 DROP PROCEDURE IF EXISTS  `updateInd` */;

DELIMITER $$

/*!50003 CREATE DEFINER=`root`@`localhost` PROCEDURE `updateInd`(in indID varchar(20),in indName varchar(20),in indCode varchar(20),in indTypeCode varchar(20),in busExp varchar(2000),in skillExp varchar(2000),in otherExp varchar(2000),in orde varchar(20),in departmentCode varchar(20),in factoryCon varchar(20),in mainteMan varchar(20),in updateMan varchar(20),in iD varchar(20))
begin update e_ind_exp set ind_name=indName where ind_id=indID; update E_IND_EXP_DETAILS set ind_code=indCode,ind_type_code=indTypeCode, bus_exp=busExp,skill_exp=skillExp,other_exp=otherExp,ord=orde,department_code=departmentCode,factory_con=factoryCon,mainte_man=mainteMan,update_man=updateMan,update_time=now() where ind_id=indID and id=iD; end */$$
DELIMITER ;

/* Procedure structure for procedure `update_role` */

/*!50003 DROP PROCEDURE IF EXISTS  `update_role` */;

DELIMITER $$

/*!50003 CREATE DEFINER=`root`@`localhost` PROCEDURE `update_role`(in a1 varchar(50),in a2 varchar(500),in a3 int(10),in a4 varchar(30))
begin
update e_role set role_name=a1, memo=a2, ord=a3 where role_code=a4;
end */$$
DELIMITER ;

/* Procedure structure for procedure `update_user_attr_dim` */

/*!50003 DROP PROCEDURE IF EXISTS  `update_user_attr_dim` */;

DELIMITER $$

/*!50003 CREATE DEFINER=`root`@`localhost` PROCEDURE `update_user_attr_dim`(in attr_father_code varchar(30),in attrName varchar(30),in codeTable varchar(30),in codeKey varchar(30),in codePKey varchar(30),in codeDesc varchar(30),in codeOrd varchar(30),in ext_value_type varchar(30),in muni int(3),in ext_index int(10),in isNull int(3),in defaultValue varchar(30),in defaultDesc varchar(30),in attrCode varchar(30))
begin update e_user_attr_dim set  parent_code=attr_father_code, attr_name=attrName,code_table=codeTable, code_key=codeKey,code_parent_key=codePKey,code_desc=codeDesc,code_ord=codeOrd,data_type=ext_value_type,multi=muni,is_null=isNull,default_value=defaultValue,default_desc=defaultDesc where attr_code=attrCode; end */$$
DELIMITER ;

/* Procedure structure for procedure `user_deleteRole` */

/*!50003 DROP PROCEDURE IF EXISTS  `user_deleteRole` */;

DELIMITER $$

/*!50003 CREATE DEFINER=`root`@`localhost` PROCEDURE `user_deleteRole`(in user_id varchar(30),in role_code varchar(30))
begin delete from E_user_role where user_id=user_id and role_code=role_code; end */$$
DELIMITER ;

/*Table structure for table `consecutive_2year_mon` */

DROP TABLE IF EXISTS `consecutive_2year_mon`;

/*!50001 DROP VIEW IF EXISTS `consecutive_2year_mon` */;
/*!50001 DROP TABLE IF EXISTS `consecutive_2year_mon` */;

/*!50001 CREATE TABLE  `consecutive_2year_mon`(
 `acct_month` varchar(6) ,
 `acct_desc` varchar(8) 
)*/;

/*View structure for view consecutive_2year_mon */

/*!50001 DROP TABLE IF EXISTS `consecutive_2year_mon` */;
/*!50001 DROP VIEW IF EXISTS `consecutive_2year_mon` */;

/*!50001 CREATE ALGORITHM=UNDEFINED DEFINER=`root`@`localhost` SQL SECURITY DEFINER VIEW `consecutive_2year_mon` AS select date_format((now() + interval 0 month),_utf8'%Y%m') AS `acct_month`,replace(replace(date_format((now() + interval 0 month),_utf8'%Y/%m='),_utf8'/',_utf8'年'),_utf8'=',_utf8'月') AS `acct_desc` union all select date_format((now() + interval -(1) month),_utf8'%Y%m') AS `acct_month`,replace(replace(date_format((now() + interval -(1) month),_utf8'%Y/%m='),_utf8'/',_utf8'年'),_utf8'=',_utf8'月') AS `acct_desc` union all select date_format((now() + interval -(2) month),_utf8'%Y%m') AS `acct_month`,replace(replace(date_format((now() + interval -(2) month),_utf8'%Y/%m='),_utf8'/',_utf8'年'),_utf8'=',_utf8'月') AS `acct_desc` union all select date_format((now() + interval -(3) month),_utf8'%Y%m') AS `acct_month`,replace(replace(date_format((now() + interval -(3) month),_utf8'%Y/%m='),_utf8'/',_utf8'年'),_utf8'=',_utf8'月') AS `acct_desc` union all select date_format((now() + interval -(4) month),_utf8'%Y%m') AS `acct_month`,replace(replace(date_format((now() + interval -(4) month),_utf8'%Y/%m='),_utf8'/',_utf8'年'),_utf8'=',_utf8'月') AS `acct_desc` union all select date_format((now() + interval -(5) month),_utf8'%Y%m') AS `acct_month`,replace(replace(date_format((now() + interval -(5) month),_utf8'%Y/%m='),_utf8'/',_utf8'年'),_utf8'=',_utf8'月') AS `acct_desc` union all select date_format((now() + interval -(6) month),_utf8'%Y%m') AS `acct_month`,replace(replace(date_format((now() + interval -(6) month),_utf8'%Y/%m='),_utf8'/',_utf8'年'),_utf8'=',_utf8'月') AS `acct_desc` union all select date_format((now() + interval -(7) month),_utf8'%Y%m') AS `acct_month`,replace(replace(date_format((now() + interval -(7) month),_utf8'%Y/%m='),_utf8'/',_utf8'年'),_utf8'=',_utf8'月') AS `acct_desc` union all select date_format((now() + interval -(8) month),_utf8'%Y%m') AS `acct_month`,replace(replace(date_format((now() + interval -(8) month),_utf8'%Y/%m='),_utf8'/',_utf8'年'),_utf8'=',_utf8'月') AS `acct_desc` union all select date_format((now() + interval -(9) month),_utf8'%Y%m') AS `acct_month`,replace(replace(date_format((now() + interval -(9) month),_utf8'%Y/%m='),_utf8'/',_utf8'年'),_utf8'=',_utf8'月') AS `acct_desc` union all select date_format((now() + interval -(10) month),_utf8'%Y%m') AS `acct_month`,replace(replace(date_format((now() + interval -(10) month),_utf8'%Y/%m='),_utf8'/',_utf8'年'),_utf8'=',_utf8'月') AS `acct_desc` union all select date_format((now() + interval -(11) month),_utf8'%Y%m') AS `acct_month`,replace(replace(date_format((now() + interval -(11) month),_utf8'%Y/%m='),_utf8'/',_utf8'年'),_utf8'=',_utf8'月') AS `acct_desc` union all select date_format((now() + interval -(12) month),_utf8'%Y%m') AS `acct_month`,replace(replace(date_format((now() + interval -(12) month),_utf8'%Y/%m='),_utf8'/',_utf8'年'),_utf8'=',_utf8'月') AS `acct_desc` union all select date_format((now() + interval -(13) month),_utf8'%Y%m') AS `acct_month`,replace(replace(date_format((now() + interval -(13) month),_utf8'%Y/%m='),_utf8'/',_utf8'年'),_utf8'=',_utf8'月') AS `acct_desc` union all select date_format((now() + interval -(14) month),_utf8'%Y%m') AS `acct_month`,replace(replace(date_format((now() + interval -(14) month),_utf8'%Y/%m='),_utf8'/',_utf8'年'),_utf8'=',_utf8'月') AS `acct_desc` union all select date_format((now() + interval -(15) month),_utf8'%Y%m') AS `acct_month`,replace(replace(date_format((now() + interval -(15) month),_utf8'%Y/%m='),_utf8'/',_utf8'年'),_utf8'=',_utf8'月') AS `acct_desc` union all select date_format((now() + interval -(16) month),_utf8'%Y%m') AS `acct_month`,replace(replace(date_format((now() + interval -(16) month),_utf8'%Y/%m='),_utf8'/',_utf8'年'),_utf8'=',_utf8'月') AS `acct_desc` union all select date_format((now() + interval -(17) month),_utf8'%Y%m') AS `acct_month`,replace(replace(date_format((now() + interval -(17) month),_utf8'%Y/%m='),_utf8'/',_utf8'年'),_utf8'=',_utf8'月') AS `acct_desc` union all select date_format((now() + interval -(18) month),_utf8'%Y%m') AS `acct_month`,replace(replace(date_format((now() + interval -(18) month),_utf8'%Y/%m='),_utf8'/',_utf8'年'),_utf8'=',_utf8'月') AS `acct_desc` union all select date_format((now() + interval -(19) month),_utf8'%Y%m') AS `acct_month`,replace(replace(date_format((now() + interval -(19) month),_utf8'%Y/%m='),_utf8'/',_utf8'年'),_utf8'=',_utf8'月') AS `acct_desc` union all select date_format((now() + interval -(20) month),_utf8'%Y%m') AS `acct_month`,replace(replace(date_format((now() + interval -(20) month),_utf8'%Y/%m='),_utf8'/',_utf8'年'),_utf8'=',_utf8'月') AS `acct_desc` union all select date_format((now() + interval -(21) month),_utf8'%Y%m') AS `acct_month`,replace(replace(date_format((now() + interval -(21) month),_utf8'%Y/%m='),_utf8'/',_utf8'年'),_utf8'=',_utf8'月') AS `acct_desc` union all select date_format((now() + interval -(22) month),_utf8'%Y%m') AS `acct_month`,replace(replace(date_format((now() + interval -(22) month),_utf8'%Y/%m='),_utf8'/',_utf8'年'),_utf8'=',_utf8'月') AS `acct_desc` union all select date_format((now() + interval -(23) month),_utf8'%Y%m') AS `acct_month`,replace(replace(date_format((now() + interval -(23) month),_utf8'%Y/%m='),_utf8'/',_utf8'年'),_utf8'=',_utf8'月') AS `acct_desc` */;

/*!40101 SET SQL_MODE=@OLD_SQL_MODE */;
/*!40014 SET UNIQUE_CHECKS=@OLD_UNIQUE_CHECKS */;
/*!40111 SET SQL_NOTES=@OLD_SQL_NOTES */;
